tick,sim_time_s,leader_x,leader_y,leader_speed_kmh,follower_x,follower_y,follower_speed_kmh,distance_m,ttc_s,follower_throttle,follower_steer,follower_brake,collision_detected
0,0.0,581.373,-13.603,49.18,596.36,-13.493,50.75,14.988,34.345,0.0,0.0,1.0,0
1,0.05,580.695,-13.608,48.77,595.67,-13.498,49.15,14.976,142.509,0.0,0.0,1.0,0
2,0.1,580.015,-13.613,48.99,595.071,-13.503,39.96,15.056,-1,0.0,0.0,1.0,0
3,0.15,579.337,-13.618,48.77,594.584,-13.506,32.12,15.248,-1,0.0,0.0,1.0,0
4,0.2,578.658,-13.623,48.94,594.192,-13.509,25.83,15.535,-1,0.0,0.0,1.0,0
5,0.25,577.98,-13.628,48.75,593.879,-13.512,20.53,15.9,-1,0.0,0.038,1.0,0
6,0.3,577.302,-13.633,48.91,593.634,-13.516,15.91,16.332,-1,0.75,0.015,0.0,0
7,0.35,576.624,-13.638,48.73,593.452,-13.518,11.18,16.829,-1,0.75,0.035,0.0,0
8,0.4,575.948,-13.643,48.38,593.301,-13.521,10.86,17.353,-1,0.75,0.02,0.0,0
9,0.45,575.282,-13.648,47.75,593.149,-13.528,10.96,17.867,-1,0.75,0.217,0.0,0
10,0.5,574.62,-13.653,47.62,592.998,-13.536,10.81,18.378,-1,0.75,0.064,0.0,0
11,0.55,573.958,-13.657,47.78,592.847,-13.547,10.93,18.89,-1,0.75,0.128,0.0,0
12,0.6,573.291,-13.662,48.17,592.696,-13.557,10.79,19.406,-1,0.75,0.057,0.0,0
13,0.65,572.618,-13.667,48.69,592.546,-13.569,10.89,19.929,-1,0.75,0.254,0.0,0
14,0.7,571.937,-13.672,49.3,592.397,-13.586,10.72,20.461,-1,0.75,0.169,0.0,0
15,0.75,571.246,-13.677,49.97,592.249,-13.608,10.83,21.003,-1,0.75,0.239,0.0,0
16,0.8,570.546,-13.682,50.67,592.091,-13.638,12.54,21.545,-1,0.75,0.321,0.0,0
17,0.85,569.836,-13.688,51.4,591.907,-13.679,14.38,22.07,-1,0.75,0.321,0.0,0
18,0.9,569.116,-13.693,52.15,591.7,-13.726,15.87,22.584,-1,0.75,0.223,0.0,0
19,0.95,568.386,-13.698,52.9,591.474,-13.77,17.0,23.089,-1,0.75,-0.062,0.0,0
20,1.0,567.645,-13.704,53.66,591.233,-13.802,17.93,23.588,-1,0.75,-0.082,0.0,0
21,1.05,566.893,-13.709,54.42,590.977,-13.827,18.85,24.084,-1,0.75,-0.078,0.0,0
22,1.1,566.131,-13.715,55.18,590.711,-13.85,19.07,24.581,-1,0.75,-0.078,0.0,0
23,1.15,565.358,-13.72,55.94,590.44,-13.871,20.01,25.082,-1,0.75,-0.094,0.0,0
24,1.2,564.575,-13.726,56.7,590.162,-13.889,20.1,25.588,-1,0.75,-0.09,0.0,0
25,1.25,563.781,-13.732,57.46,589.88,-13.905,20.51,26.1,-1,0.75,-0.09,0.0,0
26,1.3,562.977,-13.738,58.21,589.593,-13.92,20.9,26.617,-1,0.75,-0.08,0.0,0
27,1.35,562.162,-13.744,58.97,589.298,-13.933,21.55,27.137,-1,0.75,-0.075,0.0,0
28,1.4,561.337,-13.75,59.71,588.994,-13.944,22.11,27.658,-1,0.75,-0.075,0.0,0
29,1.45,560.501,-13.756,60.46,588.681,-13.953,22.8,28.181,-1,0.093,-0.091,0.0,0
30,1.5,559.655,-13.762,61.2,588.362,-13.958,23.1,28.707,-1,0.105,-0.093,0.0,0
31,1.55,558.799,-13.768,61.93,588.039,-13.961,23.31,29.241,-1,0.099,-0.082,0.0,0
32,1.6,557.933,-13.774,62.67,587.716,-13.961,23.22,29.784,-1,0.093,-0.071,0.0,0
33,1.65,557.057,-13.78,63.39,587.395,-13.959,23.16,30.338,-1,0.087,-0.068,0.0,0
34,1.7,556.17,-13.786,64.12,587.075,-13.956,22.88,30.906,-1,0.08,-0.069,0.0,0
35,1.75,555.273,-13.792,64.84,586.759,-13.949,22.7,31.486,-1,0.074,-0.064,0.0,0
36,1.8,554.367,-13.798,65.56,586.447,-13.942,22.31,32.081,-1,0.068,-0.054,0.0,0
37,1.85,553.451,-13.804,66.27,586.14,-13.932,22.06,32.689,-1,0.062,-0.06,0.0,0
38,1.9,552.524,-13.809,66.98,585.837,-13.922,21.62,33.313,-1,0.055,-0.042,0.0,0
39,1.95,551.588,-13.815,67.69,585.539,-13.911,21.33,33.952,-1,0.049,-0.031,0.0,0
40,2.0,550.642,-13.82,68.39,585.247,-13.898,20.86,34.605,-1,0.493,-0.066,0.0,0
41,2.05,549.686,-13.825,69.09,584.96,-13.886,20.66,35.273,-1,0.75,0.007,0.0,0
42,2.1,548.721,-13.83,69.79,584.675,-13.876,20.45,35.954,-1,0.75,0.014,0.0,0
43,2.15,547.746,-13.834,70.48,584.39,-13.867,20.61,36.644,-1,0.75,0.009,0.0,0
44,2.2,546.761,-13.839,71.17,584.102,-13.859,20.8,37.341,-1,0.75,0.012,0.0,0
45,2.25,545.767,-13.843,71.85,583.81,-13.851,21.28,38.042,-1,0.75,0.009,0.0,0
46,2.3,544.764,-13.847,72.53,583.511,-13.843,21.67,38.747,-1,0.346,0.014,0.0,0
47,2.35,543.751,-13.85,73.21,583.206,-13.835,22.04,39.456,-1,0.0,0.009,0.0,0
48,2.4,542.728,-13.854,73.88,582.9,-13.829,22.03,40.172,-1,0.034,0.028,0.0,0
49,2.45,541.696,-13.857,74.55,582.594,-13.823,22.02,40.898,-1,0.034,0.024,0.0,0
50,2.5,540.655,-13.86,75.22,582.291,-13.818,21.75,41.636,-1,0.034,0.007,0.0,0
51,2.55,539.605,-13.863,75.88,581.99,-13.813,21.57,42.385,-1,0.034,0.013,0.0,0
52,2.6,538.546,-13.866,76.54,581.694,-13.81,21.17,43.148,-1,0.088,0.044,0.0,0
53,2.65,537.477,-13.869,77.2,581.402,-13.81,20.93,43.925,-1,0.746,0.075,0.0,0
54,2.7,536.4,-13.871,77.81,581.114,-13.811,20.62,44.715,-1,0.75,-0.006,0.0,0
55,2.75,535.315,-13.874,78.27,580.828,-13.809,20.65,45.513,-1,0.75,-0.006,0.0,0
56,2.8,534.226,-13.876,78.5,580.541,-13.809,20.71,46.315,-1,0.75,0.046,0.0,0
57,2.85,533.135,-13.879,78.49,580.25,-13.811,21.1,47.115,-1,0.75,0.036,0.0,0
58,2.9,532.047,-13.881,78.29,579.954,-13.814,21.45,47.908,-1,0.658,0.021,0.0,0
59,2.95,530.962,-13.883,77.98,579.652,-13.817,21.95,48.69,-1,0.183,0.018,0.0,0
60,3.0,529.882,-13.885,77.64,579.346,-13.819,22.09,49.464,-1,0.02,-0.001,0.0,0
61,3.05,528.806,-13.888,77.34,579.038,-13.822,22.17,50.232,-1,0.058,0.02,0.0,0
62,3.1,527.734,-13.89,77.13,578.732,-13.827,21.97,50.998,-1,0.052,0.03,0.0,0
63,3.15,526.663,-13.892,77.03,578.428,-13.831,21.85,51.765,-1,0.045,0.007,0.0,0
64,3.2,525.593,-13.894,77.06,578.127,-13.836,21.49,52.534,-1,0.039,0.004,0.0,0
65,3.25,524.522,-13.896,77.17,577.831,-13.839,21.28,53.309,-1,0.21,-0.01,0.0,0
66,3.3,523.449,-13.898,77.33,577.538,-13.841,20.91,54.089,-1,0.21,-0.01,0.0,0
67,3.35,522.373,-13.9,77.5,577.249,-13.844,20.74,54.876,-1,0.75,0.001,0.0,0
68,3.4,521.296,-13.902,77.65,576.963,-13.847,20.53,55.668,-1,0.75,0.001,0.0,0
69,3.45,520.216,-13.904,77.74,576.677,-13.849,20.66,56.461,-1,0.75,-0.01,0.0,0
70,3.5,519.136,-13.905,77.77,576.389,-13.851,20.83,57.253,-1,0.75,-0.01,0.0,0
71,3.55,518.056,-13.907,77.75,576.096,-13.852,21.3,58.04,-1,0.75,-0.01,0.0,0
72,3.6,516.977,-13.909,77.68,575.797,-13.853,21.68,58.82,-1,0.356,-0.016,0.0,0
73,3.65,515.899,-13.911,77.6,575.492,-13.853,22.09,59.593,-1,0.356,-0.016,0.0,0
74,3.7,514.822,-13.913,77.52,575.184,-13.853,22.22,60.362,-1,0.057,-0.004,0.0,0
75,3.75,513.746,-13.915,77.45,574.875,-13.854,22.31,61.129,-1,0.051,0.016,0.0,0
76,3.8,512.67,-13.917,77.41,574.566,-13.856,22.11,61.896,-1,0.045,0.011,0.0,0
77,3.85,511.595,-13.919,77.41,574.26,-13.858,21.98,62.665,-1,0.038,-0.008,0.0,0
78,3.9,510.52,-13.922,77.42,573.958,-13.859,21.63,63.438,-1,0.035,0.002,0.0,0
79,3.95,509.445,-13.924,77.46,573.659,-13.861,21.39,64.215,-1,0.034,-0.003,0.0,0
80,4.0,508.368,-13.926,77.5,573.366,-13.862,20.96,64.997,-1,0.383,0.009,0.0,0
81,4.05,507.292,-13.928,77.54,573.076,-13.865,20.78,65.785,-1,0.75,0.006,0.0,0
82,4.1,506.215,-13.93,77.57,572.789,-13.867,20.6,66.575,-1,0.75,0.006,0.0,0
83,4.15,505.137,-13.933,77.58,572.502,-13.869,20.77,67.365,-1,0.75,-0.001,0.0,0
84,4.2,504.059,-13.935,77.63,572.212,-13.871,20.97,68.153,-1,0.75,0.002,0.0,0
85,4.25,502.98,-13.938,77.83,571.917,-13.873,21.46,68.937,-1,0.75,0.001,0.0,0
86,4.3,501.896,-13.94,78.15,571.615,-13.875,21.91,69.719,-1,0.75,0.001,0.0,0
87,4.35,500.808,-13.943,78.55,571.306,-13.878,22.54,70.498,-1,0.016,0.002,0.0,0
88,4.4,499.713,-13.945,79.02,570.99,-13.88,22.79,71.277,-1,0.016,0.002,0.0,0
89,4.45,498.611,-13.948,79.54,570.672,-13.883,22.93,72.061,-1,0.043,0.009,0.0,0
90,4.5,497.502,-13.95,80.08,570.355,-13.886,22.77,72.853,-1,0.036,0.003,0.0,0
91,4.55,496.385,-13.953,80.65,570.04,-13.889,22.65,73.655,-1,0.031,-0.001,0.0,0
92,4.6,495.26,-13.956,81.23,569.728,-13.892,22.3,74.468,-1,0.029,0.005,0.0,0
93,4.65,494.126,-13.958,81.82,569.42,-13.895,22.07,75.294,-1,0.029,0.005,0.0,0
94,4.7,492.985,-13.961,82.42,569.117,-13.899,21.62,76.133,-1,0.029,0.012,0.0,0
95,4.75,491.835,-13.964,83.03,568.82,-13.902,21.32,76.985,-1,0.029,-0.004,0.0,0
96,4.8,490.677,-13.966,83.63,568.528,-13.906,20.84,77.851,-1,0.493,0.004,0.0,0
97,4.85,489.51,-13.969,84.24,568.24,-13.909,20.62,78.73,-1,0.75,-0.01,0.0,0
98,4.9,488.335,-13.972,84.85,567.956,-13.911,20.4,79.62,-1,0.75,0.005,0.0,0
99,4.95,487.152,-13.975,85.45,567.671,-13.915,20.54,80.52,-1,0.75,0.005,0.0,0
100,5.0,485.96,-13.978,86.06,567.385,-13.918,20.71,81.425,-1,0.75,-0.001,0.0,0
101,5.05,484.76,-13.981,86.66,567.093,-13.921,21.18,82.334,-1,0.75,-0.007,0.0,0
102,5.1,483.551,-13.983,87.26,566.796,-13.923,21.57,83.245,-1,0.499,-0.004,0.0,0
103,5.15,482.334,-13.986,87.86,566.492,-13.925,22.01,84.158,-1,0.0,-0.01,0.0,0
104,5.2,481.109,-13.989,88.45,566.186,-13.927,22.06,85.077,-1,0.033,-0.007,0.0,0
105,5.25,479.875,-13.992,89.05,565.879,-13.929,22.09,86.004,-1,0.036,-0.003,0.0,0
106,5.3,478.634,-13.995,89.64,565.574,-13.932,21.85,86.941,-1,0.035,0.011,0.0,0
107,5.35,477.384,-13.998,90.22,565.272,-13.936,21.69,87.888,-1,0.035,0.02,0.0,0
108,5.4,476.126,-14.001,90.81,564.974,-13.94,21.3,88.848,-1,0.035,0.014,0.0,0
109,5.45,474.86,-14.004,91.39,564.68,-13.944,21.07,89.82,-1,0.532,-0.012,0.0,0
110,5.5,473.586,-14.007,91.97,564.391,-13.947,20.73,90.805,-1,0.75,0.006,0.0,0
111,5.55,472.304,-14.01,92.54,564.103,-13.95,20.72,91.799,-1,0.75,-0.001,0.0,0
112,5.6,471.014,-14.013,93.11,563.815,-13.953,20.75,92.802,-1,0.75,-0.009,0.0,0
113,5.65,469.716,-14.015,93.68,563.524,-13.956,21.11,93.809,-1,0.75,-0.004,0.0,0
114,5.7,468.41,-14.018,94.25,563.229,-13.959,21.43,94.819,-1,0.646,0.013,0.0,0
115,5.75,467.096,-14.021,94.81,562.927,-13.963,21.9,95.831,-1,0.213,0.0,0.0,0
116,5.8,465.775,-14.024,95.37,562.621,-13.966,22.03,96.846,-1,0.014,-0.006,0.0,0
117,5.85,464.446,-14.027,95.93,562.315,-13.969,22.11,97.869,-1,0.056,-0.008,0.0,0
118,5.9,463.109,-14.03,96.48,562.009,-13.972,21.9,98.901,-1,0.05,0.006,0.0,0
119,5.95,461.764,-14.033,97.04,561.706,-13.975,21.77,99.942,-1,0.044,0.003,0.0,0
120,6.0,460.412,-14.036,97.58,561.406,-13.979,21.42,100.995,-1,0.038,0.017,0.0,0
121,6.05,459.052,-14.039,98.13,561.111,-13.983,21.2,102.059,-1,0.338,-0.001,0.0,0
122,6.1,457.684,-14.042,98.67,560.819,-13.987,20.88,103.135,-1,0.649,0.009,0.0,0
123,6.15,456.309,-14.045,99.21,560.53,-13.991,20.88,104.22,-1,0.75,-0.005,0.0,0
124,6.2,454.927,-14.048,99.75,560.239,-13.995,20.92,105.312,-1,0.75,0.003,0.0,0
125,6.25,453.537,-14.051,100.28,559.946,-13.998,21.29,106.409,-1,0.75,-0.011,0.0,0
126,6.3,452.14,-14.053,100.82,559.647,-14.001,21.6,107.508,-1,0.371,-0.004,0.0,0
127,6.35,450.735,-14.055,101.34,559.344,-14.004,21.93,108.609,-1,0.0,-0.007,0.0,0
128,6.4,449.323,-14.057,101.87,559.04,-14.007,21.9,109.717,-1,0.049,0.006,0.0,0
129,6.45,447.904,-14.058,102.39,558.736,-14.01,21.87,110.832,-1,0.047,-0.024,0.0,0
130,6.5,446.478,-14.058,102.91,558.434,-14.011,21.6,111.957,-1,0.044,-0.007,0.0,0
131,6.55,445.044,-14.058,103.43,558.136,-14.013,21.43,113.092,-1,0.038,-0.0,0.0,0
132,6.6,443.603,-14.057,103.95,557.841,-14.015,21.05,114.238,-1,0.32,-0.002,0.0,0
133,6.65,442.155,-14.056,104.46,557.55,-14.017,20.9,115.395,-1,0.75,0.004,0.0,0
134,6.7,440.7,-14.054,104.97,557.262,-14.02,20.74,116.562,-1,0.75,0.001,0.0,0
135,6.75,439.238,-14.051,105.48,556.972,-14.022,20.94,117.734,-1,0.75,-0.008,0.0,0
136,6.8,437.769,-14.047,105.98,556.68,-14.023,21.15,118.911,-1,0.75,-0.009,0.0,0
137,6.85,436.293,-14.043,106.48,556.382,-14.024,21.63,120.089,-1,0.611,-0.004,0.0,0
138,6.9,434.81,-14.038,106.98,556.079,-14.025,21.93,121.269,-1,0.0,-0.005,0.0,0
139,6.95,433.32,-14.033,107.48,555.772,-14.026,22.18,122.452,-1,0.044,-0.012,0.0,0
140,7.0,431.823,-14.027,107.97,555.465,-14.027,22.09,123.642,-1,0.044,-0.005,0.0,0
141,7.05,430.319,-14.021,108.46,555.158,-14.026,22.02,124.839,-1,0.043,-0.014,0.0,0
142,7.1,428.809,-14.014,108.95,554.855,-14.027,21.72,126.046,-1,0.04,0.005,0.0,0
143,7.15,427.291,-14.007,109.44,554.555,-14.028,21.52,127.263,-1,0.035,0.02,0.0,0
144,7.2,425.767,-14.0,109.92,554.259,-14.031,21.12,128.492,-1,0.169,0.014,0.0,0
145,7.25,424.237,-13.992,110.4,553.968,-14.033,20.91,129.731,-1,0.75,0.012,0.0,0
146,7.3,422.699,-13.984,110.88,553.68,-14.036,20.65,130.98,-1,0.75,0.002,0.0,0
147,7.35,421.155,-13.977,111.35,553.392,-14.039,20.74,132.237,-1,0.75,0.011,0.0,0
148,7.4,419.605,-13.969,111.83,553.104,-14.042,20.86,133.499,-1,0.75,0.015,0.0,0
149,7.45,418.048,-13.961,112.3,552.81,-14.047,21.29,134.762,-1,0.75,0.02,0.0,0
150,7.5,416.484,-13.954,112.77,552.512,-14.05,21.64,136.027,-1,0.357,-0.033,0.0,0
151,7.55,414.914,-13.946,113.23,552.208,-14.052,21.99,137.293,-1,0.0,0.0,0.0,0
152,7.6,413.338,-13.939,113.7,551.902,-14.054,21.97,138.565,-1,0.051,0.008,0.0,0
153,7.65,411.755,-13.932,114.16,551.597,-14.057,21.96,139.842,-1,0.047,-0.005,0.0,0
154,7.7,410.165,-13.925,114.61,551.294,-14.06,21.7,141.129,-1,0.042,0.002,0.0,0
155,7.75,408.57,-13.918,115.07,550.994,-14.063,21.52,142.425,-1,0.042,0.002,0.0,0
156,7.8,406.968,-13.912,115.52,550.698,-14.066,21.15,143.731,-1,0.159,0.01,0.0,0
157,7.85,405.36,-13.906,115.98,550.407,-14.07,20.94,145.047,-1,0.159,0.01,0.0,0
158,7.9,403.745,-13.9,116.42,550.119,-14.073,20.58,146.374,-1,0.75,-0.006,0.0,0
159,7.95,402.124,-13.894,116.87,549.834,-14.076,20.49,147.71,-1,0.75,-0.004,0.0,0
160,8.0,400.497,-13.888,117.32,549.55,-14.079,20.43,149.053,-1,0.75,0.007,0.0,0
161,8.05,398.864,-13.882,117.76,549.264,-14.083,20.71,150.4,-1,0.75,0.005,0.0,0
162,8.1,397.225,-13.877,118.2,548.974,-14.085,20.99,151.749,-1,0.75,-0.029,0.0,0
163,8.15,395.58,-13.871,118.63,548.678,-14.084,21.54,153.099,-1,0.75,-0.044,0.0,0
164,8.2,393.929,-13.866,119.07,548.376,-14.078,21.96,154.447,-1,0.0,-0.116,0.0,0
165,8.25,392.271,-13.861,119.5,548.067,-14.072,22.33,155.796,-1,0.046,0.021,0.0,0
166,8.3,390.608,-13.856,119.93,547.757,-14.069,22.33,157.149,-1,0.057,0.019,0.0,0
167,8.35,388.939,-13.85,120.36,547.447,-14.069,22.32,158.508,-1,0.051,0.017,0.0,0
168,8.4,387.263,-13.845,120.79,547.139,-14.069,22.06,159.876,-1,0.045,0.032,0.0,0
169,8.45,385.582,-13.84,121.21,546.834,-14.071,21.89,161.252,-1,0.04,0.022,0.0,0
170,8.5,383.896,-13.835,121.63,546.533,-14.074,21.5,162.638,-1,0.038,0.021,0.0,0
171,8.55,382.203,-13.83,122.05,546.237,-14.076,21.26,164.034,-1,0.2,0.017,0.0,0
172,8.6,380.504,-13.824,122.47,545.944,-14.079,20.89,165.441,-1,0.576,0.009,0.0,0
173,8.65,378.8,-13.819,122.88,545.655,-14.082,20.8,166.856,-1,0.75,0.005,0.0,0
174,8.7,377.09,-13.813,123.29,545.367,-14.085,20.75,168.278,-1,0.75,-0.001,0.0,0
175,8.75,375.374,-13.808,123.7,545.077,-14.086,21.04,169.703,-1,0.75,-0.01,0.0,0
176,8.8,373.652,-13.802,124.11,544.782,-14.088,21.33,171.13,-1,0.75,-0.002,0.0,0
177,8.85,371.925,-13.796,124.52,544.482,-14.089,21.84,172.557,-1,0.359,-0.005,0.0,0
178,8.9,370.193,-13.79,124.92,544.176,-14.09,22.05,173.984,-1,0.0,-0.018,0.0,0
179,8.95,368.454,-13.784,125.32,543.869,-14.089,22.18,175.415,-1,0.049,-0.015,0.0,0
180,9.0,366.71,-13.777,125.72,543.562,-14.089,22.02,176.852,-1,0.042,-0.004,0.0,0
181,9.05,364.961,-13.771,126.12,543.257,-14.089,21.91,178.296,-1,0.036,0.0,0.0,0
182,9.1,363.206,-13.764,126.51,542.956,-14.09,21.57,179.75,-1,0.03,0.015,0.0,0
183,9.15,361.446,-13.758,126.91,542.658,-14.09,21.34,181.213,-1,0.084,-0.03,0.0,0
184,9.2,359.68,-13.751,127.3,542.365,-14.089,20.94,182.686,-1,0.456,0.015,0.0,0
185,9.25,357.908,-13.744,127.69,542.076,-14.091,20.79,184.167,-1,0.456,0.015,0.0,0
186,9.3,356.132,-13.737,128.07,541.789,-14.092,20.58,185.657,-1,0.75,0.007,0.0,0
187,9.35,354.35,-13.73,128.46,541.502,-14.094,20.72,187.152,-1,0.75,0.007,0.0,0
188,9.4,352.562,-13.723,128.84,541.213,-14.095,20.88,188.651,-1,0.75,0.005,0.0,0
189,9.45,350.77,-13.716,129.22,540.919,-14.096,21.35,190.15,-1,0.75,-0.011,0.0,0
190,9.5,348.972,-13.708,129.6,540.619,-14.096,21.73,191.648,-1,0.27,-0.01,0.0,0
191,9.55,347.169,-13.701,129.98,540.314,-14.097,22.07,193.146,-1,0.0,0.0,0.0,0
192,9.6,345.36,-13.694,130.35,540.008,-14.097,22.04,194.648,-1,0.054,-0.003,0.0,0
193,9.65,343.547,-13.687,130.73,539.702,-14.097,22.02,196.155,-1,0.049,-0.005,0.0,0
194,9.7,341.728,-13.679,131.1,539.398,-14.097,21.75,197.67,-1,0.049,-0.005,0.0,0
195,9.75,339.904,-13.672,131.47,539.097,-14.097,21.58,199.194,-1,0.037,-0.007,0.0,0
196,9.8,338.075,-13.665,131.83,538.801,-14.097,21.19,200.726,-1,0.072,0.008,0.0,0
197,9.85,336.241,-13.658,132.2,538.509,-14.097,20.96,202.268,-1,0.715,-0.0,0.0,0
198,9.9,334.402,-13.65,132.56,538.22,-14.097,20.64,203.819,-1,0.75,0.001,0.0,0
199,9.95,332.558,-13.643,132.92,537.934,-14.097,20.66,205.376,-1,0.75,-0.006,0.0,0
200,10.0,330.709,-13.636,133.28,537.646,-14.097,20.72,206.938,-1,0.75,0.001,0.0,0
201,10.05,328.855,-13.629,133.63,537.356,-14.097,21.1,208.501,-1,0.75,-0.002,0.0,0
202,10.1,326.996,-13.622,133.97,537.06,-14.097,21.44,210.064,-1,0.651,-0.004,0.0,0
203,10.15,325.133,-13.615,134.31,536.758,-14.096,21.93,211.626,-1,0.193,-0.001,0.0,0
204,10.2,323.264,-13.608,134.65,536.452,-14.096,22.06,213.188,-1,0.015,0.001,0.0,0
205,10.25,321.392,-13.602,134.98,536.145,-14.096,22.14,214.754,-1,0.055,-0.002,0.0,0
206,10.3,319.514,-13.595,135.3,535.839,-14.096,21.94,216.325,-1,0.05,0.004,0.0,0
207,10.35,317.632,-13.588,135.62,535.535,-14.095,21.81,217.903,-1,0.043,-0.01,0.0,0
208,10.4,315.746,-13.582,135.94,535.235,-14.094,21.46,219.49,-1,0.037,0.001,0.0,0
209,10.45,313.855,-13.575,136.25,534.939,-14.094,21.24,221.084,-1,0.274,-0.0,0.0,0
210,10.5,311.96,-13.568,136.56,534.647,-14.094,20.9,222.687,-1,0.597,0.002,0.0,0
211,10.55,310.061,-13.562,136.86,534.357,-14.093,20.87,224.296,-1,0.75,0.001,0.0,0
212,10.6,308.158,-13.555,137.15,534.067,-14.093,20.88,225.91,-1,0.75,0.009,0.0,0
213,10.65,306.251,-13.549,137.44,533.775,-14.093,21.22,227.524,-1,0.75,-0.003,0.0,0
214,10.7,304.34,-13.542,137.73,533.477,-14.093,21.51,229.138,-1,0.478,0.001,0.0,0
215,10.75,302.424,-13.536,138.01,533.175,-14.093,21.88,230.752,-1,0.09,-0.003,0.0,0
216,10.8,300.505,-13.529,138.29,532.871,-14.093,21.89,232.366,-1,0.028,0.002,0.0,0
217,10.85,298.582,-13.522,138.56,532.567,-14.093,21.89,233.985,-1,0.049,0.004,0.0,0
218,10.9,296.656,-13.516,138.83,532.265,-14.094,21.64,235.61,-1,0.045,0.016,0.0,0
219,10.95,294.725,-13.509,139.09,531.965,-14.095,21.47,237.241,-1,0.039,0.007,0.0,0
220,11.0,292.791,-13.503,139.35,531.67,-14.096,21.11,238.88,-1,0.242,0.003,0.0,0
221,11.05,290.854,-13.496,139.55,531.379,-14.098,20.94,240.525,-1,0.75,0.012,0.0,0
222,11.1,288.916,-13.489,139.53,531.09,-14.099,20.75,242.175,-1,0.75,0.002,0.0,0
223,11.15,286.981,-13.482,139.14,530.8,-14.1,20.9,243.82,-1,0.75,-0.009,0.0,0
224,11.2,285.055,-13.476,138.29,530.509,-14.1,21.08,245.455,-1,0.75,-0.016,0.0,0
225,11.25,283.144,-13.469,137.04,530.212,-14.099,21.55,247.068,-1,0.716,-0.012,0.0,0
226,11.3,281.254,-13.463,135.5,529.91,-14.1,21.92,248.657,-1,0.0,0.013,0.0,0
227,11.35,279.386,-13.456,133.74,529.602,-14.099,22.23,250.217,-1,0.032,-0.025,0.0,0
228,11.4,277.545,-13.45,131.84,529.294,-14.097,22.18,251.75,-1,0.032,-0.025,0.0,0
229,11.45,275.73,-13.443,129.83,528.986,-14.095,22.14,253.256,-1,0.044,0.004,0.0,0
230,11.5,273.945,-13.437,127.75,528.681,-14.094,21.85,254.737,-1,0.042,0.006,0.0,0
231,11.55,272.188,-13.431,125.64,528.379,-14.092,21.66,256.192,-1,0.037,-0.012,0.0,0
232,11.6,270.461,-13.425,123.51,528.081,-14.091,21.26,257.621,-1,0.032,-0.003,0.0,0
233,11.65,268.763,-13.419,121.39,527.788,-14.089,21.01,259.026,-1,0.582,-0.002,0.0,0
234,11.7,267.095,-13.413,119.28,527.5,-14.087,20.57,260.406,-1,0.0,0.003,1.0,0
235,11.75,265.456,-13.407,117.22,527.217,-14.087,20.2,261.763,-1,0.0,0.009,1.0,0
236,11.8,263.844,-13.402,115.24,526.947,-14.086,18.29,263.104,-1,0.0,0.026,1.0,0
237,11.85,262.259,-13.396,113.37,526.734,-14.086,13.47,264.475,-1,0.0,0.033,1.0,0
238,11.9,260.699,-13.39,111.66,526.587,-14.087,8.63,265.889,-1,0.0,0.046,1.0,0
239,11.95,259.161,-13.385,110.1,526.508,-14.088,3.83,267.347,-1,0.75,0.036,0.0,0
240,12.0,257.644,-13.379,108.7,526.49,-14.088,0.02,268.847,-1,0.75,0.038,0.0,0
241,12.05,256.145,-13.374,107.44,526.478,-14.088,1.44,270.334,-1,0.75,-0.006,0.0,0
242,12.1,254.663,-13.368,106.28,526.448,-14.089,2.61,271.786,-1,0.75,0.048,0.0,0
243,12.15,253.195,-13.363,105.2,526.403,-14.09,3.56,273.209,-1,0.75,0.041,0.0,0
244,12.2,251.743,-13.357,104.15,526.345,-14.092,4.52,274.603,-1,0.75,0.046,0.0,0
245,12.25,250.305,-13.352,103.08,526.273,-14.094,5.58,275.968,-1,0.75,0.049,0.0,0
246,12.3,248.883,-13.347,101.98,526.188,-14.097,6.46,277.306,-1,0.75,0.04,0.0,0
247,12.35,247.476,-13.341,100.83,526.09,-14.1,7.36,278.616,-1,0.75,0.051,0.0,0
248,12.4,246.085,-13.336,99.62,525.981,-14.105,8.28,279.896,-1,0.75,0.053,0.0,0
249,12.45,244.712,-13.331,98.36,525.858,-14.109,9.2,281.147,-1,0.75,0.033,0.0,0
250,12.5,243.357,-13.325,97.05,525.723,-14.113,10.12,282.367,-1,0.75,0.018,0.0,0
251,12.55,242.02,-13.32,95.73,525.574,-14.119,11.06,283.555,-1,0.75,0.044,0.0,0
252,12.6,240.702,-13.315,94.4,525.413,-14.125,11.91,284.713,-1,0.0,0.025,0.0,0
253,12.65,239.402,-13.31,93.08,525.244,-14.131,12.28,285.844,-1,0.0,0.038,1.0,0
254,12.7,238.12,-13.305,91.8,525.075,-14.138,12.16,286.956,-1,0.0,0.038,1.0,0
255,12.75,236.855,-13.3,90.56,524.909,-14.143,11.7,288.056,-1,0.0,-0.032,1.0,0
256,12.8,235.607,-13.296,89.37,524.751,-14.148,11.23,289.145,-1,0.08,0.044,0.0,0
257,12.85,234.376,-13.291,88.23,524.598,-14.155,11.02,290.223,-1,0.08,0.039,0.0,0
258,12.9,233.159,-13.286,87.13,524.446,-14.162,10.89,291.288,-1,0.08,0.031,0.0,0
259,12.95,231.958,-13.282,86.07,524.296,-14.169,10.76,292.339,-1,0.073,0.03,0.0,0
260,13.0,230.771,-13.277,85.03,524.148,-14.176,10.64,293.378,-1,0.145,0.024,0.0,0
261,13.05,229.599,-13.273,84.01,524.001,-14.184,10.58,294.403,-1,0.321,0.042,0.0,0
262,13.1,228.441,-13.269,83.0,523.853,-14.192,10.65,295.414,-1,0.384,0.025,0.0,0
263,13.15,227.296,-13.264,81.98,523.705,-14.199,10.77,296.41,-1,0.245,0.012,0.0,0
264,13.2,226.166,-13.26,80.97,523.555,-14.206,10.84,297.39,-1,0.052,0.005,0.0,0
265,13.25,225.05,-13.256,79.95,523.404,-14.212,10.8,298.356,-1,0.032,0.01,0.0,0
266,13.3,223.948,-13.252,78.92,523.255,-14.219,10.69,299.309,-1,0.039,0.008,0.0,0
267,13.35,222.86,-13.248,77.91,523.108,-14.225,10.59,300.249,-1,0.204,0.01,0.0,0
268,13.4,221.787,-13.244,76.9,522.961,-14.231,10.57,301.176,-1,0.348,-0.01,0.0,0
269,13.45,220.727,-13.241,75.9,522.814,-14.237,10.66,302.088,-1,0.345,-0.01,0.0,0
270,13.5,219.681,-13.237,74.92,522.665,-14.241,10.76,302.986,-1,0.19,-0.027,0.0,0
271,13.55,218.649,-13.233,73.96,522.515,-14.245,10.8,303.868,-1,0.033,-0.022,0.0,0
272,13.6,217.629,-13.229,73.02,522.366,-14.25,10.72,304.738,-1,0.007,-0.015,0.0,0
273,13.65,216.623,-13.226,72.1,522.218,-14.254,10.62,305.597,-1,0.136,-0.023,0.0,0
274,13.7,215.629,-13.222,71.19,522.071,-14.257,10.56,306.444,-1,0.297,-0.022,0.0,0
275,13.75,214.648,-13.219,70.3,521.924,-14.26,10.62,307.278,-1,0.363,-0.024,0.0,0
276,13.8,213.679,-13.215,69.43,521.776,-14.264,10.72,308.099,-1,0.258,-0.018,0.0,0
277,13.85,212.722,-13.212,68.56,521.626,-14.267,10.79,308.907,-1,0.091,-0.025,0.0,0
278,13.9,211.777,-13.209,67.7,521.477,-14.27,10.76,309.702,-1,0.005,-0.022,0.0,0
279,13.95,210.844,-13.205,66.84,521.328,-14.272,10.66,310.486,-1,0.083,-0.027,0.0,0
280,14.0,209.922,-13.202,66.0,521.181,-14.275,10.58,311.26,-1,0.234,-0.016,0.0,0
281,14.05,209.013,-13.199,65.16,521.034,-14.277,10.6,312.023,-1,0.339,-0.017,0.0,0
282,14.1,208.115,-13.196,64.23,520.886,-14.279,10.68,312.773,-1,0.298,-0.02,0.0,0
283,14.15,207.233,-13.193,63.06,520.737,-14.282,10.77,313.506,-1,0.156,-0.019,0.0,0
284,14.2,206.367,-13.19,61.8,520.587,-14.284,10.77,314.222,-1,0.037,-0.023,0.0,0
285,14.25,205.52,-13.187,60.53,520.438,-14.285,10.7,314.92,-1,0.056,-0.021,0.0,0
286,14.3,204.689,-13.184,59.31,520.29,-14.287,10.62,315.603,-1,0.174,-0.016,0.0,0
287,14.35,203.875,-13.181,58.15,520.143,-14.288,10.6,316.27,-1,0.294,-0.021,0.0,0
288,14.4,203.077,-13.178,57.05,519.995,-14.289,10.65,316.921,-1,0.306,-0.024,0.0,0
289,14.45,202.293,-13.175,56.05,519.847,-14.29,10.73,317.556,-1,0.206,-0.028,0.0,0
290,14.5,201.522,-13.173,55.16,519.697,-14.291,10.76,318.178,-1,0.086,-0.018,0.0,0
291,14.55,200.762,-13.17,54.4,519.548,-14.292,10.72,318.788,-1,0.058,-0.013,0.0,0
292,14.6,200.012,-13.167,53.74,519.4,-14.293,10.65,319.39,-1,0.135,-0.011,0.0,0
293,14.65,199.271,-13.165,53.18,519.253,-14.294,10.61,319.984,-1,0.245,-0.006,0.0,0
294,14.7,198.536,-13.162,52.67,519.105,-14.296,10.64,320.571,-1,0.289,-0.004,0.0,0
295,14.75,197.809,-13.159,52.18,518.957,-14.297,10.71,321.15,-1,0.231,-0.01,0.0,0
296,14.8,197.088,-13.156,51.69,518.808,-14.298,10.74,321.721,-1,0.129,-0.005,0.0,0
297,14.85,196.375,-13.154,51.18,518.658,-14.3,10.73,322.286,-1,0.081,0.008,0.0,0
298,14.9,195.668,-13.151,50.64,518.51,-14.303,10.67,322.844,-1,0.124,0.011,0.0,0
299,14.95,194.97,-13.148,50.07,518.362,-14.305,10.63,323.395,-1,0.207,-0.006,0.0,0
300,15.0,194.279,-13.146,49.47,518.214,-14.307,10.64,323.937,-1,0.26,0.008,0.0,0
301,15.05,193.597,-13.143,48.86,518.066,-14.309,10.69,324.471,-1,0.233,-0.001,0.0,0
302,15.1,192.924,-13.141,48.24,517.917,-14.311,10.73,324.996,-1,0.158,0.013,0.0,0
303,15.15,192.259,-13.138,47.63,517.768,-14.314,10.72,325.512,-1,0.109,0.009,0.0,0
304,15.2,191.602,-13.136,47.03,517.62,-14.317,10.69,326.02,-1,0.125,0.004,0.0,0
305,15.25,190.954,-13.133,46.44,517.472,-14.319,10.65,326.52,-1,0.184,-0.004,0.0,0
306,15.3,190.314,-13.131,45.87,517.324,-14.321,10.65,327.012,-1,0.231,-0.008,0.0,0
307,15.35,189.681,-13.129,45.32,517.176,-14.322,10.68,327.497,-1,0.225,0.001,0.0,0
308,15.4,189.056,-13.126,44.79,517.027,-14.324,10.71,327.973,-1,0.176,-0.005,0.0,0
309,15.45,188.438,-13.124,44.27,516.878,-14.326,10.71,328.442,-1,0.134,0.002,0.0,0
310,15.5,187.828,-13.122,43.76,516.73,-14.329,10.69,328.904,-1,0.134,0.01,0.0,0
311,15.55,187.224,-13.119,43.25,516.581,-14.331,10.67,329.359,-1,0.173,-0.002,0.0,0
312,15.6,186.628,-13.117,42.75,516.433,-14.333,10.66,329.808,-1,0.211,-0.001,0.0,0
313,15.65,186.038,-13.115,42.26,516.285,-14.335,10.68,330.249,-1,0.215,-0.006,0.0,0
314,15.7,185.455,-13.113,41.77,516.137,-14.336,10.7,330.684,-1,0.184,-0.018,0.0,0
315,15.75,184.879,-13.111,41.27,515.988,-14.337,10.71,331.111,-1,0.153,-0.004,0.0,0
316,15.8,184.31,-13.109,40.78,515.84,-14.338,10.69,331.532,-1,0.143,-0.017,0.0,0
317,15.85,183.748,-13.106,40.28,515.691,-14.339,10.68,331.946,-1,0.168,-0.008,0.0,0
318,15.9,183.193,-13.104,39.79,515.543,-14.339,10.67,332.353,-1,0.195,-0.025,0.0,0
319,15.95,182.644,-13.102,39.3,515.395,-14.34,10.67,332.753,-1,0.209,0.006,0.0,0
320,16.0,182.102,-13.1,38.82,515.247,-14.341,10.69,333.147,-1,0.189,-0.008,0.0,0
321,16.05,181.567,-13.098,38.35,515.098,-14.342,10.7,333.533,-1,0.162,-0.019,0.0,0
322,16.1,181.038,-13.096,37.89,514.949,-14.342,10.7,333.914,-1,0.151,-0.014,0.0,0
323,16.15,180.516,-13.094,37.44,514.801,-14.341,10.68,334.288,-1,0.168,-0.035,0.0,0
324,16.2,179.999,-13.093,36.99,514.653,-14.34,10.67,334.656,-1,0.189,-0.011,0.0,0
325,16.25,179.489,-13.091,36.55,514.504,-14.34,10.68,335.017,-1,0.197,-0.018,0.0,0
326,16.3,178.985,-13.089,36.12,514.356,-14.34,10.69,335.373,-1,0.183,-0.007,0.0,0
327,16.35,178.487,-13.087,35.69,514.208,-14.339,10.69,335.723,-1,0.167,-0.018,0.0,0
328,16.4,177.995,-13.085,35.27,514.059,-14.338,10.69,336.066,-1,0.161,-0.018,0.0,0
329,16.45,177.509,-13.083,34.85,513.911,-14.336,10.68,336.404,-1,0.172,-0.029,0.0,0
330,16.5,177.028,-13.082,34.43,513.762,-14.334,10.67,336.737,-1,0.172,-0.029,0.0,0
331,16.55,176.553,-13.08,34.02,513.614,-14.333,10.68,337.063,-1,0.198,-0.016,0.0,0
332,16.6,176.084,-13.078,33.61,513.466,-14.331,10.68,337.384,-1,0.19,-0.024,0.0,0
333,16.65,175.621,-13.076,33.2,513.317,-14.328,10.69,337.699,-1,0.177,-0.034,0.0,0
334,16.7,175.163,-13.075,32.8,513.169,-14.325,10.69,338.008,-1,0.164,-0.029,0.0,0
335,16.75,174.711,-13.073,32.41,513.021,-14.322,10.69,338.312,-1,0.165,-0.021,0.0,0
336,16.8,174.264,-13.072,32.02,512.872,-14.318,10.68,338.611,-1,0.171,-0.028,0.0,0
337,16.85,173.822,-13.07,31.63,512.724,-14.315,10.68,338.904,-1,0.189,-0.019,0.0,0
338,16.9,173.386,-13.069,31.25,512.576,-14.312,10.68,339.192,-1,0.187,-0.029,0.0,0
339,16.95,172.955,-13.067,30.88,512.427,-14.308,10.69,339.474,-1,0.184,-0.009,0.0,0
340,17.0,172.529,-13.065,30.51,512.279,-14.305,10.69,339.752,-1,0.167,-0.018,0.0,0
341,17.05,172.109,-13.064,30.14,512.13,-14.302,10.69,340.024,-1,0.167,-0.018,0.0,0
342,17.1,171.693,-13.063,29.78,511.982,-14.298,10.68,340.291,-1,0.171,-0.016,0.0,0
343,17.15,171.282,-13.061,29.43,511.834,-14.294,10.68,340.554,-1,0.182,-0.016,0.0,0
344,17.2,170.877,-13.06,29.07,511.686,-14.29,10.68,340.811,-1,0.185,-0.035,0.0,0
345,17.25,170.476,-13.058,28.72,511.537,-14.287,10.68,341.064,-1,0.189,0.015,0.0,0
346,17.3,170.08,-13.057,28.38,511.389,-14.284,10.69,341.311,-1,0.18,-0.01,0.0,0
347,17.35,169.688,-13.055,28.04,511.24,-14.28,10.69,341.554,-1,0.169,-0.006,0.0,0
348,17.4,169.302,-13.054,27.7,511.092,-14.277,10.69,341.792,-1,0.164,-0.003,0.0,0
349,17.45,168.92,-13.052,27.37,510.944,-14.273,10.68,342.026,-1,0.172,-0.009,0.0,0
350,17.5,168.543,-13.051,27.04,510.795,-14.271,10.68,342.255,-1,0.184,0.02,0.0,0
351,17.55,168.17,-13.05,26.71,510.647,-14.269,10.68,342.48,-1,0.194,0.007,0.0,0
352,17.6,167.801,-13.048,26.39,510.499,-14.267,10.69,342.699,-1,0.181,0.005,0.0,0
353,17.65,167.438,-13.047,26.07,510.35,-14.264,10.69,342.915,-1,0.165,-0.006,0.0,0
354,17.7,167.078,-13.046,25.76,510.202,-14.261,10.69,343.126,-1,0.163,-0.003,0.0,0
355,17.75,166.723,-13.044,25.45,510.053,-14.257,10.7,343.333,-1,0.247,-0.008,0.0,0
356,17.8,166.372,-13.043,25.15,509.905,-14.255,10.71,343.535,-1,0.144,0.018,0.0,0
357,17.85,166.025,-13.042,24.84,509.756,-14.253,10.74,343.733,-1,0.349,-0.002,0.0,0
358,17.9,165.683,-13.041,24.54,509.606,-14.25,10.8,343.925,-1,0.145,0.006,0.0,0
359,17.95,165.344,-13.039,24.25,509.455,-14.248,10.85,344.113,-1,0.0,0.017,0.0,0
360,18.0,165.01,-13.038,23.96,509.306,-14.247,10.71,344.298,-1,0.014,0.019,0.0,0
361,18.05,164.68,-13.037,23.67,509.158,-14.246,10.58,344.481,-1,0.162,0.008,0.0,0
362,18.1,164.353,-13.036,23.38,509.012,-14.244,10.52,344.661,-1,0.362,0.001,0.0,0
363,18.15,164.031,-13.034,23.1,508.865,-14.242,10.61,344.837,-1,0.418,0.002,0.0,0
364,18.2,163.712,-13.033,22.82,508.717,-14.239,10.76,345.006,-1,0.261,0.001,0.0,0
365,18.25,163.397,-13.032,22.55,508.566,-14.237,10.85,345.171,-1,0.025,-0.008,0.0,0
366,18.3,163.087,-13.031,22.28,508.416,-14.234,10.81,345.331,-1,0.006,-0.003,0.0,0
367,18.35,162.779,-13.03,22.01,508.267,-14.231,10.69,345.489,-1,0.015,-0.01,0.0,0
368,18.4,162.476,-13.029,21.75,508.119,-14.228,10.56,345.645,-1,0.198,-0.003,0.0,0
369,18.45,162.176,-13.027,21.48,507.973,-14.225,10.53,345.799,-1,0.379,-0.007,0.0,0
370,18.5,161.88,-13.027,21.23,507.826,-14.223,10.63,345.948,-1,0.395,0.001,0.0,0
371,18.55,161.587,-13.025,20.97,507.677,-14.221,10.78,346.092,-1,0.219,0.025,0.0,0
372,18.6,161.298,-13.025,20.72,507.527,-14.223,10.8,346.231,-1,0.013,0.266,0.0,0
373,18.65,161.012,-13.023,20.47,507.379,-14.234,10.65,346.369,-1,0.04,0.319,0.0,0
374,18.7,160.73,-13.022,20.22,507.232,-14.246,10.6,346.504,-1,0.399,-0.11,0.0,0
375,18.75,160.451,-13.021,19.98,507.085,-14.25,10.59,346.636,-1,0.333,-0.02,0.0,0
376,18.8,160.176,-13.02,19.74,506.938,-14.248,10.67,346.764,-1,0.299,-0.08,0.0,0
377,18.85,159.904,-13.019,19.5,506.789,-14.242,10.76,346.887,-1,0.183,-0.115,0.0,0
378,18.9,159.635,-13.019,19.27,506.639,-14.235,10.79,347.007,-1,0.084,-0.093,0.0,0
379,18.95,159.369,-13.017,19.04,506.49,-14.231,10.73,347.123,-1,0.049,0.021,0.0,0
380,19.0,159.107,-13.017,18.81,506.342,-14.23,10.65,347.237,-1,0.127,0.009,0.0,0
381,19.05,158.847,-13.015,18.58,506.194,-14.229,10.61,347.349,-1,0.249,0.013,0.0,0
382,19.1,158.591,-13.015,18.36,506.047,-14.229,10.64,347.458,-1,0.303,-0.002,0.0,0
383,19.15,158.338,-13.014,18.14,505.898,-14.227,10.71,347.563,-1,0.239,-0.008,0.0,0
384,19.2,158.087,-13.013,18.11,505.749,-14.227,10.75,347.664,-1,0.126,0.008,0.0,0
385,19.25,157.835,-13.012,18.04,505.6,-14.226,10.73,347.767,-1,0.07,0.014,0.0,0
386,19.3,157.585,-13.011,17.95,505.451,-14.226,10.68,347.869,-1,0.115,-0.003,0.0,0
387,19.35,157.345,-13.009,16.7,505.304,-14.224,10.63,347.961,-1,0.207,-0.01,0.0,0
388,19.4,157.118,-13.008,16.33,505.156,-14.223,10.64,348.04,-1,0.269,-0.005,0.0,0
389,19.45,156.891,-13.008,16.4,505.008,-14.221,10.69,348.119,-1,0.244,-0.009,0.0,0
390,19.5,156.661,-13.007,16.71,504.859,-14.22,10.73,348.2,-1,0.159,-0.007,0.0,0
391,19.55,156.424,-13.007,17.29,504.71,-14.217,10.73,348.288,-1,0.1,-0.024,0.0,0
392,19.6,156.178,-13.006,18.02,504.561,-14.215,10.69,348.385,-1,0.118,-0.016,0.0,0
393,19.65,155.921,-13.006,18.84,504.413,-14.211,10.65,348.495,-1,0.185,-0.034,0.0,0
394,19.7,155.656,-13.005,19.1,504.266,-14.208,10.65,348.612,-1,0.24,-0.024,0.0,0
395,19.75,155.39,-13.004,19.24,504.117,-14.204,10.68,348.73,-1,0.232,-0.029,0.0,0
396,19.8,155.118,-13.004,19.77,503.969,-14.2,10.71,348.853,-1,0.173,-0.011,0.0,0
397,19.85,154.839,-13.003,20.31,503.82,-14.197,10.72,348.983,-1,0.125,-0.011,0.0,0
398,19.9,154.55,-13.002,21.14,503.671,-14.193,10.69,349.123,-1,0.126,-0.021,0.0,0
399,19.95,154.25,-13.001,21.9,503.523,-14.189,10.66,349.275,-1,0.177,-0.02,0.0,0
400,20.0,153.937,-13.0,23.04,503.375,-14.185,10.65,349.44,-1,0.218,-0.024,0.0,0
401,20.05,153.609,-12.999,23.94,503.227,-14.18,10.68,349.62,-1,0.222,-0.027,0.0,0
402,20.1,153.268,-12.998,24.99,503.079,-14.176,10.7,349.813,-1,0.182,-0.003,0.0,0
403,20.15,152.912,-12.996,25.9,502.93,-14.172,10.71,350.02,-1,0.143,-0.002,0.0,0
404,20.2,152.544,-12.995,26.92,502.782,-14.17,10.69,350.239,-1,0.137,0.022,0.0,0
405,20.25,152.163,-12.994,27.82,502.633,-14.168,10.67,350.472,-1,0.172,0.002,0.0,0
406,20.3,151.768,-12.992,28.87,502.485,-14.165,10.66,350.72,-1,0.205,0.005,0.0,0
407,20.35,151.359,-12.991,29.75,502.337,-14.162,10.68,350.98,-1,0.209,0.0,0.0,0
408,20.4,150.937,-12.989,30.78,502.189,-14.159,10.7,351.253,-1,0.184,-0.006,0.0,0
409,20.45,150.502,-12.988,31.68,502.04,-14.156,10.7,351.539,-1,0.156,0.003,0.0,0
410,20.5,150.054,-12.986,32.71,501.891,-14.154,10.69,351.839,-1,0.149,0.013,0.0,0
411,20.55,149.592,-12.984,33.61,501.743,-14.153,10.67,352.153,-1,0.168,0.038,0.0,0
412,20.6,149.117,-12.982,34.64,501.595,-14.153,10.67,352.48,-1,0.204,0.05,0.0,0
413,20.65,148.628,-12.98,35.57,501.447,-14.154,10.68,352.821,-1,0.208,0.03,0.0,0
414,20.7,148.125,-12.978,36.61,501.298,-14.156,10.7,353.175,-1,0.18,0.066,0.0,0
415,20.75,147.609,-12.976,37.58,501.15,-14.16,10.69,353.543,-1,0.168,0.099,0.0,0
416,20.8,147.078,-12.974,38.62,501.001,-14.165,10.71,353.925,-1,0.195,0.055,0.0,0
417,20.85,146.534,-12.972,39.56,500.853,-14.169,10.71,354.321,-1,0.15,0.046,0.0,0
418,20.9,145.976,-12.97,40.51,500.704,-14.169,10.67,354.73,-1,0.152,-0.052,0.0,0
419,20.95,145.406,-12.968,41.4,500.556,-14.167,10.67,355.152,-1,0.202,-0.022,0.0,0
420,21.0,144.824,-12.966,42.29,500.408,-14.168,10.67,355.586,-1,0.203,0.03,0.0,0
421,21.05,144.229,-12.963,43.15,500.26,-14.17,10.69,356.032,-1,0.197,0.029,0.0,0
422,21.1,143.623,-12.961,44.01,500.111,-14.172,10.71,356.49,-1,0.168,0.018,0.0,0
423,21.15,143.005,-12.958,44.85,499.963,-14.175,10.7,356.96,-1,0.145,0.039,0.0,0
424,21.2,142.375,-12.956,45.68,499.814,-14.18,10.66,357.442,-1,0.165,0.115,0.0,0
425,21.25,141.734,-12.953,46.5,499.667,-14.192,10.62,357.936,-1,0.245,0.188,0.0,0
426,21.3,141.081,-12.951,47.32,499.521,-14.208,10.68,358.442,-1,0.357,0.207,0.0,0
427,21.35,140.417,-12.948,48.13,499.373,-14.228,10.78,358.959,-1,0.274,0.224,0.0,0
428,21.4,139.742,-12.946,48.94,499.224,-14.247,10.9,359.485,-1,0.144,0.136,0.0,0
429,21.45,139.055,-12.943,49.74,499.073,-14.26,10.91,360.02,-1,0.0,-0.081,0.0,0
430,21.5,138.358,-12.941,50.54,498.923,-14.27,10.77,360.568,-1,0.016,0.089,0.0,0
431,21.55,137.649,-12.938,51.33,498.775,-14.279,10.61,361.128,-1,0.081,-0.033,0.0,0
432,21.6,136.93,-12.935,52.12,498.629,-14.285,10.51,361.702,-1,0.318,-0.022,0.0,0
433,21.65,136.199,-12.932,52.91,498.483,-14.292,10.56,362.286,-1,0.446,-0.014,0.0,0
434,21.7,135.458,-12.93,53.69,498.335,-14.299,10.71,362.88,-1,0.344,0.01,0.0,0
435,21.75,134.706,-12.927,54.47,498.186,-14.311,10.81,363.483,-1,0.103,0.145,0.0,0
436,21.8,133.943,-12.924,55.24,498.037,-14.328,10.79,364.097,-1,0.004,0.161,0.0,0
437,21.85,133.169,-12.921,56.01,497.89,-14.351,10.64,364.724,-1,0.11,0.268,0.0,0
438,21.9,132.385,-12.918,56.77,497.746,-14.379,10.62,365.364,-1,0.418,0.226,0.0,0
439,21.95,131.59,-12.915,57.53,497.601,-14.408,10.69,366.014,-1,0.402,0.245,0.0,0
440,22.0,130.785,-12.912,58.29,497.456,-14.441,10.86,366.674,-1,0.31,0.247,0.0,0
441,22.05,129.969,-12.909,59.04,497.309,-14.477,10.94,367.344,-1,0.055,0.278,0.0,0
442,22.1,129.143,-12.906,59.79,497.163,-14.516,10.94,368.023,-1,0.004,0.261,0.0,0
443,22.15,128.306,-12.903,60.53,497.019,-14.557,10.8,368.716,-1,0.017,0.298,0.0,0
444,22.2,127.459,-12.9,61.27,496.877,-14.601,10.7,369.422,-1,0.28,0.3,0.0,0
445,22.25,126.602,-12.897,62.01,496.737,-14.648,10.69,370.139,-1,0.491,0.303,0.0,0
446,22.3,125.735,-12.894,62.74,496.597,-14.698,10.87,370.866,-1,0.44,0.309,0.0,0
447,22.35,124.857,-12.891,63.47,496.454,-14.75,11.06,371.601,-1,0.14,0.292,0.0,0
448,22.4,123.97,-12.888,64.19,496.31,-14.805,11.19,372.345,-1,0.0,0.283,0.0,0
449,22.45,123.072,-12.885,64.91,496.167,-14.861,11.1,373.1,-1,0.018,0.264,0.0,0
450,22.5,122.165,-12.882,65.63,496.025,-14.918,10.98,373.866,-1,0.018,0.261,0.0,0
451,22.55,121.247,-12.879,66.35,495.886,-14.975,10.85,374.644,-1,0.75,0.219,0.0,0
452,22.6,120.32,-12.875,67.06,495.747,-15.032,10.88,375.433,-1,0.75,0.214,0.0,0
453,22.65,119.383,-12.872,67.76,495.606,-15.091,11.16,376.23,-1,0.75,0.218,0.0,0
454,22.7,118.436,-12.869,68.46,495.46,-15.155,11.71,377.031,-1,0.75,0.201,0.0,0
455,22.75,117.479,-12.865,69.16,495.306,-15.221,12.4,377.835,-1,0.75,0.177,0.0,0
456,22.8,116.513,-12.862,69.86,495.143,-15.294,13.2,378.638,-1,0.75,0.175,0.0,0
457,22.85,115.537,-12.859,70.55,494.97,-15.371,14.03,379.441,-1,0.75,0.161,0.0,0
458,22.9,114.551,-12.855,71.24,494.785,-15.453,14.87,380.243,-1,0.75,0.113,0.0,0
459,22.95,113.556,-12.852,71.92,494.589,-15.538,15.7,381.043,-1,0.75,0.079,0.0,0
460,23.0,112.551,-12.848,72.6,494.382,-15.625,16.52,381.841,-1,0.75,0.05,0.0,0
461,23.05,111.537,-12.845,73.28,494.164,-15.715,17.33,382.637,-1,0.75,0.024,0.0,0
462,23.1,110.514,-12.841,73.95,493.935,-15.81,18.13,383.433,-1,0.75,0.03,0.0,0
463,23.15,109.481,-12.837,74.62,493.695,-15.905,18.81,384.226,-1,0.75,-0.022,0.0,0
464,23.2,108.439,-12.834,75.29,493.452,-15.999,18.88,385.025,-1,0.75,-0.034,0.0,0
465,23.25,107.388,-12.83,75.95,493.205,-16.091,18.97,385.831,-1,0.75,-0.078,0.0,0
466,23.3,106.328,-12.826,76.61,492.954,-16.18,19.4,386.641,-1,0.75,-0.073,0.0,0
467,23.35,105.258,-12.822,77.27,492.696,-16.269,19.79,387.454,-1,0.75,-0.093,0.0,0
468,23.4,104.179,-12.818,77.92,492.43,-16.356,20.46,388.267,-1,0.75,-0.102,0.0,0
469,23.45,103.092,-12.814,78.57,492.154,-16.442,21.21,389.079,-1,0.75,-0.115,0.0,0
470,23.5,101.995,-12.81,79.22,491.865,-16.528,21.87,389.887,-1,0.438,-0.121,0.0,0
471,23.55,100.89,-12.805,79.86,491.566,-16.611,22.73,390.695,-1,0.02,-0.13,0.0,0
472,23.6,99.775,-12.801,80.45,491.262,-16.691,22.59,391.506,-1,0.109,-0.145,0.0,0
473,23.65,98.654,-12.797,80.85,490.954,-16.766,22.95,392.32,-1,0.102,-0.142,0.0,0
474,23.7,97.531,-12.792,80.81,490.648,-16.836,22.43,393.137,-1,0.096,-0.155,0.0,0
475,23.75,96.413,-12.788,80.27,490.341,-16.897,22.61,393.95,-1,0.09,-0.194,0.0,0
476,23.8,95.306,-12.784,79.33,490.039,-16.951,21.87,394.755,-1,0.0,-0.19,1.0,0
477,23.85,94.213,-12.78,78.17,489.74,-16.998,21.76,395.549,-1,0.0,-0.16,1.0,0
478,23.9,93.139,-12.776,76.86,489.449,-17.039,20.79,396.334,-1,0.071,-0.175,0.0,0
479,23.95,92.083,-12.772,75.49,489.163,-17.074,20.79,397.104,-1,0.75,-0.157,0.0,0
480,24.0,91.046,-12.768,74.11,488.882,-17.103,20.14,397.86,-1,0.75,-0.169,0.0,0
481,24.05,90.028,-12.764,72.74,488.601,-17.129,20.53,398.597,-1,0.75,-0.122,0.0,0
482,24.1,89.029,-12.76,71.4,488.318,-17.15,20.3,399.313,-1,0.75,-0.156,0.0,0
483,24.15,88.048,-12.756,70.15,488.028,-17.168,21.15,400.004,-1,0.75,-0.102,0.0,0
484,24.2,87.083,-12.752,69.03,487.734,-17.183,21.26,400.675,-1,0.605,-0.137,0.0,0
485,24.25,86.132,-12.749,68.09,487.436,-17.194,21.63,401.328,-1,0.551,-0.122,0.0,0
486,24.3,85.193,-12.745,67.32,487.134,-17.2,21.83,401.965,-1,0.0,-0.134,0.0,0
487,24.35,84.264,-12.742,66.68,486.829,-17.205,22.0,402.59,-1,0.05,-0.087,0.0,0
488,24.4,83.342,-12.738,66.11,486.525,-17.207,21.85,403.207,-1,0.044,-0.106,0.0,0
489,24.45,82.429,-12.735,65.55,486.222,-17.209,21.76,403.818,-1,0.038,-0.028,0.0,0
490,24.5,81.523,-12.732,64.96,485.923,-17.209,21.35,404.425,-1,0.0,-0.323,1.0,0
491,24.55,80.626,-12.728,64.3,485.63,-17.204,21.0,405.028,-1,0.0,-0.075,1.0,0
492,24.6,79.739,-12.725,63.56,485.343,-17.197,20.4,405.629,-1,0.315,-0.111,0.0,0
493,24.65,78.863,-12.722,62.75,485.063,-17.189,20.09,406.224,-1,0.0,-0.07,1.0,0
494,24.7,77.999,-12.719,61.91,484.793,-17.179,18.55,406.819,-1,0.0,-0.092,1.0,0
495,24.75,77.146,-12.716,61.05,484.576,-17.171,13.74,407.454,-1,0.0,-0.007,1.0,0
496,24.8,76.305,-12.713,60.21,484.426,-17.167,8.9,408.145,-1,0.75,-0.003,0.0,0
497,24.85,75.475,-12.71,59.42,484.343,-17.166,4.1,408.892,-1,0.75,0.066,0.0,0
498,24.9,74.657,-12.707,58.63,484.277,-17.165,5.25,409.645,-1,0.75,0.015,0.0,0
499,24.95,73.849,-12.704,57.85,484.195,-17.164,6.32,410.37,-1,0.75,0.086,0.0,0
500,25.0,73.052,-12.701,57.06,484.098,-17.164,7.35,411.07,-1,0.75,0.048,0.0,0
501,25.05,72.266,-12.699,56.31,483.987,-17.164,8.29,411.746,-1,0.75,0.062,0.0,0
502,25.1,71.49,-12.696,55.58,483.864,-17.164,9.23,412.398,-1,0.75,0.026,0.0,0
503,25.15,70.724,-12.693,54.88,483.728,-17.163,10.17,413.028,-1,0.75,0.054,0.0,0
504,25.2,69.967,-12.691,54.22,483.579,-17.163,11.12,413.636,-1,0.75,0.029,0.0,0
505,25.25,69.22,-12.688,53.58,483.416,-17.163,12.07,414.221,-1,0.75,0.048,0.0,0
506,25.3,68.481,-12.686,52.96,483.241,-17.163,13.01,414.784,-1,0.75,0.018,0.0,0
507,25.35,67.75,-12.683,52.36,483.053,-17.164,13.91,415.327,-1,0.75,0.069,0.0,0
508,25.4,67.028,-12.68,51.77,482.852,-17.167,14.78,415.849,-1,0.75,0.051,0.0,0
509,25.45,66.313,-12.678,51.18,482.64,-17.171,15.63,416.351,-1,0.75,0.044,0.0,0
510,25.5,65.607,-12.675,50.59,482.416,-17.178,16.4,416.833,-1,0.75,0.267,0.0,0
511,25.55,64.91,-12.673,50.0,482.184,-17.198,17.11,417.299,-1,0.75,0.233,0.0,0
512,25.6,64.22,-12.671,49.41,481.941,-17.22,17.94,417.746,-1,0.75,0.083,0.0,0
513,25.65,63.539,-12.668,48.83,481.686,-17.241,18.75,418.172,-1,0.75,0.095,0.0,0
514,25.7,62.865,-12.666,48.24,481.423,-17.261,18.96,418.583,-1,0.75,0.045,0.0,0
515,25.75,62.2,-12.663,47.66,481.159,-17.281,19.17,418.984,-1,0.75,0.073,0.0,0
516,25.8,61.543,-12.661,47.08,480.892,-17.304,19.38,419.375,-1,0.75,0.068,0.0,0
517,25.85,60.894,-12.659,46.52,480.62,-17.327,19.89,419.752,-1,0.75,0.051,0.0,0
518,25.9,60.253,-12.656,45.96,480.341,-17.351,20.35,420.115,-1,0.75,0.038,0.0,0
519,25.95,59.619,-12.654,45.41,480.054,-17.376,21.06,420.461,-1,0.75,0.03,0.0,0
520,26.0,58.993,-12.652,44.87,479.757,-17.403,21.65,420.792,-1,0.75,0.029,0.0,0
521,26.05,58.374,-12.65,44.34,479.452,-17.429,22.38,421.105,-1,0.0,0.007,0.0,0
522,26.1,57.762,-12.648,43.82,479.139,-17.456,22.7,421.404,-1,0.11,0.003,0.0,0
523,26.15,57.158,-12.645,43.3,478.822,-17.48,22.91,421.692,-1,0.104,-0.04,0.0,0
524,26.2,56.561,-12.643,42.79,478.505,-17.502,22.83,421.973,-1,0.098,-0.032,0.0,0
525,26.25,55.971,-12.641,42.29,478.189,-17.522,22.79,422.247,-1,0.091,-0.031,0.0,0
526,26.3,55.388,-12.639,41.8,477.876,-17.542,22.52,422.517,-1,0.085,-0.026,0.0,0
527,26.35,54.811,-12.637,41.31,477.565,-17.559,22.35,422.782,-1,0.079,-0.036,0.0,0
528,26.4,54.241,-12.635,40.82,477.258,-17.576,21.97,423.046,-1,0.073,-0.023,0.0,0
529,26.45,53.679,-12.633,40.33,476.955,-17.592,21.74,423.306,-1,0.066,-0.033,0.0,0
530,26.5,53.123,-12.631,39.84,476.657,-17.606,21.3,423.564,-1,0.06,-0.029,0.0,0
531,26.55,52.573,-12.629,39.36,476.364,-17.619,21.04,423.82,-1,0.556,-0.04,0.0,0
532,26.6,52.031,-12.627,38.88,476.075,-17.63,20.69,424.074,-1,0.75,-0.037,0.0,0
533,26.65,51.495,-12.625,38.4,475.789,-17.64,20.67,424.324,-1,0.75,-0.034,0.0,0
534,26.7,50.965,-12.623,37.94,475.502,-17.649,20.7,424.566,-1,0.75,-0.02,0.0,0
535,26.75,50.442,-12.621,37.48,475.211,-17.658,21.05,424.799,-1,0.75,-0.035,0.0,0
536,26.8,49.925,-12.619,37.04,474.916,-17.665,21.39,425.021,-1,0.714,-0.034,0.0,0
537,26.85,49.414,-12.617,36.6,474.615,-17.672,21.92,425.23,-1,0.248,-0.033,0.0,0
538,26.9,48.91,-12.616,36.16,474.309,-17.677,22.09,425.429,-1,0.0,-0.036,0.0,0
539,26.95,48.411,-12.614,35.73,474.001,-17.682,22.19,425.62,-1,0.034,-0.028,0.0,0
540,27.0,47.918,-12.612,35.31,473.694,-17.686,22.0,425.806,-1,0.03,-0.019,0.0,0
541,27.05,47.432,-12.61,34.89,473.39,-17.689,21.87,425.988,-1,0.03,-0.025,0.0,0
542,27.1,46.95,-12.609,34.47,473.089,-17.693,21.51,426.169,-1,0.03,-0.012,0.0,0
543,27.15,46.475,-12.607,34.06,472.792,-17.696,21.29,426.347,-1,0.179,-0.012,0.0,0
544,27.2,46.006,-12.605,33.65,472.5,-17.699,20.92,426.524,-1,0.532,-0.007,0.0,0
545,27.25,45.542,-12.603,33.24,472.21,-17.701,20.82,426.699,-1,0.75,-0.02,0.0,0
546,27.3,45.083,-12.602,32.84,471.922,-17.703,20.76,426.869,-1,0.75,-0.013,0.0,0
547,27.35,44.63,-12.6,32.45,471.631,-17.705,21.05,427.031,-1,0.75,0.004,0.0,0
548,27.4,44.183,-12.599,32.06,471.336,-17.708,21.33,427.184,-1,0.74,0.007,0.0,0
549,27.45,43.741,-12.597,31.67,471.036,-17.712,21.84,427.325,-1,0.349,0.002,0.0,0
550,27.5,43.304,-12.596,31.29,470.731,-17.716,22.03,427.457,-1,0.0,0.01,0.0,0
551,27.55,42.873,-12.594,30.92,470.423,-17.719,22.16,427.581,-1,0.052,-0.012,0.0,0
552,27.6,42.447,-12.592,30.55,470.117,-17.723,21.99,427.701,-1,0.048,0.021,0.0,0
553,27.65,42.025,-12.591,30.18,469.812,-17.728,21.88,427.818,-1,0.042,0.01,0.0,0
554,27.7,41.609,-12.589,29.82,469.512,-17.729,21.51,427.933,-1,0.036,-0.088,0.0,0
555,27.75,41.198,-12.588,29.46,469.215,-17.727,21.29,428.048,-1,0.194,-0.046,0.0,0
556,27.8,40.792,-12.586,29.11,468.922,-17.726,20.94,428.161,-1,0.523,0.013,0.0,0
557,27.85,40.391,-12.584,28.76,468.632,-17.727,20.86,428.273,-1,0.75,0.008,0.0,0
558,27.9,39.994,-12.583,28.41,468.343,-17.728,20.82,428.38,-1,0.75,0.007,0.0,0
559,27.95,39.602,-12.581,28.07,468.051,-17.728,21.12,428.48,-1,0.75,-0.015,0.0,0
560,28.0,39.215,-12.58,27.73,467.756,-17.729,21.39,428.572,-1,0.628,0.002,0.0,0
561,28.05,38.833,-12.579,27.4,467.455,-17.729,21.83,428.653,-1,0.257,-0.006,0.0,0
562,28.1,38.455,-12.577,27.07,467.151,-17.728,21.92,428.727,-1,0.0,-0.022,0.0,0
563,28.15,38.082,-12.576,26.74,466.846,-17.726,21.99,428.795,-1,0.047,-0.018,0.0,0
564,28.2,37.713,-12.575,26.42,466.542,-17.724,21.78,428.86,-1,0.044,-0.014,0.0,0
565,28.25,37.349,-12.573,26.1,466.241,-17.722,21.64,428.923,-1,0.04,0.008,0.0,0
566,28.3,36.989,-12.572,25.79,465.943,-17.721,21.27,428.985,-1,0.034,-0.005,0.0,0
567,28.35,36.633,-12.57,25.48,465.649,-17.72,21.05,429.047,-1,0.577,-0.001,0.0,0
568,28.4,36.282,-12.569,25.17,465.36,-17.719,20.72,429.109,-1,0.75,0.018,0.0,0
569,28.45,35.935,-12.568,24.87,465.073,-17.719,20.72,429.169,-1,0.75,0.007,0.0,0
570,28.5,35.592,-12.567,24.57,464.785,-17.72,20.75,429.224,-1,0.75,0.02,0.0,0
571,28.55,35.253,-12.565,24.28,464.494,-17.722,21.12,429.272,-1,0.75,0.013,0.0,0
572,28.6,34.918,-12.564,23.99,464.198,-17.724,21.44,429.31,-1,0.617,0.016,0.0,0
573,28.65,34.587,-12.563,23.7,463.896,-17.727,21.9,429.339,-1,0.184,0.033,0.0,0
574,28.7,34.261,-12.562,23.41,463.59,-17.73,22.0,429.361,-1,0.007,-0.002,0.0,0
575,28.75,33.938,-12.56,23.13,463.284,-17.732,22.06,429.378,-1,0.051,-0.016,0.0,0
576,28.8,33.619,-12.559,22.85,462.98,-17.733,21.84,429.392,-1,0.049,-0.011,0.0,0
577,28.85,33.304,-12.558,22.58,462.677,-17.735,21.7,429.405,-1,0.044,0.017,0.0,0
578,28.9,32.993,-12.557,22.31,462.379,-17.738,21.34,429.418,-1,0.039,0.014,0.0,0
579,28.95,32.685,-12.556,22.04,462.084,-17.742,21.12,429.431,-1,0.468,0.024,0.0,0
580,29.0,32.381,-12.555,21.77,461.794,-17.747,20.79,429.444,-1,0.75,0.027,0.0,0
581,29.05,32.081,-12.554,21.51,461.506,-17.751,20.79,429.456,-1,0.75,0.006,0.0,0
582,29.1,31.784,-12.553,21.25,461.217,-17.756,20.84,429.464,-1,0.75,0.012,0.0,0
583,29.15,31.491,-12.552,21.0,460.924,-17.761,21.21,429.465,7354.502,0.75,0.004,0.0,0
584,29.2,31.202,-12.551,20.74,460.627,-17.766,21.52,429.457,1995.938,0.498,0.001,0.0,0
585,29.25,30.916,-12.549,20.49,460.325,-17.771,21.91,429.441,1093.455,0.082,-0.007,0.0,0
586,29.3,30.633,-12.549,20.25,460.02,-17.775,21.93,429.419,915.733,0.031,-0.001,0.0,0
587,29.35,30.354,-12.547,20.0,459.715,-17.778,21.95,429.393,795.77,0.051,-0.029,0.0,0
588,29.4,30.078,-12.547,19.76,459.413,-17.781,21.7,429.366,797.882,0.048,0.01,0.0,0
589,29.45,29.806,-12.545,19.52,459.112,-17.784,21.54,429.339,766.6,0.041,-0.011,0.0,0
590,29.5,29.537,-12.545,19.29,458.816,-17.787,21.17,429.312,820.48,0.135,0.009,0.0,0
591,29.55,29.271,-12.543,19.06,458.524,-17.791,20.98,429.285,803.697,0.727,0.013,0.0,0
592,29.6,29.008,-12.543,18.83,458.235,-17.795,20.71,429.259,819.3,0.75,-0.005,0.0,0
593,29.65,28.748,-12.542,18.6,457.947,-17.798,20.79,429.231,705.214,0.75,-0.006,0.0,0
594,29.7,28.492,-12.541,18.38,457.657,-17.801,20.91,429.198,611.388,0.75,0.0,0.0,0
595,29.75,28.238,-12.54,18.16,457.364,-17.805,21.33,429.158,486.363,0.75,-0.002,0.0,0
596,29.8,27.987,-12.539,18.13,457.064,-17.809,21.68,429.109,434.339,0.302,0.016,0.0,0
597,29.85,27.735,-12.538,18.06,456.76,-17.813,22.01,429.057,390.547,0.0,-0.006,0.0,0
598,29.9,27.484,-12.537,17.97,456.454,-17.817,21.98,429.003,385.696,0.051,-0.001,0.0,0
599,29.95,27.244,-12.535,16.72,456.149,-17.821,21.95,428.938,295.225,0.049,0.003,0.0,0
600,30.0,27.017,-12.534,16.35,455.847,-17.825,21.68,428.862,289.388,0.046,-0.001,0.0,0
601,30.05,26.79,-12.534,16.42,455.547,-17.828,21.5,428.79,303.56,0.04,-0.012,0.0,0
602,30.1,26.56,-12.533,16.65,455.252,-17.831,21.13,428.725,345.066,0.196,-0.011,0.0,0
603,30.15,26.326,-12.533,16.9,454.96,-17.832,20.94,428.666,381.346,0.75,-0.018,0.0,0
604,30.2,26.091,-12.533,16.9,454.671,-17.833,20.71,428.613,405.273,0.75,-0.016,0.0,0
605,30.25,25.858,-12.532,16.65,454.383,-17.833,20.83,428.557,369.105,0.75,-0.025,0.0,0
606,30.3,25.63,-12.531,16.3,454.092,-17.833,20.98,428.495,329.953,0.75,-0.019,0.0,0
607,30.35,25.406,-12.531,15.96,453.797,-17.833,21.43,428.424,282.137,0.75,0.008,0.0,0
608,30.4,25.187,-12.53,15.66,453.496,-17.832,21.8,428.342,251.434,0.16,-0.036,0.0,0
609,30.45,24.972,-12.53,15.38,453.191,-17.828,22.12,428.251,228.71,0.005,-0.05,0.0,0
610,30.5,24.76,-12.529,15.18,452.884,-17.823,22.09,428.156,223.071,0.051,-0.022,0.0,0
611,30.55,24.55,-12.528,15.18,452.577,-17.817,22.06,428.06,224.07,0.048,-0.036,0.0,0
612,30.6,24.336,-12.528,15.51,452.273,-17.809,21.78,427.969,245.736,0.044,-0.056,0.0,0
613,30.65,24.116,-12.527,16.11,451.972,-17.801,21.6,427.888,280.982,0.038,-0.008,0.0,0
614,30.7,23.886,-12.526,16.87,451.676,-17.794,21.2,427.822,355.886,0.04,-0.002,0.0,0
615,30.75,23.645,-12.525,17.72,451.383,-17.789,20.96,427.771,475.245,0.696,0.015,0.0,0
616,30.8,23.391,-12.524,18.61,451.095,-17.782,20.61,427.736,769.127,0.75,-0.024,0.0,0
617,30.85,23.126,-12.524,19.29,450.81,-17.777,20.59,427.716,1181.693,0.75,0.016,0.0,0
618,30.9,22.859,-12.523,19.31,450.524,-17.771,20.62,427.697,1174.639,0.75,-0.004,0.0,0
619,30.95,22.587,-12.522,19.78,450.235,-17.765,20.98,427.68,1285.576,0.75,-0.014,0.0,0
620,31.0,22.308,-12.521,20.27,449.94,-17.76,21.31,427.664,1474.543,0.75,0.037,0.0,0
621,31.05,22.02,-12.52,21.06,449.64,-17.757,21.87,427.651,1911.969,0.363,0.018,0.0,0
622,31.1,21.722,-12.518,21.8,449.334,-17.751,22.09,427.644,5261.897,0.0,-0.045,0.0,0
623,31.15,21.411,-12.517,22.76,449.026,-17.745,22.23,427.647,-1,0.054,0.043,0.0,0
624,31.2,21.088,-12.516,23.61,448.718,-17.743,22.07,427.662,-1,0.049,0.04,0.0,0
625,31.25,20.751,-12.515,24.69,448.412,-17.742,21.98,427.693,-1,0.043,0.031,0.0,0
626,31.3,20.4,-12.514,25.67,448.11,-17.742,21.64,427.742,-1,0.038,0.023,0.0,0
627,31.35,20.035,-12.512,26.72,447.811,-17.742,21.43,427.808,-1,0.034,0.009,0.0,0
628,31.4,19.656,-12.511,27.63,447.517,-17.741,21.01,427.893,-1,0.325,0.006,0.0,0
629,31.45,19.264,-12.509,28.69,447.227,-17.741,20.84,427.995,-1,0.75,0.007,0.0,0
630,31.5,18.858,-12.508,29.59,446.939,-17.741,20.66,428.113,-1,0.75,0.017,0.0,0
631,31.55,18.438,-12.506,30.62,446.651,-17.742,20.83,428.245,-1,0.75,0.012,0.0,0
632,31.6,18.005,-12.504,31.52,446.36,-17.743,21.03,428.387,-1,0.75,0.009,0.0,0
633,31.65,17.559,-12.503,32.55,446.064,-17.744,21.53,428.537,-1,0.75,0.002,0.0,0
634,31.7,17.099,-12.501,33.46,445.761,-17.744,21.93,428.694,-1,0.018,0.0,0.0,0
635,31.75,16.626,-12.499,34.49,445.454,-17.744,22.28,428.86,-1,0.037,-0.004,0.0,0
636,31.8,16.139,-12.497,35.41,445.144,-17.744,22.26,429.037,-1,0.052,-0.001,0.0,0
637,31.85,15.639,-12.495,36.45,444.835,-17.744,22.25,429.228,-1,0.045,-0.013,0.0,0
638,31.9,15.125,-12.493,37.42,444.528,-17.743,21.98,429.435,-1,0.039,0.006,0.0,0
639,31.95,14.596,-12.491,38.46,444.224,-17.742,21.8,429.66,-1,0.033,-0.017,0.0,0
640,32.0,14.054,-12.489,39.41,443.925,-17.741,21.4,429.903,-1,0.029,0.006,0.0,0
641,32.05,13.499,-12.487,40.36,443.63,-17.74,21.15,430.163,-1,0.366,-0.005,0.0,0
642,32.1,12.931,-12.485,41.26,443.339,-17.739,20.8,430.441,-1,0.728,-0.005,0.0,0
643,32.15,12.35,-12.483,42.16,443.051,-17.737,20.77,430.733,-1,0.75,-0.02,0.0,0
644,32.2,11.757,-12.48,43.02,442.762,-17.734,20.79,431.037,-1,0.75,-0.02,0.0,0
645,32.25,11.153,-12.478,43.87,442.471,-17.728,21.13,431.35,-1,0.75,-0.051,0.0,0
646,32.3,10.536,-12.476,44.72,442.175,-17.721,21.44,431.67,-1,0.616,-0.041,0.0,0
647,32.35,9.908,-12.473,45.55,441.873,-17.716,21.88,431.997,-1,0.196,0.034,0.0,0
648,32.4,9.269,-12.471,46.37,441.568,-17.712,21.98,432.331,-1,0.006,0.003,0.0,0
649,32.45,8.618,-12.468,47.19,441.263,-17.708,22.03,432.676,-1,0.047,0.008,0.0,0
650,32.5,7.956,-12.466,48.01,440.958,-17.704,21.81,433.034,-1,0.042,-0.005,0.0,0
651,32.55,7.282,-12.463,48.81,440.657,-17.699,21.66,433.406,-1,0.036,-0.038,0.0,0
652,32.6,6.598,-12.461,49.62,440.359,-17.693,21.29,433.793,-1,0.03,0.009,0.0,0
653,32.65,5.902,-12.458,50.42,440.065,-17.688,21.06,434.195,-1,0.543,0.005,0.0,0
654,32.7,5.195,-12.455,51.21,439.776,-17.684,20.73,434.612,-1,0.75,0.004,0.0,0
655,32.75,4.477,-12.452,52.0,439.488,-17.68,20.72,435.042,-1,0.75,0.006,0.0,0
656,32.8,3.749,-12.45,52.78,439.2,-17.676,20.75,435.483,-1,0.75,0.007,0.0,0
657,32.85,3.009,-12.447,53.57,438.909,-17.673,21.11,435.932,-1,0.75,0.005,0.0,0
658,32.9,2.258,-12.444,54.34,438.613,-17.669,21.43,436.386,-1,0.629,-0.004,0.0,0
659,32.95,1.497,-12.441,55.12,438.312,-17.664,21.9,436.846,-1,0.197,-0.005,0.0,0
660,33.0,0.725,-12.438,55.88,438.006,-17.66,22.01,437.312,-1,0.008,-0.001,0.0,0
661,33.05,-0.057,-12.435,56.65,437.7,-17.654,22.07,437.788,-1,0.053,-0.018,0.0,0
662,33.1,-0.85,-12.432,57.41,437.395,-17.649,21.87,438.276,-1,0.05,0.004,0.0,0
663,33.15,-1.654,-12.429,58.17,437.092,-17.643,21.73,438.777,-1,0.044,-0.015,0.0,0
664,33.2,-2.468,-12.426,58.92,436.794,-17.637,21.37,439.293,-1,0.039,-0.01,0.0,0
665,33.25,-3.293,-12.423,59.67,436.499,-17.63,21.15,439.822,-1,0.42,-0.018,0.0,0
666,33.3,-4.128,-12.42,60.41,436.208,-17.623,20.83,440.367,-1,0.723,-0.008,0.0,0
667,33.35,-4.973,-12.417,61.15,435.919,-17.615,20.83,440.923,-1,0.75,-0.022,0.0,0
668,33.4,-5.828,-12.414,61.89,435.63,-17.608,20.87,441.489,-1,0.75,0.011,0.0,0
669,33.45,-6.694,-12.411,62.62,435.337,-17.598,21.23,442.062,-1,0.75,-0.047,0.0,0
670,33.5,-7.57,-12.408,63.35,435.041,-17.583,21.49,442.641,-1,0.474,-0.144,0.0,0
671,33.55,-8.456,-12.405,64.08,434.74,-17.56,21.83,443.226,-1,0.153,-0.136,0.0,0
672,33.6,-9.352,-12.401,64.8,434.438,-17.537,21.85,443.819,-1,0.018,0.042,0.0,0
673,33.65,-10.258,-12.398,65.52,434.135,-17.519,21.86,444.422,-1,0.05,0.0,0.0,0
674,33.7,-11.174,-12.395,66.23,433.834,-17.5,21.61,445.037,-1,0.047,-0.014,0.0,0
675,33.75,-12.1,-12.392,66.94,433.536,-17.48,21.44,445.664,-1,0.041,-0.058,0.0,0
676,33.8,-13.035,-12.388,67.65,433.242,-17.459,21.07,446.306,-1,0.315,-0.007,0.0,0
677,33.85,-13.981,-12.385,68.35,432.951,-17.438,20.93,446.96,-1,0.75,-0.022,0.0,0
678,33.9,-14.936,-12.382,69.05,432.663,-17.416,20.77,447.627,-1,0.75,-0.051,0.0,0
679,33.95,-15.901,-12.378,69.75,432.374,-17.392,20.98,448.303,-1,0.75,-0.027,0.0,0
680,34.0,-16.875,-12.375,70.44,432.082,-17.367,21.2,448.985,-1,0.75,-0.029,0.0,0
681,34.05,-17.859,-12.371,71.13,431.785,-17.34,21.66,449.672,-1,0.55,-0.046,0.0,0
682,34.1,-18.853,-12.368,71.81,431.483,-17.311,21.93,450.363,-1,0.0,-0.042,0.0,0
683,34.15,-19.856,-12.364,72.5,431.178,-17.279,22.13,451.061,-1,0.046,-0.066,0.0,0
684,34.2,-20.869,-12.361,73.17,430.874,-17.244,22.01,451.769,-1,0.046,-0.064,0.0,0
685,34.25,-21.891,-12.357,73.85,430.572,-17.204,21.85,452.488,-1,0.045,-0.274,0.0,0
686,34.3,-22.922,-12.353,74.52,430.275,-17.157,21.53,453.222,-1,0.042,-0.144,0.0,0
687,34.35,-23.962,-12.349,75.18,429.983,-17.103,21.22,453.971,-1,0.208,-0.353,0.0,0
688,34.4,-25.012,-12.346,75.85,429.701,-17.037,20.73,454.738,-1,0.75,-0.355,0.0,0
689,34.45,-26.071,-12.342,76.51,429.428,-16.959,20.54,455.522,-1,0.75,-0.353,0.0,0
690,34.5,-27.139,-12.338,77.16,429.159,-16.87,20.5,456.32,-1,0.75,-0.333,0.0,0
691,34.55,-28.216,-12.334,77.82,428.89,-16.773,20.82,457.128,-1,0.75,-0.304,0.0,0
692,34.6,-29.302,-12.33,78.47,428.62,-16.666,21.14,457.943,-1,0.75,-0.294,0.0,0
693,34.65,-30.398,-12.326,79.11,428.346,-16.55,21.72,458.763,-1,0.75,-0.281,0.0,0
694,34.7,-31.502,-12.322,79.76,428.069,-16.424,22.2,459.589,-1,0.0,-0.248,0.0,0
695,34.75,-32.615,-12.318,80.4,427.787,-16.291,22.61,460.419,-1,0.037,-0.219,0.0,0
696,34.8,-33.737,-12.314,81.03,427.505,-16.154,22.63,461.258,-1,0.055,-0.182,0.0,0
697,34.85,-34.868,-12.31,81.67,427.224,-16.013,22.65,462.106,-1,0.051,-0.138,0.0,0
698,34.9,-36.007,-12.306,82.3,426.945,-15.873,22.42,462.965,-1,0.047,-0.088,0.0,0
699,34.95,-37.155,-12.302,82.92,426.668,-15.734,22.25,463.836,-1,0.041,-0.071,0.0,0
700,35.0,-38.312,-12.297,83.54,426.395,-15.597,21.86,464.719,-1,0.037,-0.045,0.0,0
701,35.05,-39.478,-12.293,84.16,426.125,-15.463,21.6,465.613,-1,0.034,0.006,0.0,0
702,35.1,-40.652,-12.289,84.78,425.858,-15.335,21.13,466.519,-1,0.04,0.038,0.0,0
703,35.15,-41.834,-12.284,85.39,425.594,-15.212,20.82,467.438,-1,0.75,0.075,0.0,0
704,35.2,-43.025,-12.28,86.0,425.333,-15.098,20.39,468.367,-1,0.75,0.154,0.0,0
705,35.25,-44.225,-12.275,86.61,425.072,-14.989,20.33,469.305,-1,0.75,0.109,0.0,0
706,35.3,-45.433,-12.271,87.21,424.81,-14.886,20.3,470.25,-1,0.75,0.151,0.0,0
707,35.35,-46.649,-12.266,87.81,424.544,-14.786,20.62,471.2,-1,0.75,0.146,0.0,0
708,35.4,-47.874,-12.262,88.41,424.272,-14.689,20.94,472.152,-1,0.75,0.149,0.0,0
709,35.45,-49.107,-12.257,89.01,423.992,-14.598,21.47,473.104,-1,0.75,0.228,0.0,0
710,35.5,-50.348,-12.253,89.6,423.703,-14.512,21.93,474.056,-1,0.218,0.193,0.0,0
711,35.55,-51.597,-12.248,90.18,423.406,-14.431,22.3,475.008,-1,0.0,0.2,0.0,0
712,35.6,-52.854,-12.243,90.77,423.106,-14.356,22.27,475.965,-1,0.045,0.216,0.0,0
713,35.65,-54.12,-12.238,91.35,422.805,-14.287,22.25,476.93,-1,0.041,0.209,0.0,0
714,35.7,-55.394,-12.234,91.93,422.505,-14.227,21.95,477.903,-1,0.04,0.234,0.0,0
715,35.75,-56.675,-12.229,92.5,422.207,-14.175,21.76,478.886,-1,0.04,0.216,0.0,0
716,35.8,-57.965,-12.224,93.08,421.913,-14.13,21.36,479.881,-1,0.04,0.23,0.0,0
717,35.85,-59.262,-12.219,93.65,421.621,-14.094,21.1,480.887,-1,0.601,0.236,0.0,0
718,35.9,-60.568,-12.215,94.21,421.333,-14.064,20.78,481.904,-1,0.75,0.2,0.0,0
719,35.95,-61.881,-12.21,94.78,421.047,-14.04,20.75,482.931,-1,0.75,0.215,0.0,0
720,36.0,-63.202,-12.205,95.34,420.759,-14.022,20.79,483.965,-1,0.75,0.192,0.0,0
721,36.05,-64.531,-12.2,95.9,420.469,-14.011,21.1,485.003,-1,0.75,0.234,0.0,0
722,36.1,-65.867,-12.195,96.45,420.174,-14.007,21.46,486.044,-1,0.75,0.201,0.0,0
723,36.15,-67.211,-12.19,97.0,419.871,-14.007,22.02,487.086,-1,0.293,0.177,0.0,0
724,36.2,-68.563,-12.185,97.55,419.564,-14.012,22.23,488.13,-1,0.0,0.164,0.0,0
725,36.25,-69.922,-12.18,98.1,419.254,-14.02,22.37,489.18,-1,0.056,0.145,0.0,0
726,36.3,-71.289,-12.175,98.64,418.945,-14.03,22.22,490.238,-1,0.05,0.115,0.0,0
727,36.35,-72.664,-12.17,99.18,418.638,-14.043,22.12,491.305,-1,0.044,0.092,0.0,0
728,36.4,-74.046,-12.165,99.72,418.334,-14.056,21.79,492.383,-1,0.037,0.071,0.0,0
729,36.45,-75.435,-12.16,100.25,418.033,-14.07,21.57,493.472,-1,0.033,0.054,0.0,0
730,36.5,-76.832,-12.155,100.78,417.738,-14.083,21.15,494.574,-1,0.102,0.032,0.0,0
731,36.55,-78.236,-12.15,101.31,417.446,-14.096,20.9,495.686,-1,0.75,0.025,0.0,0
732,36.6,-79.648,-12.145,101.84,417.159,-14.109,20.58,496.811,-1,0.75,0.014,0.0,0
733,36.65,-81.067,-12.14,102.36,416.874,-14.122,20.61,497.944,-1,0.75,0.004,0.0,0
734,36.7,-82.493,-12.135,102.88,416.587,-14.133,20.67,499.084,-1,0.75,-0.012,0.0,0
735,36.75,-83.926,-12.13,103.4,416.297,-14.143,21.05,500.227,-1,0.75,-0.016,0.0,0
736,36.8,-85.366,-12.125,103.92,416.002,-14.153,21.41,501.373,-1,0.725,-0.018,0.0,0
737,36.85,-86.814,-12.119,104.43,415.7,-14.162,21.96,502.518,-1,0.221,-0.023,0.0,0
738,36.9,-88.268,-12.114,104.94,415.393,-14.169,22.15,503.666,-1,0.005,-0.029,0.0,0
739,36.95,-89.73,-12.109,105.45,415.085,-14.175,22.26,504.819,-1,0.05,-0.036,0.0,0
740,37.0,-91.199,-12.104,105.95,414.777,-14.18,22.08,505.98,-1,0.044,-0.035,0.0,0
741,37.05,-92.675,-12.099,106.45,414.471,-14.183,21.96,507.15,-1,0.038,-0.042,0.0,0
742,37.1,-94.157,-12.094,106.95,414.169,-14.184,21.61,508.331,-1,0.034,-0.04,0.0,0
743,37.15,-95.647,-12.089,107.45,413.871,-14.185,21.38,509.522,-1,0.032,-0.034,0.0,0
744,37.2,-97.143,-12.083,107.94,413.577,-14.184,20.96,510.725,-1,0.405,-0.045,0.0,0
745,37.25,-98.646,-12.078,108.43,413.288,-14.181,20.77,511.939,-1,0.75,-0.053,0.0,0
746,37.3,-100.157,-12.073,108.92,413.002,-14.176,20.59,513.162,-1,0.75,-0.049,0.0,0
747,37.35,-101.673,-12.067,109.41,412.714,-14.171,20.76,514.392,-1,0.75,-0.014,0.0,0
748,37.4,-103.197,-12.062,109.89,412.425,-14.167,20.96,515.626,-1,0.75,-0.026,0.0,0
749,37.45,-104.727,-12.056,110.37,412.13,-14.161,21.45,516.861,-1,0.75,-0.015,0.0,0
750,37.5,-106.264,-12.051,110.85,411.828,-14.156,21.85,518.097,-1,0.127,-0.008,0.0,0
751,37.55,-107.808,-12.045,111.33,411.521,-14.151,22.21,519.333,-1,0.017,-0.009,0.0,0
752,37.6,-109.358,-12.04,111.8,411.213,-14.146,22.18,520.575,-1,0.053,-0.006,0.0,0
753,37.65,-110.915,-12.034,112.27,410.905,-14.141,22.16,521.824,-1,0.047,-0.003,0.0,0
754,37.7,-112.478,-12.028,112.74,410.599,-14.136,21.89,523.081,-1,0.041,-0.002,0.0,0
755,37.75,-114.047,-12.022,113.2,410.297,-14.132,21.71,524.349,-1,0.034,0.006,0.0,0
756,37.8,-115.624,-12.017,113.67,409.999,-14.128,21.32,525.626,-1,0.031,0.016,0.0,0
757,37.85,-117.206,-12.011,114.13,409.705,-14.125,21.07,526.915,-1,0.504,0.017,0.0,0
758,37.9,-118.795,-12.005,114.59,409.415,-14.124,20.72,528.214,-1,0.75,0.02,0.0,0
759,37.95,-120.39,-11.999,115.04,409.128,-14.122,20.7,529.522,-1,0.75,0.001,0.0,0
760,38.0,-121.992,-11.993,115.5,408.84,-14.12,20.72,530.837,-1,0.75,0.019,0.0,0
761,38.05,-123.6,-11.987,115.95,408.55,-14.119,21.07,532.154,-1,0.75,0.015,0.0,0
762,38.1,-125.214,-11.981,116.4,408.254,-14.12,21.39,533.473,-1,0.7,0.026,0.0,0
763,38.15,-126.834,-11.975,116.85,407.953,-14.119,21.91,534.792,-1,0.256,-0.002,0.0,0
764,38.2,-128.461,-11.969,117.29,407.647,-14.119,22.07,536.112,-1,0.0,0.01,0.0,0
765,38.25,-130.094,-11.962,117.73,407.339,-14.119,22.17,537.437,-1,0.053,0.006,0.0,0
766,38.3,-131.732,-11.956,118.17,407.033,-14.12,21.98,538.77,-1,0.047,0.015,0.0,0
767,38.35,-133.377,-11.95,118.61,406.729,-14.12,21.86,540.11,-1,0.041,-0.002,0.0,0
768,38.4,-135.028,-11.944,119.04,406.428,-14.12,21.51,541.461,-1,0.035,-0.0,0.0,0
769,38.45,-136.685,-11.938,119.48,406.131,-14.12,21.29,542.821,-1,0.177,-0.012,0.0,0
770,38.5,-138.348,-11.931,119.91,405.838,-14.117,20.92,544.191,-1,0.517,-0.048,0.0,0
771,38.55,-140.017,-11.925,120.33,405.549,-14.115,20.83,545.57,-1,0.75,0.009,0.0,0
772,38.6,-141.692,-11.919,120.76,405.26,-14.112,20.77,546.957,-1,0.75,-0.024,0.0,0
773,38.65,-143.373,-11.912,121.18,404.97,-14.108,21.06,548.347,-1,0.75,-0.012,0.0,0
774,38.7,-145.059,-11.906,121.61,404.675,-14.104,21.34,549.739,-1,0.723,-0.015,0.0,0
775,38.75,-146.752,-11.9,122.02,404.374,-14.102,21.83,551.13,-1,0.335,0.018,0.0,0
776,38.8,-148.45,-11.893,122.44,404.069,-14.1,22.01,552.524,-1,0.0,0.013,0.0,0
777,38.85,-150.154,-11.887,122.86,403.762,-14.099,22.13,553.921,-1,0.051,0.001,0.0,0
778,38.9,-151.864,-11.88,123.27,403.456,-14.097,21.95,555.325,-1,0.048,0.014,0.0,0
779,38.95,-153.579,-11.874,123.68,403.152,-14.096,21.84,556.736,-1,0.042,0.002,0.0,0
780,39.0,-155.301,-11.868,124.09,402.852,-14.096,21.49,558.157,-1,0.035,0.011,0.0,0
781,39.05,-157.027,-11.861,124.49,402.555,-14.095,21.28,559.587,-1,0.206,0.006,0.0,0
782,39.1,-158.76,-11.855,124.9,402.263,-14.094,20.93,561.027,-1,0.528,-0.006,0.0,0
783,39.15,-160.498,-11.848,125.3,401.973,-14.093,20.87,562.475,-1,0.75,-0.01,0.0,0
784,39.2,-162.241,-11.842,125.7,401.683,-14.091,20.83,563.929,-1,0.75,-0.007,0.0,0
785,39.25,-163.99,-11.835,126.1,401.392,-14.088,21.14,565.386,-1,0.75,-0.009,0.0,0
786,39.3,-165.745,-11.829,126.49,401.096,-14.086,21.42,566.845,-1,0.596,0.01,0.0,0
787,39.35,-167.505,-11.822,126.88,400.795,-14.085,21.83,568.304,-1,0.227,-0.004,0.0,0
788,39.4,-169.271,-11.816,127.28,400.49,-14.083,21.91,569.766,-1,0.0,-0.001,0.0,0
789,39.45,-171.042,-11.81,127.67,400.186,-14.081,21.96,571.232,-1,0.046,0.009,0.0,0
790,39.5,-172.818,-11.803,128.05,399.882,-14.081,21.73,572.705,-1,0.044,0.015,0.0,0
791,39.55,-174.6,-11.797,128.44,399.582,-14.08,21.58,574.186,-1,0.039,-0.001,0.0,0
792,39.6,-176.387,-11.79,128.82,399.285,-14.079,21.22,575.676,-1,0.059,-0.0,0.0,0
793,39.65,-178.179,-11.784,129.2,398.992,-14.077,21.0,577.176,-1,0.662,-0.017,0.0,0
794,39.7,-179.977,-11.778,129.58,398.703,-14.076,20.69,578.685,-1,0.75,0.011,0.0,0
795,39.75,-181.78,-11.772,129.96,398.416,-14.075,20.7,580.2,-1,0.75,-0.006,0.0,0
796,39.8,-183.587,-11.765,130.27,398.128,-14.073,20.76,581.72,-1,0.75,-0.003,0.0,0
797,39.85,-185.397,-11.759,130.26,397.837,-14.071,21.14,583.239,-1,0.75,-0.01,0.0,0
798,39.9,-187.204,-11.753,129.94,397.541,-14.069,21.47,584.749,-1,0.584,0.007,0.0,0
799,39.95,-189.003,-11.747,129.3,397.239,-14.068,21.92,586.247,-1,0.143,0.006,0.0,0
800,40.0,-190.79,-11.741,128.2,396.933,-14.067,22.0,587.728,-1,0.015,0.01,0.0,0
801,40.05,-192.559,-11.735,126.73,396.627,-14.066,22.05,589.191,-1,0.051,-0.001,0.0,0
802,40.1,-194.305,-11.729,125.0,396.323,-14.065,21.82,590.632,-1,0.049,0.009,0.0,0
803,40.15,-196.025,-11.723,123.12,396.021,-14.064,21.68,592.051,-1,0.044,-0.003,0.0,0
804,40.2,-197.719,-11.718,121.11,395.723,-14.064,21.31,593.446,-1,0.039,0.008,0.0,0
805,40.25,-199.383,-11.712,119.03,395.429,-14.063,21.09,594.816,-1,0.514,-0.007,0.0,0
806,40.3,-201.019,-11.707,116.96,395.139,-14.062,20.76,596.162,-1,0.75,-0.002,0.0,0
807,40.35,-202.626,-11.702,114.91,394.851,-14.06,20.76,597.481,-1,0.75,-0.004,0.0,0
808,40.4,-204.205,-11.698,112.9,394.562,-14.058,20.8,598.772,-1,0.75,-0.012,0.0,0
809,40.45,-205.758,-11.693,111.04,394.27,-14.057,21.17,600.032,-1,0.75,-0.002,0.0,0
810,40.5,-207.286,-11.69,109.39,393.974,-14.055,21.48,601.264,-1,0.549,0.007,0.0,0
811,40.55,-208.793,-11.687,107.91,393.671,-14.054,21.9,602.469,-1,0.129,-0.001,0.0,0
812,40.6,-210.281,-11.684,106.71,393.367,-14.053,21.96,603.652,-1,0.024,0.011,0.0,0
813,40.65,-211.756,-11.682,105.88,393.061,-14.052,21.99,604.822,-1,0.053,-0.006,0.0,0
814,40.7,-213.222,-11.681,105.35,392.758,-14.051,21.76,605.984,-1,0.049,0.002,0.0,0
815,40.75,-214.682,-11.68,105.06,392.457,-14.05,21.61,607.144,-1,0.043,0.004,0.0,0
816,40.8,-216.141,-11.68,104.92,392.16,-14.049,21.24,608.305,-1,0.036,0.005,0.0,0
817,40.85,-217.597,-11.68,104.8,391.867,-14.047,21.01,609.468,-1,0.637,-0.013,0.0,0
818,40.9,-219.052,-11.68,104.72,391.578,-14.045,20.68,610.634,-1,0.75,-0.027,0.0,0
819,40.95,-220.506,-11.68,104.68,391.291,-14.041,20.67,611.801,-1,0.75,-0.023,0.0,0
820,41.0,-221.959,-11.679,104.61,391.004,-14.037,20.71,612.968,-1,0.75,-0.009,0.0,0
821,41.05,-223.411,-11.678,104.37,390.713,-14.034,21.07,614.128,-1,0.75,0.012,0.0,0
822,41.1,-224.857,-11.676,104.02,390.418,-14.031,21.4,615.28,-1,0.692,0.007,0.0,0
823,41.15,-226.298,-11.673,103.54,390.116,-14.029,21.92,616.419,-1,0.234,-0.006,0.0,0
824,41.2,-227.73,-11.669,102.77,389.81,-14.027,22.08,617.545,-1,0.003,0.017,0.0,0
825,41.25,-229.15,-11.664,101.85,389.502,-14.025,22.17,618.657,-1,0.055,-0.006,0.0,0
826,41.3,-230.556,-11.658,100.92,389.196,-14.022,21.99,619.757,-1,0.051,-0.002,0.0,0
827,41.35,-231.951,-11.651,100.01,388.891,-14.02,21.87,620.846,-1,0.046,0.011,0.0,0
828,41.4,-233.331,-11.642,98.98,388.591,-14.019,21.52,621.926,-1,0.04,0.021,0.0,0
829,41.45,-234.697,-11.633,97.97,388.294,-14.019,21.3,622.995,-1,0.176,0.01,0.0,0
830,41.5,-236.05,-11.622,97.1,388.001,-14.018,20.94,624.056,-1,0.509,-0.003,0.0,0
831,41.55,-237.393,-11.611,96.45,387.711,-14.017,20.85,625.109,-1,0.75,-0.008,0.0,0
832,41.6,-238.729,-11.599,95.97,387.422,-14.015,20.8,626.155,-1,0.75,-0.006,0.0,0
833,41.65,-240.059,-11.586,95.73,387.131,-14.013,21.08,627.195,-1,0.75,0.002,0.0,0
834,41.7,-241.388,-11.572,95.68,386.836,-14.012,21.36,628.229,-1,0.688,-0.003,0.0,0
835,41.75,-242.717,-11.557,95.73,386.535,-14.011,21.83,629.258,-1,0.313,0.014,0.0,0
836,41.8,-244.047,-11.543,95.67,386.231,-14.011,21.97,630.282,-1,0.0,0.014,0.0,0
837,41.85,-245.374,-11.528,95.54,385.924,-14.01,22.07,631.303,-1,0.051,-0.004,0.0,0
838,41.9,-246.699,-11.512,95.28,385.619,-14.01,21.88,632.323,-1,0.047,0.0,0.0,0
839,41.95,-248.019,-11.497,94.79,385.316,-14.009,21.76,633.34,-1,0.041,0.004,0.0,0
840,42.0,-249.33,-11.482,94.16,385.017,-14.009,21.41,634.352,-1,0.035,0.01,0.0,0
841,42.05,-250.632,-11.466,93.52,384.722,-14.008,21.19,635.359,-1,0.347,-0.014,0.0,0
842,42.1,-251.925,-11.45,92.87,384.43,-14.007,20.87,636.361,-1,0.655,-0.006,0.0,0
843,42.15,-253.209,-11.433,92.17,384.14,-14.005,20.87,637.355,-1,0.75,-0.005,0.0,0
844,42.2,-254.484,-11.415,91.51,383.85,-14.004,20.92,638.339,-1,0.75,0.009,0.0,0
845,42.25,-255.75,-11.395,91.01,383.557,-14.004,21.29,639.312,-1,0.75,-0.0,0.0,0
846,42.3,-257.011,-11.371,90.69,383.259,-14.003,21.6,640.275,-1,0.375,0.002,0.0,0
847,42.35,-258.269,-11.344,90.55,382.956,-14.002,21.92,641.23,-1,0.0,-0.004,0.0,0
848,42.4,-259.526,-11.313,90.58,382.651,-14.001,21.89,642.183,-1,0.043,0.002,0.0,0
849,42.45,-260.785,-11.276,90.74,382.347,-13.999,21.87,643.138,-1,0.044,-0.013,0.0,0
850,42.5,-262.046,-11.233,90.93,382.046,-13.997,21.6,644.098,-1,0.042,-0.009,0.0,0
851,42.55,-263.308,-11.182,90.89,381.747,-13.994,21.42,645.062,-1,0.042,-0.011,0.0,0
852,42.6,-264.568,-11.123,90.67,381.453,-13.992,21.04,646.027,-1,0.333,-0.003,0.0,0
853,42.65,-265.822,-11.055,90.32,381.162,-13.989,20.9,646.991,-1,0.75,-0.007,0.0,0
854,42.7,-267.071,-10.978,89.83,380.873,-13.987,20.75,647.951,-1,0.75,-0.0,0.0,0
855,42.75,-268.309,-10.891,89.11,380.584,-13.984,20.95,648.9,-1,0.75,0.001,0.0,0
856,42.8,-269.536,-10.793,88.29,380.291,-13.98,21.16,649.835,-1,0.75,-0.033,0.0,0
857,42.85,-270.751,-10.684,87.41,379.993,-13.977,21.64,650.752,-1,0.591,0.011,0.0,0
858,42.9,-271.95,-10.564,86.4,379.69,-13.975,21.94,651.649,-1,0.0,0.018,0.0,0
859,42.95,-273.135,-10.433,85.41,379.383,-13.973,22.17,652.527,-1,0.045,0.007,0.0,0
860,43.0,-274.305,-10.29,84.6,379.076,-13.973,22.07,653.392,-1,0.045,0.027,0.0,0
861,43.05,-275.465,-10.134,84.06,378.77,-13.974,22.0,654.246,-1,0.043,0.027,0.0,0
862,43.1,-276.618,-9.964,83.8,378.467,-13.975,21.69,655.097,-1,0.041,0.018,0.0,0
863,43.15,-277.767,-9.781,83.77,378.167,-13.977,21.49,655.948,-1,0.035,0.018,0.0,0
864,43.2,-278.915,-9.584,83.91,377.872,-13.978,21.09,656.802,-1,0.211,-0.012,0.0,0
865,43.25,-280.063,-9.372,84.09,377.581,-13.98,20.9,657.66,-1,0.75,0.015,0.0,0
866,43.3,-281.209,-9.147,84.07,377.293,-13.982,20.66,658.519,-1,0.75,0.019,0.0,0
867,43.35,-282.35,-8.91,83.85,377.005,-13.983,20.78,659.375,-1,0.75,-0.01,0.0,0
868,43.4,-283.486,-8.662,83.51,376.715,-13.985,20.93,660.222,-1,0.75,0.004,0.0,0
869,43.45,-284.612,-8.403,83.0,376.421,-13.986,21.38,661.057,-1,0.75,-0.007,0.0,0
870,43.5,-285.727,-8.134,82.2,376.121,-13.987,21.75,661.873,-1,0.226,-0.005,0.0,0
871,43.55,-286.826,-7.858,81.22,375.815,-13.987,22.08,662.67,-1,0.0,-0.003,0.0,0
872,43.6,-287.909,-7.576,80.21,375.509,-13.988,22.04,663.449,-1,0.05,-0.004,0.0,0
873,43.65,-288.977,-7.286,79.21,375.203,-13.986,22.01,664.213,-1,0.046,-0.042,0.0,0
874,43.7,-290.027,-6.989,78.2,374.9,-13.986,21.73,664.964,-1,0.041,0.027,0.0,0
875,43.75,-291.062,-6.687,77.32,374.599,-13.986,21.54,665.702,-1,0.035,0.006,0.0,0
876,43.8,-292.085,-6.378,76.71,374.303,-13.987,21.15,666.432,-1,0.126,0.003,0.0,0
877,43.85,-293.1,-6.061,76.44,374.012,-13.988,20.95,667.159,-1,0.75,0.008,0.0,0
878,43.9,-294.11,-5.736,76.43,373.723,-13.989,20.66,667.884,-1,0.75,0.005,0.0,0
879,43.95,-295.119,-5.401,76.59,373.436,-13.991,20.72,668.61,-1,0.75,0.016,0.0,0
880,44.0,-296.128,-5.057,76.9,373.148,-13.993,20.82,669.336,-1,0.75,0.01,0.0,0
881,44.05,-297.139,-4.704,77.27,372.855,-13.995,21.23,670.059,-1,0.75,-0.001,0.0,0
882,44.1,-298.152,-4.34,77.53,372.557,-13.996,21.58,670.779,-1,0.449,-0.009,0.0,0
883,44.15,-299.162,-3.969,77.34,372.254,-13.998,21.96,671.491,-1,0.0,-0.0,0.0,0
884,44.2,-300.163,-3.593,76.71,371.949,-13.999,21.97,672.192,-1,0.048,0.0,0.0,0
885,44.25,-301.15,-3.214,75.82,371.643,-14.001,21.98,672.88,-1,0.052,0.012,0.0,0
886,44.3,-302.122,-2.832,74.76,371.34,-14.003,21.73,673.555,-1,0.047,-0.004,0.0,0
887,44.35,-303.077,-2.448,73.64,371.04,-14.004,21.57,674.216,-1,0.04,-0.008,0.0,0
888,44.4,-304.015,-2.062,72.58,370.743,-14.005,21.19,674.864,-1,0.086,-0.01,0.0,0
889,44.45,-304.937,-1.675,71.74,370.451,-14.005,20.98,675.501,-1,0.7,-0.008,0.0,0
890,44.5,-305.849,-1.284,71.25,370.162,-14.005,20.68,676.13,-1,0.75,-0.007,0.0,0
891,44.55,-306.753,-0.886,71.04,369.874,-14.004,20.71,676.755,-1,0.75,-0.019,0.0,0
892,44.6,-307.653,-0.482,71.02,369.586,-14.004,20.79,677.374,-1,0.75,0.005,0.0,0
893,44.65,-308.55,-0.07,71.14,369.295,-14.003,21.18,677.988,-1,0.75,-0.011,0.0,0
894,44.7,-309.447,0.35,71.36,368.997,-14.002,21.52,678.596,-1,0.526,-0.012,0.0,0
895,44.75,-310.343,0.777,71.61,368.695,-14.001,21.94,679.199,-1,0.081,-0.007,0.0,0
896,44.8,-311.239,1.213,71.77,368.39,-13.999,21.99,679.799,-1,0.034,-0.005,0.0,0
897,44.85,-312.132,1.655,71.65,368.084,-13.997,22.02,680.396,-1,0.054,-0.005,0.0,0
898,44.9,-313.018,2.102,71.29,367.78,-13.995,21.78,680.988,-1,0.049,-0.01,0.0,0
899,44.95,-313.895,2.553,70.82,367.479,-13.993,21.63,681.574,-1,0.043,-0.004,0.0,0
900,45.0,-314.762,3.007,70.3,367.181,-13.991,21.26,682.155,-1,0.037,0.002,0.0,0
901,45.05,-315.62,3.465,69.8,366.888,-13.989,21.03,682.731,-1,0.599,-0.013,0.0,0
902,45.1,-316.469,3.927,69.41,366.599,-13.983,20.67,683.302,-1,0.75,-0.1,0.0,0
903,45.15,-317.31,4.393,69.2,366.312,-13.977,20.66,683.869,-1,0.75,0.02,0.0,0
904,45.2,-318.147,4.865,69.19,366.025,-13.973,20.69,684.432,-1,0.75,0.01,0.0,0
905,45.25,-318.982,5.344,69.36,365.735,-13.969,21.06,684.989,-1,0.75,0.003,0.0,0
906,45.3,-319.815,5.831,69.66,365.44,-13.965,21.4,685.541,-1,0.713,0.005,0.0,0
907,45.35,-320.649,6.328,70.03,365.138,-13.962,21.93,686.088,-1,0.246,-0.002,0.0,0
908,45.4,-321.484,6.833,70.36,364.832,-13.957,22.11,686.631,-1,0.003,-0.019,0.0,0
909,45.45,-322.319,7.346,70.6,364.524,-13.952,22.21,687.173,-1,0.056,0.001,0.0,0
910,45.5,-323.151,7.866,70.76,364.217,-13.949,22.03,687.714,-1,0.052,0.038,0.0,0
911,45.55,-323.983,8.393,70.97,363.912,-13.947,21.91,688.257,-1,0.045,0.011,0.0,0
912,45.6,-324.813,8.927,71.18,363.61,-13.946,21.56,688.804,-1,0.039,0.019,0.0,0
913,45.65,-325.643,9.468,71.34,363.313,-13.944,21.35,689.353,-1,0.094,0.002,0.0,0
914,45.7,-326.471,10.014,71.43,363.02,-13.943,20.95,689.906,-1,0.447,0.01,0.0,0
915,45.75,-327.296,10.566,71.49,362.73,-13.941,20.82,690.461,-1,0.75,-0.008,0.0,0
916,45.8,-328.119,11.124,71.7,362.442,-13.938,20.69,691.016,-1,0.75,-0.001,0.0,0
917,45.85,-328.942,11.689,72.04,362.153,-13.937,20.92,691.57,-1,0.75,0.006,0.0,0
918,45.9,-329.767,12.261,72.46,361.861,-13.935,21.16,692.123,-1,0.75,0.008,0.0,0
919,45.95,-330.594,12.842,72.9,361.562,-13.934,21.66,692.674,-1,0.597,-0.003,0.0,0
920,46.0,-331.421,13.431,73.32,361.259,-13.932,21.97,693.22,-1,0.0,0.011,0.0,0
921,46.05,-332.249,14.03,73.81,360.951,-13.931,22.21,693.765,-1,0.054,0.002,0.0,0
922,46.1,-333.079,14.639,74.34,360.643,-13.93,22.13,694.311,-1,0.05,0.007,0.0,0
923,46.15,-333.911,15.259,74.9,360.337,-13.929,22.07,694.861,-1,0.044,-0.001,0.0,0
924,46.2,-334.743,15.891,75.46,360.033,-13.928,21.77,695.415,-1,0.037,0.009,0.0,0
925,46.25,-335.575,16.536,76.05,359.732,-13.928,21.57,695.974,-1,0.031,0.003,0.0,0
926,46.3,-336.407,17.195,76.65,359.436,-13.927,21.16,696.539,-1,0.082,0.008,0.0,0
927,46.35,-337.239,17.868,77.26,359.144,-13.928,20.92,697.108,-1,0.75,0.008,0.0,0
928,46.4,-338.07,18.554,77.87,358.856,-13.929,20.6,697.683,-1,0.75,0.025,0.0,0
929,46.45,-338.899,19.257,78.44,358.57,-13.928,20.6,698.258,-1,0.75,-0.039,0.0,0
930,46.5,-339.724,19.976,79.03,358.284,-13.926,20.66,698.831,-1,0.75,-0.008,0.0,0
931,46.55,-340.545,20.712,79.63,357.994,-13.924,21.04,699.397,-1,0.75,-0.001,0.0,0
932,46.6,-341.363,21.464,80.22,357.699,-13.923,21.4,699.957,-1,0.741,0.002,0.0,0
933,46.65,-342.174,22.235,80.77,357.397,-13.922,21.96,700.504,-1,0.235,-0.002,0.0,0
934,46.7,-342.977,23.025,81.33,357.09,-13.921,22.17,701.041,-1,0.0,0.003,0.0,0
935,46.75,-343.773,23.833,81.9,356.781,-13.92,22.28,701.57,-1,0.051,-0.003,0.0,0
936,46.8,-344.559,24.661,82.41,356.472,-13.919,22.11,702.093,-1,0.046,0.0,0.0,0
937,46.85,-345.334,25.51,82.95,356.166,-13.917,22.0,702.608,-1,0.04,-0.01,0.0,0
938,46.9,-346.098,26.379,83.49,355.864,-13.915,21.65,703.117,-1,0.035,-0.009,0.0,0
939,46.95,-346.85,27.268,84.02,355.565,-13.912,21.42,703.621,-1,0.032,-0.022,0.0,0
940,47.0,-347.587,28.178,84.51,355.271,-13.908,21.0,704.117,-1,0.335,-0.007,0.0,0
941,47.05,-348.31,29.108,85.02,354.981,-13.905,20.82,704.605,-1,0.75,-0.004,0.0,0
942,47.1,-349.017,30.059,85.52,354.694,-13.902,20.64,705.083,-1,0.75,0.011,0.0,0
943,47.15,-349.708,31.031,86.03,354.406,-13.901,20.81,705.546,-1,0.75,0.009,0.0,0
944,47.2,-350.382,32.023,86.5,354.115,-13.9,21.01,705.993,-1,0.75,0.014,0.0,0
945,47.25,-351.038,33.035,86.99,353.819,-13.899,21.5,706.419,-1,0.75,0.007,0.0,0
946,47.3,-351.676,34.066,87.48,353.517,-13.898,21.9,706.823,-1,0.055,0.013,0.0,0
947,47.35,-352.295,35.116,87.97,353.21,-13.897,22.26,707.206,-1,0.029,-0.001,0.0,0
948,47.4,-352.895,36.186,88.43,352.901,-13.897,22.23,707.57,-1,0.051,0.007,0.0,0
949,47.45,-353.474,37.274,88.91,352.592,-13.896,22.22,707.918,-1,0.045,0.004,0.0,0
950,47.5,-354.033,38.38,89.39,352.285,-13.896,21.95,708.25,-1,0.039,0.009,0.0,0
951,47.55,-354.571,39.503,89.84,351.982,-13.896,21.77,708.568,-1,0.033,0.006,0.0,0
952,47.6,-355.087,40.644,90.31,351.683,-13.896,21.37,708.871,-1,0.029,0.001,0.0,0
953,47.65,-355.581,41.801,90.78,351.389,-13.896,21.12,709.16,-1,0.417,0.0,0.0,0
954,47.7,-356.053,42.975,91.25,351.098,-13.896,20.77,709.435,-1,0.75,-0.008,0.0,0
955,47.75,-356.503,44.164,91.69,350.81,-13.896,20.74,709.692,-1,0.75,0.014,0.0,0
956,47.8,-356.929,45.369,92.15,350.522,-13.896,20.76,709.929,-1,0.75,-0.008,0.0,0
957,47.85,-357.331,46.588,92.61,350.231,-13.895,21.11,710.143,-1,0.75,-0.009,0.0,0
958,47.9,-357.71,47.821,93.04,349.935,-13.895,21.42,710.332,-1,0.64,0.011,0.0,0
959,47.95,-358.064,49.068,93.49,349.634,-13.894,21.89,710.493,-1,0.218,-0.008,0.0,0
960,48.0,-358.394,50.328,93.93,349.329,-13.892,22.0,710.63,-1,0.003,-0.02,0.0,0
961,48.05,-358.698,51.601,94.38,349.022,-13.891,22.07,710.744,-1,0.049,0.003,0.0,0
962,48.1,-358.977,52.886,94.8,348.717,-13.89,21.86,710.838,-1,0.044,0.009,0.0,0
963,48.15,-359.231,54.182,95.23,348.415,-13.888,21.71,710.912,-1,0.037,-0.04,0.0,0
964,48.2,-359.458,55.489,95.66,348.116,-13.884,21.35,710.967,-1,0.032,-0.015,0.0,0
965,48.25,-359.659,56.806,96.09,347.822,-13.88,21.13,711.003,-1,0.444,-0.009,0.0,0
966,48.3,-359.833,58.133,96.52,347.531,-13.878,20.79,711.021,-1,0.75,0.026,0.0,0
967,48.35,-359.982,59.47,96.96,347.243,-13.878,20.79,711.018,-1,0.75,0.028,0.0,0
968,48.4,-360.105,60.815,97.42,346.954,-13.878,20.82,710.994,-1,0.75,0.009,0.0,0
969,48.45,-360.204,62.168,97.88,346.662,-13.878,21.19,710.945,-1,0.75,0.015,0.0,0
970,48.5,-360.28,63.53,98.34,346.365,-13.879,21.5,710.872,-1,0.526,0.013,0.0,0
971,48.55,-360.332,64.899,98.81,346.063,-13.88,21.9,710.774,-1,0.111,0.007,0.0,0
972,48.6,-360.364,66.275,99.32,345.758,-13.88,21.94,710.657,-1,0.024,-0.013,0.0,0
973,48.65,-360.378,67.659,99.83,345.453,-13.879,21.96,710.525,-1,0.051,-0.008,0.0,0
974,48.7,-360.375,69.05,100.34,345.15,-13.878,21.72,710.382,-1,0.048,-0.013,0.0,0
975,48.75,-360.358,70.448,100.87,344.85,-13.876,21.57,710.232,-1,0.042,-0.017,0.0,0
976,48.8,-360.331,71.853,101.4,344.553,-13.874,21.2,710.078,-1,0.094,0.01,0.0,0
977,48.85,-360.295,73.265,101.94,344.261,-13.875,20.98,709.924,-1,0.696,0.046,0.0,0
978,48.9,-360.253,74.685,102.47,343.972,-13.878,20.69,709.772,-1,0.75,0.026,0.0,0
979,48.95,-360.207,76.112,103.01,343.684,-13.881,20.73,709.621,-1,0.75,0.017,0.0,0
980,49.0,-360.162,77.546,103.53,343.396,-13.885,20.81,709.474,-1,0.75,0.031,0.0,0
981,49.05,-360.117,78.988,104.06,343.104,-13.889,21.22,709.327,-1,0.75,0.025,0.0,0
982,49.1,-360.075,80.437,104.57,342.806,-13.895,21.55,709.183,-1,0.473,0.025,0.0,0
983,49.15,-360.039,81.893,105.08,342.503,-13.902,21.95,709.043,-1,0.027,0.02,0.0,0
984,49.2,-360.008,83.356,105.58,342.198,-13.908,21.97,708.91,-1,0.04,0.013,0.0,0
985,49.25,-359.984,84.826,106.07,341.893,-13.915,21.98,708.788,-1,0.052,0.018,0.0,0
986,49.3,-359.967,86.304,106.57,341.59,-13.923,21.74,708.68,-1,0.048,0.019,0.0,0
987,49.35,-359.958,87.788,107.06,341.289,-13.931,21.58,708.586,-1,0.043,0.014,0.0,0
988,49.4,-359.957,89.279,107.54,340.993,-13.939,21.21,708.508,-1,0.074,0.017,0.0,0
989,49.45,-359.962,90.777,108.03,340.7,-13.948,20.99,708.445,-1,0.688,0.011,0.0,0
990,49.5,-359.974,92.281,108.52,340.411,-13.955,20.68,708.396,-1,0.75,-0.011,0.0,0
991,49.55,-359.991,93.792,109.01,340.124,-13.962,20.7,708.359,-1,0.75,-0.007,0.0,0
992,49.6,-360.013,95.31,109.49,339.836,-13.969,20.77,708.33,-1,0.75,0.003,0.0,0
993,49.65,-360.038,96.835,109.98,339.545,-13.976,21.16,708.305,-1,0.75,-0.002,0.0,0
994,49.7,-360.066,98.366,110.46,339.248,-13.983,21.49,708.282,-1,0.565,-0.006,0.0,0
995,49.75,-360.095,99.904,110.94,338.946,-13.99,21.93,708.258,-1,0.122,-0.002,0.0,0
996,49.8,-360.123,101.448,111.42,338.641,-13.997,22.0,708.237,-1,0.026,0.001,0.0,0
997,49.85,-360.15,102.999,111.89,338.335,-14.004,22.04,708.217,-1,0.054,-0.018,0.0,0
998,49.9,-360.175,104.557,112.36,338.031,-14.009,21.81,708.201,-1,0.05,-0.015,0.0,0
999,49.95,-360.196,106.121,112.72,337.729,-14.013,21.67,708.189,-1,0.044,-0.033,0.0,0
1000,50.0,-360.213,107.686,112.58,337.431,-14.016,21.3,708.18,-1,0.038,-0.02,0.0,0
1001,50.05,-360.225,109.244,111.82,337.137,-14.017,21.07,708.172,-1,0.538,-0.041,0.0,0
1002,50.1,-360.232,110.787,110.63,336.848,-14.018,20.74,708.164,-1,0.75,-0.015,0.0,0
1003,50.15,-360.235,112.311,109.16,336.56,-14.018,20.74,708.153,-1,0.75,-0.026,0.0,0
1004,50.2,-360.232,113.814,107.48,336.271,-14.017,20.78,708.136,-1,0.75,-0.025,0.0,0
1005,50.25,-360.224,115.291,105.67,335.98,-14.014,21.14,708.11,-1,0.75,-0.061,0.0,0
1006,50.3,-360.211,116.743,103.76,335.684,-14.01,21.46,708.072,-1,0.61,-0.014,0.0,0
1007,50.35,-360.195,118.167,101.78,335.382,-14.006,21.91,708.023,-1,0.163,-0.032,0.0,0
1008,50.4,-360.174,119.564,99.75,335.076,-14.001,22.01,707.963,-1,0.017,-0.013,0.0,0
1009,50.45,-360.149,120.932,97.7,334.77,-13.995,22.07,707.897,-1,0.054,-0.04,0.0,0
1010,50.5,-360.122,122.271,95.64,334.465,-13.989,21.85,707.827,-1,0.05,-0.006,0.0,0
1011,50.55,-360.092,123.582,93.57,334.163,-13.98,21.69,707.753,-1,0.044,-0.081,0.0,0
1012,50.6,-360.061,124.864,91.51,333.865,-13.971,21.33,707.678,-1,0.037,0.007,0.0,0
1013,50.65,-360.028,126.118,89.47,333.571,-13.96,21.07,707.603,-1,0.49,-0.102,0.0,0
1014,50.7,-359.995,127.343,87.43,333.282,-13.947,20.75,707.528,-1,0.75,-0.011,0.0,0
1015,50.75,-359.961,128.54,85.42,332.995,-13.933,20.73,707.451,-1,0.75,-0.075,0.0,0
1016,50.8,-359.928,129.709,83.44,332.707,-13.917,20.78,707.37,-1,0.75,-0.026,0.0,0
1017,50.85,-359.896,130.851,81.47,332.416,-13.9,21.14,707.283,-1,0.75,-0.055,0.0,0
1018,50.9,-359.866,131.966,79.54,332.12,-13.88,21.46,707.189,-1,0.601,-0.059,0.0,0
1019,50.95,-359.837,133.055,77.63,331.819,-13.861,21.91,707.087,-1,0.173,-0.005,0.0,0
1020,51.0,-359.809,134.117,75.82,331.514,-13.84,21.99,706.979,-1,0.014,-0.061,0.0,0
1021,51.05,-359.783,135.156,74.08,331.21,-13.814,22.03,706.869,-1,0.053,-0.088,0.0,0
1022,51.1,-359.76,136.17,72.43,330.907,-13.789,21.81,706.758,-1,0.05,-0.007,0.0,0
1023,51.15,-359.738,137.163,70.95,330.606,-13.765,21.67,706.65,-1,0.044,-0.0,0.0,0
1024,51.2,-359.717,138.138,69.7,330.309,-13.742,21.31,706.543,-1,0.038,-0.019,0.0,0
1025,51.25,-359.699,139.098,68.83,330.016,-13.719,21.08,706.441,-1,0.525,0.0,0.0,0
1026,51.3,-359.682,140.05,68.4,329.726,-13.697,20.76,706.344,-1,0.75,0.001,0.0,0
1027,51.35,-359.666,140.999,68.29,329.439,-13.676,20.75,706.251,-1,0.75,0.029,0.0,0
1028,51.4,-359.651,141.948,68.43,329.151,-13.657,20.79,706.16,-1,0.75,0.023,0.0,0
1029,51.45,-359.636,142.901,68.73,328.86,-13.639,21.16,706.068,-1,0.75,0.029,0.0,0
1030,51.5,-359.622,143.859,69.14,328.564,-13.623,21.47,705.975,-1,0.567,0.049,0.0,0
1031,51.55,-359.609,144.823,69.56,328.263,-13.609,21.89,705.881,-1,0.153,0.057,0.0,0
1032,51.6,-359.595,145.79,69.65,327.958,-13.597,21.97,705.786,-1,0.018,0.049,0.0,0
1033,51.65,-359.582,146.755,69.33,327.653,-13.587,22.0,705.692,-1,0.053,0.069,0.0,0
1034,51.7,-359.57,147.713,68.75,327.349,-13.58,21.77,705.601,-1,0.049,0.055,0.0,0
1035,51.75,-359.557,148.662,68.07,327.048,-13.574,21.62,705.512,-1,0.043,0.063,0.0,0
1036,51.8,-359.545,149.602,67.35,326.751,-13.57,21.26,705.427,-1,0.037,0.049,0.0,0
1037,51.85,-359.533,150.53,66.5,326.458,-13.565,21.02,705.344,-1,0.616,-0.01,0.0,0
1038,51.9,-359.521,151.447,65.69,326.169,-13.56,20.69,705.264,-1,0.75,0.032,0.0,0
1039,51.95,-359.509,152.354,65.09,325.882,-13.554,20.69,705.185,-1,0.75,0.0,0.0,0
1040,52.0,-359.497,153.255,64.8,325.594,-13.548,20.72,705.105,-1,0.75,-0.011,0.0,0
1041,52.05,-359.485,154.155,64.81,325.303,-13.54,21.09,705.023,-1,0.75,-0.009,0.0,0
1042,52.1,-359.473,155.056,64.96,325.008,-13.532,21.42,704.937,-1,0.66,-0.02,0.0,0
1043,52.15,-359.461,155.958,64.91,324.706,-13.523,21.91,704.847,-1,0.217,0.002,0.0,0
1044,52.2,-359.448,156.857,64.64,324.401,-13.515,22.05,704.753,-1,0.006,-0.012,0.0,0
1045,52.25,-359.436,157.752,64.27,324.094,-13.506,22.13,704.658,-1,0.055,0.003,0.0,0
1046,52.3,-359.424,158.641,63.89,323.788,-13.498,21.93,704.564,-1,0.051,0.011,0.0,0
1047,52.35,-359.412,159.525,63.48,323.485,-13.492,21.8,704.473,-1,0.045,0.021,0.0,0
1048,52.4,-359.399,160.402,62.9,323.185,-13.487,21.45,704.385,-1,0.039,0.023,0.0,0
1049,52.45,-359.387,161.27,62.26,322.889,-13.483,21.22,704.301,-1,0.294,0.042,0.0,0
1050,52.5,-359.375,162.13,61.71,322.597,-13.482,20.89,704.22,-1,0.621,0.047,0.0,0
1051,52.55,-359.363,162.984,61.37,322.307,-13.482,20.87,704.141,-1,0.75,0.039,0.0,0
1052,52.6,-359.35,163.836,61.3,322.017,-13.485,20.89,704.063,-1,0.75,0.063,0.0,0
1053,52.65,-359.338,164.688,61.39,321.725,-13.49,21.24,703.984,-1,0.75,0.06,0.0,0
1054,52.7,-359.326,165.54,61.27,321.427,-13.497,21.54,703.902,-1,0.464,0.057,0.0,0
1055,52.75,-359.313,166.388,60.91,321.125,-13.506,21.9,703.817,-1,0.065,0.054,0.0,0
1056,52.8,-359.301,167.23,60.44,320.821,-13.516,21.9,703.729,-1,0.032,0.052,0.0,0
1057,52.85,-359.289,168.065,59.98,320.517,-13.527,21.91,703.641,-1,0.049,0.04,0.0,0
1058,52.9,-359.276,168.895,59.64,320.215,-13.539,21.65,703.556,-1,0.045,0.025,0.0,0
1059,52.95,-359.264,169.723,59.58,319.916,-13.551,21.49,703.473,-1,0.039,0.025,0.0,0
1060,53.0,-359.252,170.551,59.77,319.621,-13.562,21.12,703.396,-1,0.227,0.016,0.0,0
1061,53.05,-359.239,171.384,60.12,319.329,-13.574,20.95,703.324,-1,0.75,0.012,0.0,0
1062,53.1,-359.227,172.223,60.5,319.04,-13.586,20.74,703.257,-1,0.75,0.013,0.0,0
1063,53.15,-359.214,173.064,60.53,318.751,-13.598,20.89,703.192,-1,0.75,0.003,0.0,0
1064,53.2,-359.201,173.901,60.13,318.46,-13.609,21.06,703.125,-1,0.75,-0.002,0.0,0
1065,53.25,-359.189,174.73,59.4,318.164,-13.62,21.53,703.053,-1,0.749,-0.002,0.0,0
1066,53.3,-359.177,175.548,58.53,317.862,-13.631,21.92,702.972,-1,0.006,-0.003,0.0,0
1067,53.35,-359.164,176.355,57.85,317.554,-13.643,22.26,702.885,-1,0.027,-0.001,0.0,0
1068,53.4,-359.152,177.154,57.45,317.246,-13.653,22.23,702.796,-1,0.045,-0.015,0.0,0
1069,53.45,-359.14,177.951,57.39,316.937,-13.664,22.2,702.707,-1,0.044,0.009,0.0,0
1070,53.5,-359.128,178.75,57.6,316.631,-13.676,21.93,702.622,-1,0.042,-0.002,0.0,0
1071,53.55,-359.116,179.553,57.97,316.328,-13.686,21.75,702.543,-1,0.037,-0.004,0.0,0
1072,53.6,-359.104,180.362,58.46,316.03,-13.697,21.35,702.47,-1,0.032,0.003,0.0,0
1073,53.65,-359.091,181.178,59.02,315.736,-13.708,21.1,702.404,-1,0.451,-0.003,0.0,0
1074,53.7,-359.079,182.003,59.64,315.446,-13.718,20.75,702.346,-1,0.75,-0.008,0.0,0
1075,53.75,-359.066,182.837,60.28,315.158,-13.728,20.73,702.293,-1,0.75,-0.001,0.0,0
1076,53.8,-359.053,183.679,60.82,314.871,-13.737,20.75,702.244,-1,0.75,-0.006,0.0,0
1077,53.85,-359.04,184.524,60.85,314.58,-13.752,21.03,702.196,-1,0.75,0.199,0.0,0
1078,53.9,-359.028,185.365,60.29,314.287,-13.776,21.33,702.147,-1,0.75,0.146,0.0,0
1079,53.95,-359.015,186.195,59.4,313.989,-13.809,21.82,702.094,-1,0.385,0.192,0.0,0
1080,54.0,-359.003,187.011,58.3,313.687,-13.849,22.04,702.037,-1,0.0,0.177,0.0,0
1081,54.05,-358.991,187.811,57.13,313.383,-13.897,22.17,701.978,-1,0.049,0.193,0.0,0
1082,54.1,-358.979,188.594,55.97,313.082,-13.95,22.02,701.918,-1,0.044,0.18,0.0,0
1083,54.15,-358.967,189.362,54.76,312.783,-14.008,21.9,701.86,-1,0.038,0.186,0.0,0
1084,54.2,-358.956,190.112,53.57,312.489,-14.072,21.58,701.804,-1,0.033,0.169,0.0,0
1085,54.25,-358.945,190.847,52.5,312.199,-14.139,21.36,701.75,-1,0.171,0.173,0.0,0
1086,54.3,-358.934,191.568,51.54,311.914,-14.21,21.01,701.699,-1,0.52,0.163,0.0,0
1087,54.35,-358.923,192.277,50.78,311.635,-14.287,20.89,701.652,-1,0.75,0.188,0.0,0
1088,54.4,-358.913,192.978,50.31,311.358,-14.369,20.82,701.609,-1,0.75,0.203,0.0,0
1089,54.45,-358.902,193.675,50.17,311.081,-14.458,21.11,701.567,-1,0.75,0.176,0.0,0
1090,54.5,-358.891,194.372,50.23,310.802,-14.553,21.38,701.526,-1,0.75,0.189,0.0,0
1091,54.55,-358.881,195.07,50.23,310.519,-14.656,21.88,701.485,-1,0.378,0.192,0.0,0
1092,54.6,-358.87,195.767,50.19,310.235,-14.767,22.08,701.445,-1,0.0,0.203,0.0,0
1093,54.65,-358.859,196.464,50.12,309.95,-14.882,22.23,701.407,-1,0.052,0.157,0.0,0
1094,54.7,-358.848,197.159,50.05,309.666,-15.001,22.09,701.372,-1,0.049,0.136,0.0,0
1095,54.75,-358.837,197.854,49.98,309.385,-15.121,22.0,701.341,-1,0.043,0.103,0.0,0
1096,54.8,-358.826,198.547,49.92,309.106,-15.24,21.67,701.312,-1,0.037,0.065,0.0,0
1097,54.85,-358.81,199.24,49.78,308.832,-15.358,21.45,701.283,-1,0.031,0.069,0.0,0
1098,54.9,-358.785,199.929,49.61,308.561,-15.475,21.04,701.249,-1,0.3,0.031,0.0,0
1099,54.95,-358.752,200.616,49.45,308.295,-15.591,20.85,701.211,-1,0.75,0.048,0.0,0
1100,55.0,-358.713,201.301,49.32,308.032,-15.706,20.66,701.171,-1,0.75,0.033,0.0,0
1101,55.05,-358.669,201.983,49.23,307.768,-15.821,20.82,701.125,-1,0.75,0.006,0.0,0
1102,55.1,-358.619,202.665,49.18,307.5,-15.934,20.99,701.071,-1,0.75,-0.04,0.0,0
1103,55.15,-358.566,203.346,49.17,307.227,-16.046,21.47,701.008,-1,0.75,-0.057,0.0,0
1104,55.2,-358.504,204.026,49.16,306.946,-16.156,21.85,700.931,-1,0.115,-0.076,0.0,0
1105,55.25,-358.434,204.705,49.2,306.659,-16.264,22.17,700.84,-1,0.012,-0.101,0.0,0
1106,55.3,-358.357,205.384,49.25,306.37,-16.367,22.12,700.739,-1,0.049,-0.129,0.0,0
1107,55.35,-358.27,206.063,49.25,306.079,-16.464,22.08,700.627,-1,0.044,-0.137,0.0,0
1108,55.4,-358.172,206.74,49.29,305.789,-16.556,21.79,700.504,-1,0.039,-0.152,0.0,0
1109,55.45,-358.066,207.417,49.34,305.5,-16.64,21.58,700.372,-1,0.033,-0.165,0.0,0
1110,55.5,-357.947,208.091,49.3,305.215,-16.718,21.18,700.23,-1,0.154,-0.176,0.0,0
1111,55.55,-357.816,208.763,49.31,304.931,-16.788,20.96,700.077,-1,0.75,-0.183,0.0,0
1112,55.6,-357.675,209.434,49.33,304.65,-16.852,20.69,699.914,-1,0.75,-0.178,0.0,0
1113,55.65,-357.521,210.101,49.27,304.369,-16.91,20.76,699.737,-1,0.75,-0.178,0.0,0
1114,55.7,-357.353,210.764,49.27,304.086,-16.967,20.9,699.545,-1,0.75,-0.076,0.0,0
1115,55.75,-357.174,211.425,49.29,303.798,-17.023,21.29,699.337,-1,0.75,-0.272,0.0,0
1116,55.8,-356.982,212.081,49.24,303.504,-17.068,21.55,699.107,-1,0.457,-0.251,0.0,0
1117,55.85,-356.776,212.733,49.25,303.204,-17.102,21.87,698.855,-1,0.187,-0.264,0.0,0
1118,55.9,-356.559,213.382,49.28,302.902,-17.129,21.91,698.587,-1,0.017,-0.249,0.0,0
1119,55.95,-356.328,214.026,49.29,302.599,-17.149,21.94,698.302,-1,0.052,-0.224,0.0,0
1120,56.0,-356.082,214.667,49.49,302.297,-17.163,21.71,698.003,-1,0.047,-0.212,0.0,0
1121,56.05,-355.824,215.307,49.79,301.997,-17.173,21.58,697.693,-1,0.04,-0.168,0.0,0
1122,56.1,-355.551,215.944,50.05,301.701,-17.18,21.24,697.371,-1,0.2,-0.139,0.0,0
1123,56.15,-355.262,216.579,50.35,301.407,-17.184,21.08,697.037,-1,0.69,-0.116,0.0,0
1124,56.2,-354.958,217.211,50.54,301.117,-17.186,20.87,696.689,-1,0.75,-0.115,0.0,0
1125,56.25,-354.638,217.837,50.72,300.826,-17.188,21.01,696.326,-1,0.75,-0.056,0.0,0
1126,56.3,-354.305,218.459,50.85,300.533,-17.189,21.17,695.948,-1,0.75,-0.07,0.0,0
1127,56.35,-353.958,219.074,50.88,300.235,-17.189,21.61,695.55,-1,0.616,-0.029,0.0,0
1128,56.4,-353.596,219.684,51.13,299.933,-17.189,21.89,695.133,-1,0.0,-0.055,0.0,0
1129,56.45,-353.221,220.291,51.56,299.627,-17.188,22.12,694.699,-1,0.05,-0.018,0.0,0
1130,56.5,-352.83,220.894,52.02,299.32,-17.187,22.02,694.249,-1,0.049,-0.04,0.0,0
1131,56.55,-352.421,221.496,52.6,299.015,-17.186,21.95,693.785,-1,0.046,-0.01,0.0,0
1132,56.6,-351.997,222.097,53.19,298.713,-17.184,21.65,693.31,-1,0.041,-0.023,0.0,0
1133,56.65,-351.557,222.695,53.67,298.414,-17.183,21.45,692.822,-1,0.035,0.009,0.0,0
1134,56.7,-351.099,223.29,54.27,298.119,-17.182,21.05,692.323,-1,0.283,-0.013,0.0,0
1135,56.75,-350.623,223.88,54.83,297.828,-17.183,20.87,691.809,-1,0.75,0.026,0.0,0
1136,56.8,-350.128,224.466,55.5,297.54,-17.183,20.68,691.28,-1,0.75,-0.021,0.0,0
1137,56.85,-349.615,225.049,56.2,297.252,-17.184,20.84,690.734,-1,0.75,0.026,0.0,0
1138,56.9,-349.084,225.628,56.83,296.961,-17.185,21.02,690.168,-1,0.75,0.011,0.0,0
1139,56.95,-348.533,226.201,57.53,296.665,-17.188,21.51,689.578,-1,0.75,0.017,0.0,0
1140,57.0,-347.964,226.771,58.25,296.363,-17.192,21.9,688.967,-1,0.034,0.048,0.0,0
1141,57.05,-347.376,227.334,58.89,296.056,-17.197,22.25,688.331,-1,0.021,-0.001,0.0,0
1142,57.1,-346.768,227.891,59.59,295.747,-17.199,22.21,687.673,-1,0.045,-0.04,0.0,0
1143,57.15,-346.14,228.438,60.2,295.438,-17.201,22.18,686.995,-1,0.042,0.017,0.0,0
1144,57.2,-345.494,228.978,60.94,295.133,-17.205,21.9,686.301,-1,0.039,0.041,0.0,0
1145,57.25,-344.83,229.513,61.63,294.83,-17.209,21.72,685.593,-1,0.033,-0.01,0.0,0
1146,57.3,-344.149,230.04,62.34,294.532,-17.214,21.31,684.87,-1,0.029,0.037,0.0,0
1147,57.35,-343.449,230.56,63.04,294.238,-17.221,21.06,684.135,-1,0.515,0.017,0.0,0
1148,57.4,-342.732,231.072,63.69,293.949,-17.227,20.71,683.385,-1,0.75,0.012,0.0,0
1149,57.45,-341.997,231.575,64.36,293.662,-17.232,20.68,682.618,-1,0.75,0.003,0.0,0
1150,57.5,-341.244,232.066,64.97,293.375,-17.238,20.7,681.831,-1,0.75,0.009,0.0,0
1151,57.55,-340.473,232.544,65.62,293.084,-17.245,21.05,681.021,-1,0.75,0.006,0.0,0
1152,57.6,-339.683,233.011,66.26,292.789,-17.251,21.38,680.186,-1,0.723,-0.003,0.0,0
1153,57.65,-338.876,233.464,66.91,292.488,-17.256,21.91,679.324,-1,0.269,-0.007,0.0,0
1154,57.7,-338.051,233.902,67.52,292.182,-17.262,22.09,678.437,-1,0.0,0.009,0.0,0
1155,57.75,-337.208,234.326,68.15,291.874,-17.268,22.2,677.528,-1,0.051,-0.001,0.0,0
1156,57.8,-336.348,234.733,68.78,291.567,-17.274,22.03,676.598,-1,0.046,0.0,0.0,0
1157,57.85,-335.471,235.125,69.38,291.262,-17.28,21.91,675.649,-1,0.04,-0.004,0.0,0
1158,57.9,-334.577,235.499,70.0,290.961,-17.285,21.56,674.683,-1,0.034,-0.005,0.0,0
1159,57.95,-333.667,235.857,70.63,290.663,-17.289,21.34,673.7,-1,0.095,-0.026,0.0,0
1160,58.0,-332.742,236.199,71.27,290.37,-17.292,20.94,672.701,-1,0.46,-0.016,0.0,0
1161,58.05,-331.801,236.525,71.9,290.081,-17.295,20.81,671.686,-1,0.75,-0.015,0.0,0
1162,58.1,-330.846,236.834,72.51,289.793,-17.297,20.68,670.654,-1,0.75,-0.014,0.0,0
1163,58.15,-329.877,237.128,73.14,289.504,-17.298,20.9,669.601,-1,0.75,-0.04,0.0,0
1164,58.2,-328.895,237.407,73.78,289.212,-17.296,21.14,668.528,-1,0.75,-0.042,0.0,0
1165,58.25,-327.899,237.671,74.42,288.914,-17.295,21.64,667.433,-1,0.629,-0.009,0.0,0
1166,58.3,-326.891,237.922,75.06,288.611,-17.291,21.97,666.315,-1,0.0,-0.053,0.0,0
1167,58.35,-325.87,238.159,75.68,288.303,-17.287,22.24,665.178,-1,0.054,-0.023,0.0,0
1168,58.4,-324.838,238.383,76.31,287.995,-17.283,22.17,664.025,-1,0.051,-0.015,0.0,0
1169,58.45,-323.794,238.594,76.95,287.687,-17.278,22.12,662.857,-1,0.044,-0.019,0.0,0
1170,58.5,-322.738,238.793,77.58,287.382,-17.274,21.82,661.678,-1,0.038,-0.01,0.0,0
1171,58.55,-321.672,238.981,78.22,287.081,-17.269,21.63,660.488,-1,0.032,-0.01,0.0,0
1172,58.6,-320.595,239.158,78.83,286.784,-17.265,21.22,659.288,-1,0.028,-0.003,0.0,0
1173,58.65,-319.507,239.322,79.45,286.492,-17.26,20.96,658.08,-1,0.667,-0.003,0.0,0
1174,58.7,-318.409,239.475,80.08,286.204,-17.255,20.6,656.861,-1,0.75,-0.028,0.0,0
1175,58.75,-317.301,239.618,80.7,285.918,-17.25,20.57,655.633,-1,0.75,0.015,0.0,0
1176,58.8,-316.182,239.749,81.3,285.633,-17.246,20.58,654.391,-1,0.75,0.013,0.0,0
1177,58.85,-315.054,239.869,81.91,285.344,-17.243,20.92,653.135,-1,0.75,0.007,0.0,0
1178,58.9,-313.917,239.977,82.52,285.051,-17.239,21.26,651.861,-1,0.75,-0.011,0.0,0
1179,58.95,-312.77,240.075,83.13,284.751,-17.235,21.81,650.568,-1,0.445,0.006,0.0,0
1180,59.0,-311.613,240.161,83.73,284.446,-17.232,22.07,649.259,-1,0.0,0.009,0.0,0
1181,59.05,-310.448,240.237,84.33,284.137,-17.23,22.25,647.935,-1,0.053,0.028,0.0,0
1182,59.1,-309.273,240.302,84.93,283.829,-17.228,22.12,646.6,-1,0.047,0.003,0.0,0
1183,59.15,-308.09,240.356,85.53,283.523,-17.226,22.03,645.255,-1,0.041,0.015,0.0,0
1184,59.2,-306.897,240.401,86.13,283.219,-17.225,21.71,643.902,-1,0.036,0.004,0.0,0
1185,59.25,-305.697,240.437,86.73,282.92,-17.224,21.5,642.541,-1,0.033,0.017,0.0,0
1186,59.3,-304.487,240.464,87.32,282.625,-17.224,21.09,641.174,-1,0.208,0.01,0.0,0
1187,59.35,-303.27,240.483,87.92,282.333,-17.224,20.89,639.8,-1,0.75,0.009,0.0,0
1188,59.4,-302.044,240.494,88.51,282.046,-17.224,20.64,638.42,-1,0.75,0.025,0.0,0
1189,59.45,-300.81,240.499,89.1,281.758,-17.225,20.75,637.03,-1,0.75,-0.009,0.0,0
1190,59.5,-299.567,240.498,89.69,281.469,-17.225,20.89,635.629,-1,0.75,0.007,0.0,0
1191,59.55,-298.317,240.492,90.28,281.175,-17.226,21.34,634.215,-1,0.75,0.02,0.0,0
1192,59.6,-297.058,240.481,90.86,280.876,-17.228,21.71,632.789,-1,0.3,0.018,0.0,0
1193,59.65,-295.791,240.467,91.45,280.571,-17.231,22.04,631.349,-1,0.0,0.012,0.0,0
1194,59.7,-294.516,240.45,92.03,280.265,-17.233,22.01,629.9,-1,0.054,0.01,0.0,0
1195,59.75,-293.233,240.43,92.6,279.959,-17.236,22.0,628.444,-1,0.048,-0.0,0.0,0
1196,59.8,-291.943,240.41,93.18,279.656,-17.238,21.73,626.983,-1,0.042,0.009,0.0,0
1197,59.85,-290.644,240.388,93.75,279.356,-17.24,21.55,625.517,-1,0.035,-0.005,0.0,0
1198,59.9,-289.337,240.366,94.32,279.06,-17.242,21.16,624.049,-1,0.117,0.001,0.0,0
1199,59.95,-288.023,240.344,94.88,278.768,-17.244,20.95,622.578,-1,0.745,-0.001,0.0,0
1200,60.0,-286.701,240.323,95.44,278.479,-17.246,20.66,621.104,-1,0.75,-0.006,0.0,0
1201,60.05,-285.371,240.303,96.0,278.192,-17.247,20.72,619.625,-1,0.75,-0.004,0.0,0
1202,60.1,-284.033,240.284,96.55,277.904,-17.248,20.81,618.139,-1,0.75,-0.023,0.0,0
1203,60.15,-282.687,240.267,97.1,277.611,-17.247,21.22,616.643,-1,0.75,-0.02,0.0,0
1204,60.2,-281.334,240.252,97.65,277.314,-17.245,21.56,615.136,-1,0.472,-0.031,0.0,0
1205,60.25,-279.973,240.238,98.19,277.011,-17.243,21.95,613.619,-1,0.023,-0.003,0.0,0
1206,60.3,-278.605,240.226,98.74,276.705,-17.241,21.98,612.094,-1,0.044,-0.012,0.0,0
1207,60.35,-277.229,240.216,99.28,276.4,-17.238,21.99,610.564,-1,0.053,-0.023,0.0,0
1208,60.4,-275.846,240.208,99.81,276.096,-17.234,21.75,609.029,-1,0.048,-0.026,0.0,0
1209,60.45,-274.455,240.202,100.35,275.796,-17.23,21.59,607.492,-1,0.041,-0.013,0.0,0
1210,60.5,-273.057,240.197,100.88,275.499,-17.224,21.21,605.953,-1,0.052,-0.036,0.0,0
1211,60.55,-271.652,240.194,101.41,275.206,-17.219,20.99,604.413,-1,0.681,-0.001,0.0,0
1212,60.6,-270.239,240.192,101.93,274.918,-17.214,20.66,602.871,-1,0.75,-0.008,0.0,0
1213,60.65,-268.819,240.191,102.45,274.631,-17.207,20.66,601.325,-1,0.75,-0.035,0.0,0
1214,60.7,-267.392,240.191,102.97,274.344,-17.2,20.71,599.773,-1,0.75,-0.02,0.0,0
1215,60.75,-265.957,240.192,103.49,274.054,-17.192,21.08,598.212,-1,0.75,-0.015,0.0,0
1216,60.8,-264.515,240.193,104.01,273.758,-17.183,21.42,596.641,-1,0.673,-0.015,0.0,0
1217,60.85,-263.067,240.195,104.52,273.456,-17.173,21.92,595.059,-1,0.215,-0.039,0.0,0
1218,60.9,-261.611,240.197,105.03,273.151,-17.161,22.07,593.467,-1,0.009,-0.028,0.0,0
1219,60.95,-260.148,240.199,105.54,272.844,-17.153,22.14,591.87,-1,0.056,0.046,0.0,0
1220,61.0,-258.678,240.201,106.04,272.538,-17.146,21.95,590.269,-1,0.051,0.027,0.0,0
1221,61.05,-257.201,240.203,106.54,272.234,-17.141,21.82,588.666,-1,0.045,0.033,0.0,0
1222,61.1,-255.717,240.205,107.04,271.934,-17.137,21.47,587.061,-1,0.039,0.011,0.0,0
1223,61.15,-254.226,240.206,107.54,271.638,-17.134,21.25,585.454,-1,0.254,0.035,0.0,0
1224,61.2,-252.728,240.207,108.03,271.345,-17.131,20.91,583.846,-1,0.582,0.025,0.0,0
1225,61.25,-251.224,240.207,108.52,271.055,-17.13,20.87,582.236,-1,0.75,0.029,0.0,0
1226,61.3,-249.713,240.207,109.01,270.766,-17.129,20.87,580.62,-1,0.75,0.018,0.0,0
1227,61.35,-248.195,240.206,109.49,270.473,-17.13,21.2,578.997,-1,0.75,0.031,0.0,0
1228,61.4,-246.67,240.205,109.98,270.176,-17.131,21.49,577.366,-1,0.511,0.03,0.0,0
1229,61.45,-245.138,240.203,110.46,269.875,-17.129,21.84,575.724,-1,0.129,-0.069,0.0,0
1230,61.5,-243.6,240.201,110.93,269.571,-17.127,21.85,574.075,-1,0.021,0.051,0.0,0
1231,61.55,-242.056,240.198,111.41,269.267,-17.128,21.86,572.423,-1,0.05,0.035,0.0,0
1232,61.6,-240.504,240.195,111.88,268.966,-17.13,21.62,570.768,-1,0.045,0.019,0.0,0
1233,61.65,-238.947,240.192,112.35,268.667,-17.133,21.46,569.111,-1,0.039,0.022,0.0,0
1234,61.7,-237.382,240.188,112.82,268.372,-17.136,21.09,567.453,-1,0.277,0.022,0.0,0
1235,61.75,-235.811,240.184,113.29,268.08,-17.139,20.94,565.793,-1,0.75,0.004,0.0,0
1236,61.8,-234.234,240.18,113.75,267.791,-17.142,20.77,564.131,-1,0.75,0.003,0.0,0
1237,61.85,-232.65,240.176,114.21,267.501,-17.145,20.95,562.464,-1,0.75,0.002,0.0,0
1238,61.9,-231.06,240.171,114.67,267.209,-17.146,21.15,560.789,-1,0.75,-0.015,0.0,0
1239,61.95,-229.464,240.167,115.12,266.911,-17.148,21.62,559.106,-1,0.616,-0.002,0.0,0
1240,62.0,-227.861,240.162,115.58,266.608,-17.149,21.92,557.413,-1,0.0,-0.002,0.0,0
1241,62.05,-226.252,240.158,116.03,266.302,-17.151,22.16,555.713,-1,0.044,-0.003,0.0,0
1242,62.1,-224.637,240.154,116.48,265.995,-17.153,22.07,554.009,-1,0.044,0.007,0.0,0
1243,62.15,-223.015,240.149,116.92,265.688,-17.156,22.01,552.302,-1,0.043,0.017,0.0,0
1244,62.2,-221.388,240.145,117.37,265.385,-17.158,21.7,550.594,-1,0.041,-0.009,0.0,0
1245,62.25,-219.754,240.141,117.81,265.086,-17.16,21.5,548.884,-1,0.036,-0.015,0.0,0
1246,62.3,-218.114,240.138,118.25,264.79,-17.16,21.1,547.173,-1,0.194,-0.021,0.0,0
1247,62.35,-216.468,240.134,118.69,264.499,-17.161,20.91,545.463,-1,0.75,0.013,0.0,0
1248,62.4,-214.816,240.131,119.12,264.211,-17.162,20.66,543.752,-1,0.75,-0.021,0.0,0
1249,62.45,-213.158,240.128,119.55,263.923,-17.163,20.76,542.038,-1,0.75,0.021,0.0,0
1250,62.5,-211.494,240.124,119.98,263.634,-17.165,20.9,540.319,-1,0.75,-0.007,0.0,0
1251,62.55,-209.824,240.122,120.41,263.34,-17.166,21.35,538.592,-1,0.75,-0.004,0.0,0
1252,62.6,-208.148,240.119,120.84,263.04,-17.167,21.71,536.856,-1,0.278,0.006,0.0,0
1253,62.65,-206.466,240.116,121.26,262.736,-17.17,22.04,535.114,-1,0.0,0.021,0.0,0
1254,62.7,-204.779,240.113,121.68,262.43,-17.172,22.0,533.366,-1,0.049,-0.015,0.0,0
1255,62.75,-203.085,240.111,122.1,262.124,-17.174,21.98,531.616,-1,0.046,0.005,0.0,0
1256,62.8,-201.386,240.108,122.51,261.821,-17.176,21.7,529.864,-1,0.041,0.0,0.0,0
1257,62.85,-199.681,240.106,122.93,261.521,-17.179,21.52,528.113,-1,0.035,0.027,0.0,0
1258,62.9,-197.97,240.104,123.34,261.226,-17.182,21.13,526.362,-1,0.166,-0.013,0.0,0
1259,62.95,-196.254,240.101,123.75,260.934,-17.185,20.94,524.611,-1,0.75,0.008,0.0,0
1260,63.0,-194.531,240.099,124.16,260.646,-17.186,20.68,522.859,-1,0.75,-0.029,0.0,0
1261,63.05,-192.804,240.097,124.56,260.358,-17.187,20.77,521.105,-1,0.75,-0.008,0.0,0
1262,63.1,-191.07,240.094,124.97,260.068,-17.187,20.9,519.345,-1,0.75,-0.026,0.0,0
1263,63.15,-189.331,240.092,125.37,259.775,-17.187,21.34,517.579,-1,0.75,0.002,0.0,0
1264,63.2,-187.587,240.089,125.77,259.475,-17.185,21.69,515.805,-1,0.3,-0.037,0.0,0
1265,63.25,-185.837,240.087,126.17,259.171,-17.183,22.02,514.023,-1,0.0,-0.022,0.0,0
1266,63.3,-184.081,240.084,126.56,258.865,-17.18,21.99,512.236,-1,0.054,-0.02,0.0,0
1267,63.35,-182.32,240.082,126.95,258.56,-17.176,21.97,510.448,-1,0.051,-0.011,0.0,0
1268,63.4,-180.553,240.079,127.34,258.257,-17.173,21.7,508.658,-1,0.046,-0.014,0.0,0
1269,63.45,-178.781,240.076,127.73,257.957,-17.169,21.53,506.869,-1,0.04,-0.008,0.0,0
1270,63.5,-177.004,240.073,128.12,257.661,-17.166,21.15,505.08,-1,0.159,-0.01,0.0,0
1271,63.55,-175.221,240.07,128.51,257.369,-17.162,20.95,503.292,-1,0.75,0.002,0.0,0
1272,63.6,-173.434,240.067,128.89,257.081,-17.159,20.7,501.505,-1,0.75,-0.006,0.0,0
1273,63.65,-171.64,240.064,129.27,256.793,-17.156,20.79,499.717,-1,0.75,0.015,0.0,0
1274,63.7,-169.842,240.061,129.65,256.503,-17.154,20.91,497.925,-1,0.75,0.001,0.0,0
1275,63.75,-168.038,240.057,130.02,256.209,-17.153,21.35,496.127,-1,0.75,0.023,0.0,0
1276,63.8,-166.229,240.054,130.4,255.91,-17.153,21.7,494.324,-1,0.287,0.028,0.0,0
1277,63.85,-164.415,240.05,130.77,255.605,-17.154,22.03,492.515,-1,0.0,0.033,0.0,0
1278,63.9,-162.595,240.046,131.14,255.299,-17.156,21.99,490.703,-1,0.053,0.013,0.0,0
1279,63.95,-160.771,240.042,131.51,254.994,-17.159,21.97,488.89,-1,0.05,0.029,0.0,0
1280,64.0,-158.941,240.038,131.88,254.691,-17.163,21.7,487.077,-1,0.045,0.016,0.0,0
1281,64.05,-157.107,240.034,132.24,254.391,-17.164,21.51,485.264,-1,0.039,-0.035,0.0,0
1282,64.1,-155.267,240.029,132.6,254.096,-17.163,21.13,483.452,-1,0.186,-0.022,0.0,0
1283,64.15,-153.422,240.025,132.96,253.804,-17.162,20.95,481.641,-1,0.75,-0.013,0.0,0
1284,64.2,-151.573,240.02,133.32,253.515,-17.16,20.7,479.83,-1,0.75,-0.022,0.0,0
1285,64.25,-149.718,240.014,133.61,253.227,-17.157,20.82,478.019,-1,0.75,-0.015,0.0,0
1286,64.3,-147.862,240.009,133.63,252.937,-17.155,20.96,476.207,-1,0.75,-0.014,0.0,0
1287,64.35,-146.009,240.003,133.2,252.642,-17.151,21.41,474.395,-1,0.75,-0.025,0.0,0
1288,64.4,-144.166,239.997,132.3,252.342,-17.146,21.78,472.59,-1,0.195,-0.013,0.0,0
1289,64.45,-142.339,239.991,131.01,252.036,-17.143,22.1,470.797,-1,0.0,0.005,0.0,0
1290,64.5,-140.533,239.985,129.44,251.729,-17.14,22.06,469.023,-1,0.052,-0.0,0.0,0
1291,64.55,-138.75,239.979,127.68,251.423,-17.137,22.03,467.273,-1,0.049,0.012,0.0,0
1292,64.6,-136.992,239.973,125.78,251.119,-17.135,21.76,465.548,-1,0.044,0.006,0.0,0
1293,64.65,-135.262,239.966,123.79,250.819,-17.132,21.58,463.851,-1,0.038,-0.017,0.0,0
1294,64.7,-133.559,239.96,121.75,250.522,-17.13,21.18,462.184,-1,0.073,0.007,0.0,0
1295,64.75,-131.886,239.954,119.68,250.23,-17.127,20.96,460.546,-1,0.717,-0.007,0.0,0
1296,64.8,-130.241,239.948,117.61,249.942,-17.124,20.64,458.939,-1,0.75,-0.002,0.0,0
1297,64.85,-128.625,239.941,115.55,249.655,-17.121,20.65,457.359,-1,0.75,0.006,0.0,0
1298,64.9,-127.037,239.935,113.52,249.368,-17.119,20.71,455.804,-1,0.75,0.004,0.0,0
1299,64.95,-125.477,239.929,111.54,249.078,-17.117,21.09,454.273,-1,0.75,0.009,0.0,0
1300,65.0,-123.943,239.923,109.67,248.782,-17.115,21.43,452.761,-1,0.663,-0.001,0.0,0
1301,65.05,-122.435,239.917,107.93,248.48,-17.112,21.93,451.267,-1,0.201,0.0,0.0,0
1302,65.1,-120.949,239.911,106.35,248.174,-17.11,22.07,449.791,-1,0.009,-0.001,0.0,0
1303,65.15,-119.484,239.905,104.93,247.867,-17.107,22.15,448.333,-1,0.053,0.002,0.0,0
1304,65.2,-118.037,239.9,103.67,247.561,-17.106,21.95,446.893,-1,0.048,0.01,0.0,0
1305,65.25,-116.607,239.894,102.53,247.257,-17.104,21.82,445.472,-1,0.042,0.004,0.0,0
1306,65.3,-115.192,239.888,101.48,246.957,-17.102,21.47,444.067,-1,0.037,-0.003,0.0,0
1307,65.35,-113.791,239.883,100.47,246.66,-17.1,21.25,442.68,-1,0.252,-0.003,0.0,0
1308,65.4,-112.404,239.877,99.47,246.368,-17.098,20.91,441.309,-1,0.58,0.003,0.0,0
1309,65.45,-111.031,239.872,98.43,246.078,-17.096,20.87,439.954,-1,0.75,-0.002,0.0,0
1310,65.5,-109.673,239.867,97.34,245.789,-17.093,20.86,438.613,-1,0.75,-0.011,0.0,0
1311,65.55,-108.33,239.862,96.2,245.496,-17.091,21.19,437.285,-1,0.75,-0.003,0.0,0
1312,65.6,-107.004,239.857,94.99,245.2,-17.088,21.47,435.969,-1,0.529,0.007,0.0,0
1313,65.65,-105.695,239.853,93.74,244.898,-17.087,21.86,434.665,-1,0.149,0.007,0.0,0
1314,65.7,-104.404,239.848,92.46,244.594,-17.085,21.9,433.375,-1,0.018,0.005,0.0,0
1315,65.75,-103.131,239.843,91.17,244.289,-17.084,21.92,432.102,-1,0.05,0.016,0.0,0
1316,65.8,-101.875,239.839,89.9,243.987,-17.084,21.68,430.848,-1,0.046,0.013,0.0,0
1317,65.85,-100.637,239.835,88.65,243.687,-17.084,21.52,429.612,-1,0.039,0.002,0.0,0
1318,65.9,-99.416,239.831,87.45,243.391,-17.083,21.16,428.394,-1,0.165,0.005,0.0,0
1319,65.95,-98.211,239.827,86.29,243.099,-17.083,20.98,427.194,-1,0.747,-0.004,0.0,0
1320,66.0,-97.022,239.823,85.19,242.81,-17.082,20.73,426.011,-1,0.75,-0.007,0.0,0
1321,66.05,-95.847,239.819,84.13,242.521,-17.08,20.84,424.842,-1,0.75,-0.0,0.0,0
1322,66.1,-94.687,239.815,83.11,242.231,-17.079,20.97,423.684,-1,0.75,-0.011,0.0,0
1323,66.15,-93.541,239.812,82.11,241.936,-17.078,21.42,422.537,-1,0.75,0.007,0.0,0
1324,66.2,-92.409,239.808,81.13,241.635,-17.076,21.78,421.397,-1,0.178,-0.012,0.0,0
1325,66.25,-91.29,239.805,80.15,241.33,-17.073,22.1,420.265,-1,0.0,-0.012,0.0,0
1326,66.3,-90.185,239.801,79.17,241.023,-17.071,22.06,419.145,-1,0.047,-0.007,0.0,0
1327,66.35,-89.094,239.798,78.19,240.717,-17.067,22.03,418.037,-1,0.046,-0.014,0.0,0
1328,66.4,-88.016,239.794,77.2,240.413,-17.065,21.75,416.944,-1,0.044,0.01,0.0,0
1329,66.45,-86.952,239.791,76.21,240.113,-17.063,21.57,415.867,-1,0.039,0.007,0.0,0
1330,66.5,-85.902,239.788,75.22,239.816,-17.061,21.18,414.806,-1,0.087,0.0,0.0,0
1331,66.55,-84.865,239.784,74.25,239.524,-17.059,20.95,413.76,-1,0.727,0.005,0.0,0
1332,66.6,-83.842,239.781,73.28,239.236,-17.058,20.64,412.729,-1,0.75,0.001,0.0,0
1333,66.65,-82.832,239.778,72.34,238.949,-17.056,20.67,411.712,-1,0.75,0.006,0.0,0
1334,66.7,-81.835,239.775,71.41,238.662,-17.055,20.74,410.706,-1,0.75,-0.003,0.0,0
1335,66.75,-80.851,239.771,70.51,238.371,-17.052,21.13,409.708,-1,0.75,-0.013,0.0,0
1336,66.8,-79.879,239.768,69.62,238.074,-17.049,21.47,408.717,-1,0.602,-0.0,0.0,0
1337,66.85,-78.92,239.765,68.75,237.772,-17.046,21.93,407.733,-1,0.147,-0.012,0.0,0
1338,66.9,-77.972,239.762,67.89,237.466,-17.044,22.03,406.756,-1,0.018,0.007,0.0,0
1339,66.95,-77.036,239.759,67.04,237.16,-17.041,22.08,405.79,-1,0.052,-0.01,0.0,0
1340,67.0,-76.112,239.756,66.2,236.855,-17.038,21.87,404.835,-1,0.047,0.004,0.0,0
1341,67.05,-75.199,239.753,65.37,236.552,-17.035,21.73,403.893,-1,0.041,0.004,0.0,0
1342,67.1,-74.299,239.75,64.45,236.254,-17.034,21.36,402.965,-1,0.036,0.013,0.0,0
1343,67.15,-73.413,239.747,63.29,235.959,-17.032,21.14,402.053,-1,0.432,0.006,0.0,0
1344,67.2,-72.545,239.744,61.94,235.668,-17.031,20.81,401.159,-1,0.74,0.009,0.0,0
1345,67.25,-71.697,239.741,60.53,235.38,-17.03,20.81,400.283,-1,0.75,-0.001,0.0,0
1346,67.3,-70.868,239.738,59.08,235.09,-17.028,20.84,399.424,-1,0.75,0.009,0.0,0
1347,67.35,-70.06,239.735,57.68,234.798,-17.028,21.21,398.579,-1,0.75,0.005,0.0,0
1348,67.4,-69.269,239.732,56.39,234.501,-17.027,21.52,397.746,-1,0.491,0.008,0.0,0
1349,67.45,-68.496,239.73,55.17,234.198,-17.026,21.91,396.923,-1,0.079,-0.003,0.0,0
1350,67.5,-67.74,239.727,54.04,233.894,-17.025,21.93,396.111,-1,0.033,0.004,0.0,0
1351,67.55,-66.998,239.724,52.97,233.589,-17.024,21.94,395.313,-1,0.052,0.002,0.0,0
1352,67.6,-66.271,239.722,52.01,233.286,-17.024,21.7,394.528,-1,0.047,0.005,0.0,0
1353,67.65,-65.555,239.719,51.2,232.986,-17.023,21.54,393.755,-1,0.041,-0.004,0.0,0
1354,67.7,-64.85,239.716,50.54,232.69,-17.022,21.17,392.994,-1,0.141,-0.003,0.0,0
1355,67.75,-64.152,239.714,50.0,232.398,-17.021,20.98,392.243,-1,0.733,-0.0,0.0,0
1356,67.8,-63.461,239.711,49.55,232.109,-17.02,20.72,391.501,-1,0.75,0.003,0.0,0
1357,67.85,-62.776,239.709,49.16,231.82,-17.02,20.8,390.764,-1,0.75,0.006,0.0,0
1358,67.9,-62.097,239.706,48.77,231.531,-17.019,20.92,390.032,-1,0.75,-0.003,0.0,0
1359,67.95,-61.423,239.704,48.37,231.237,-17.018,21.35,389.302,-1,0.75,-0.006,0.0,0
1360,68.0,-60.755,239.701,47.92,230.937,-17.017,21.7,388.572,-1,0.278,-0.002,0.0,0
1361,68.05,-60.093,239.699,47.44,230.633,-17.015,22.03,387.845,-1,0.0,-0.006,0.0,0
1362,68.1,-59.438,239.697,46.92,230.327,-17.013,21.99,387.123,-1,0.05,-0.005,0.0,0
1363,68.15,-58.791,239.694,46.37,230.022,-17.011,21.96,386.407,-1,0.049,-0.006,0.0,0
1364,68.2,-58.152,239.692,45.81,229.719,-17.01,21.69,385.701,-1,0.045,0.0,0.0,0
1365,68.25,-57.52,239.69,45.25,229.419,-17.008,21.51,385.004,-1,0.04,0.001,0.0,0
1366,68.3,-56.897,239.687,44.69,229.124,-17.005,21.13,384.316,-1,0.189,-0.02,0.0,0
1367,68.35,-56.28,239.685,44.16,228.832,-17.003,20.94,383.637,-1,0.75,-0.0,0.0,0
1368,68.4,-55.671,239.683,43.64,228.543,-17.0,20.7,382.968,-1,0.75,-0.006,0.0,0
1369,68.45,-55.069,239.681,43.15,228.255,-16.996,20.81,382.303,-1,0.75,-0.03,0.0,0
1370,68.5,-54.474,239.679,42.68,227.965,-16.991,20.95,381.643,-1,0.75,-0.012,0.0,0
1371,68.55,-53.885,239.677,42.22,227.67,-16.988,21.4,380.986,-1,0.75,0.01,0.0,0
1372,68.6,-53.302,239.675,41.76,227.37,-16.985,21.77,380.33,-1,0.198,0.015,0.0,0
1373,68.65,-52.726,239.673,41.3,227.065,-16.983,22.1,379.678,-1,0.0,0.009,0.0,0
1374,68.7,-52.156,239.67,40.84,226.758,-16.981,22.06,379.029,-1,0.052,0.004,0.0,0
1375,68.75,-51.593,239.669,40.39,226.452,-16.979,22.03,378.387,-1,0.049,0.001,0.0,0
1376,68.8,-51.036,239.666,39.93,226.148,-16.977,21.76,377.752,-1,0.044,0.006,0.0,0
1377,68.85,-50.485,239.665,39.47,225.847,-16.975,21.58,377.126,-1,0.038,0.012,0.0,0
1378,68.9,-49.941,239.663,39.02,225.551,-16.974,21.18,376.508,-1,0.073,0.01,0.0,0
1379,68.95,-49.403,239.661,38.57,225.258,-16.974,20.96,375.899,-1,0.717,0.006,0.0,0
1380,69.0,-48.87,239.659,38.13,224.97,-16.973,20.64,375.298,-1,0.75,-0.0,0.0,0
1381,69.05,-48.344,239.657,37.7,224.684,-16.972,20.65,374.703,-1,0.75,0.001,0.0,0
1382,69.1,-47.824,239.655,37.27,224.397,-16.971,20.71,374.114,-1,0.75,0.004,0.0,0
1383,69.15,-47.31,239.653,36.85,224.106,-16.97,21.09,373.527,-1,0.75,-0.0,0.0,0
1384,69.2,-46.802,239.651,36.44,223.81,-16.968,21.43,372.94,-1,0.657,-0.009,0.0,0
1385,69.25,-46.299,239.65,36.03,223.508,-16.967,21.93,372.355,-1,0.198,0.004,0.0,0
1386,69.3,-45.802,239.648,35.62,223.202,-16.966,22.06,371.771,-1,0.009,-0.0,0.0,0
1387,69.35,-45.311,239.646,35.22,222.895,-16.965,22.14,371.192,-1,0.053,0.005,0.0,0
1388,69.4,-44.825,239.645,34.83,222.589,-16.964,21.94,370.618,-1,0.048,0.004,0.0,0
1389,69.45,-44.344,239.643,34.43,222.285,-16.963,21.81,370.051,-1,0.042,0.002,0.0,0
1390,69.5,-43.869,239.641,34.04,221.985,-16.962,21.46,369.492,-1,0.037,0.002,0.0,0
1391,69.55,-43.4,239.64,33.66,221.689,-16.962,21.24,368.94,-1,0.269,0.002,0.0,0
1392,69.6,-42.936,239.638,33.28,221.397,-16.961,20.9,368.395,-1,0.595,-0.001,0.0,0
1393,69.65,-42.477,239.636,32.9,221.107,-16.96,20.87,367.856,-1,0.75,-0.0,0.0,0
1394,69.7,-42.023,239.635,32.53,220.817,-16.959,20.88,367.322,-1,0.75,-0.003,0.0,0
1395,69.75,-41.574,239.633,32.16,220.525,-16.958,21.22,366.79,-1,0.75,-0.007,0.0,0
1396,69.8,-41.13,239.631,31.79,220.228,-16.956,21.5,366.258,-1,0.491,-0.01,0.0,0
1397,69.85,-40.692,239.63,31.43,219.926,-16.954,21.88,365.728,-1,0.105,-0.007,0.0,0
1398,69.9,-40.258,239.628,31.08,219.622,-16.951,21.89,365.2,-1,0.026,-0.012,0.0,0
1399,69.95,-39.83,239.627,30.72,219.317,-16.948,21.9,364.675,-1,0.05,-0.007,0.0,0
1400,70.0,-39.406,239.626,30.38,219.015,-16.946,21.65,364.157,-1,0.045,0.005,0.0,0
1401,70.05,-38.987,239.624,30.03,218.716,-16.941,21.48,363.644,-1,0.039,-0.041,0.0,0
1402,70.1,-38.573,239.623,29.69,218.421,-16.938,21.11,363.138,-1,0.241,0.02,0.0,0
1403,70.15,-38.163,239.622,29.36,218.129,-16.936,20.94,362.639,-1,0.75,0.014,0.0,0
1404,70.2,-37.758,239.62,29.02,217.84,-16.934,20.75,362.147,-1,0.75,0.009,0.0,0
1405,70.25,-37.358,239.619,28.69,217.551,-16.933,20.9,361.659,-1,0.75,0.012,0.0,0
1406,70.3,-36.962,239.617,28.37,217.259,-16.931,21.08,361.173,-1,0.75,0.004,0.0,0
1407,70.35,-36.571,239.616,28.05,216.962,-16.93,21.56,360.687,-1,0.713,0.002,0.0,0
1408,70.4,-36.184,239.615,27.73,216.66,-16.928,21.92,360.2,-1,0.0,-0.005,0.0,0
1409,70.45,-35.801,239.614,27.41,216.353,-16.926,22.23,359.714,-1,0.033,-0.003,0.0,0
1410,70.5,-35.423,239.612,27.1,216.044,-16.924,22.18,359.23,-1,0.045,-0.002,0.0,0
1411,70.55,-35.049,239.611,26.79,215.736,-16.922,22.15,358.751,-1,0.044,0.005,0.0,0
1412,70.6,-34.68,239.61,26.49,215.431,-16.92,21.86,358.278,-1,0.042,0.004,0.0,0
1413,70.65,-34.314,239.609,26.19,215.129,-16.919,21.68,357.81,-1,0.037,0.009,0.0,0
1414,70.7,-33.953,239.607,25.89,214.831,-16.918,21.27,357.35,-1,0.032,0.007,0.0,0
1415,70.75,-33.596,239.606,25.6,214.538,-16.917,21.02,356.896,-1,0.573,-0.001,0.0,0
1416,70.8,-33.243,239.605,25.31,214.249,-16.916,20.67,356.448,-1,0.75,-0.001,0.0,0
1417,70.85,-32.894,239.604,25.02,213.962,-16.915,20.65,356.005,-1,0.75,0.004,0.0,0
1418,70.9,-32.548,239.602,24.74,213.675,-16.914,20.67,355.565,-1,0.75,-0.005,0.0,0
1419,70.95,-32.207,239.601,24.46,213.386,-16.913,21.02,355.127,-1,0.75,0.003,0.0,0
1420,71.0,-31.87,239.6,24.18,213.091,-16.912,21.36,354.689,-1,0.75,0.001,0.0,0
1421,71.05,-31.536,239.599,23.9,212.79,-16.911,21.91,354.249,-1,0.298,0.006,0.0,0
1422,71.1,-31.207,239.598,23.63,212.483,-16.91,22.11,353.809,-1,0.0,-0.004,0.0,0
1423,71.15,-30.881,239.597,23.36,212.175,-16.908,22.24,353.371,-1,0.05,-0.005,0.0,0
1424,71.2,-30.558,239.595,23.1,211.867,-16.907,22.08,352.936,-1,0.045,-0.0,0.0,0
1425,71.25,-30.24,239.595,22.83,211.561,-16.905,21.97,352.505,-1,0.039,-0.006,0.0,0
1426,71.3,-29.925,239.593,22.58,211.259,-16.903,21.63,352.08,-1,0.035,-0.004,0.0,0
1427,71.35,-29.613,239.592,22.32,210.961,-16.902,21.4,351.661,-1,0.031,0.002,0.0,0
1428,71.4,-29.306,239.591,22.07,210.667,-16.9,20.98,351.247,-1,0.359,-0.004,0.0,0
1429,71.45,-29.001,239.59,21.81,210.377,-16.899,20.8,350.84,-1,0.75,0.006,0.0,0
1430,71.5,-28.7,239.589,21.57,210.09,-16.898,20.62,350.437,-1,0.75,0.003,0.0,0
1431,71.55,-28.403,239.588,21.32,209.802,-16.897,20.8,350.037,-1,0.75,0.005,0.0,0
1432,71.6,-28.109,239.587,21.08,209.512,-16.895,20.99,349.638,-1,0.75,-0.006,0.0,0
1433,71.65,-27.818,239.586,20.84,209.216,-16.893,21.48,349.238,1950.87,0.732,-0.007,0.0,0
1434,71.7,-27.53,239.585,20.6,208.915,-16.891,21.87,348.836,991.326,0.04,-0.01,0.0,0
1435,71.75,-27.246,239.584,20.37,208.608,-16.889,22.21,348.433,682.726,0.033,-0.001,0.0,0
1436,71.8,-26.965,239.583,20.14,208.299,-16.887,22.17,348.032,615.631,0.051,0.004,0.0,0
1437,71.85,-26.688,239.582,19.91,207.992,-16.885,22.15,347.634,558.187,0.045,-0.003,0.0,0
1438,71.9,-26.413,239.581,19.68,207.686,-16.882,21.88,347.24,569.929,0.039,-0.006,0.0,0
1439,71.95,-26.141,239.58,19.46,207.384,-16.88,21.69,346.852,558.827,0.032,0.003,0.0,0
1440,72.0,-25.873,239.579,19.24,207.086,-16.878,21.29,346.468,607.104,0.028,0.004,0.0,0
1441,72.05,-25.608,239.579,19.02,206.792,-16.877,21.04,346.091,616.183,0.198,0.013,0.0,0
1442,72.1,-25.345,239.577,18.8,206.503,-16.876,20.65,345.72,671.884,0.488,0.003,0.0,0
1443,72.15,-25.086,239.577,18.59,206.218,-16.876,20.51,345.354,646.144,0.0,0.026,0.0,0
1444,72.2,-24.83,239.576,18.38,205.936,-16.877,20.18,344.994,690.048,0.75,0.019,0.0,0
1445,72.25,-24.576,239.575,18.17,205.657,-16.88,20.05,344.64,660.982,0.54,0.045,0.0,0
1446,72.3,-24.325,239.573,17.96,205.38,-16.885,19.88,344.29,645.197,0.75,0.042,0.0,0
1447,72.35,-24.073,239.572,18.16,205.103,-16.892,20.03,343.941,662.668,0.0,0.059,0.0,0
1448,72.4,-23.832,239.571,16.53,204.825,-16.902,19.97,343.602,359.822,0.044,0.074,0.0,0
1449,72.45,-23.603,239.569,16.57,204.548,-16.915,19.95,343.274,365.486,0.75,0.098,0.0,0
1450,72.5,-23.371,239.567,16.76,204.273,-16.933,19.79,342.949,407.106,0.75,0.107,0.0,0
1451,72.55,-23.136,239.565,17.05,203.998,-16.954,19.93,342.626,427.291,0.75,0.119,0.0,0
1452,72.6,-22.897,239.563,17.29,203.722,-16.981,20.05,342.303,446.097,0.0,0.142,0.0,0
1453,72.65,-22.657,239.561,17.24,203.445,-17.013,20.16,341.983,422.12,0.0,0.158,1.0,0
1454,72.7,-22.42,239.559,16.96,203.169,-17.05,19.98,341.67,406.572,0.75,0.161,0.0,0
1455,72.75,-22.187,239.557,16.61,202.895,-17.092,19.93,341.367,369.958,0.0,0.184,0.0,0
1456,72.8,-21.959,239.555,16.27,202.625,-17.14,19.65,341.073,363.55,0.042,0.181,0.0,0
1457,72.85,-21.736,239.553,15.97,202.36,-17.192,19.43,340.789,355.087,0.0,0.191,1.0,0
1458,72.9,-21.517,239.551,15.7,202.099,-17.244,19.03,340.511,368.05,0.75,0.09,0.0,0
1459,72.95,-21.3,239.549,15.49,201.842,-17.298,18.86,340.24,364.081,0.75,0.165,0.0,0
1460,73.0,-21.086,239.547,15.35,201.59,-17.359,18.58,339.979,378.877,0.75,0.811,0.0,0
1461,73.05,-20.874,239.545,15.23,201.345,-17.433,18.49,339.734,375.81,0.75,0.675,0.0,0
1462,73.1,-20.663,239.542,15.18,201.107,-17.523,18.41,339.506,377.631,0.75,0.58,0.0,0
1463,73.15,-20.451,239.538,15.33,200.877,-17.63,18.62,339.296,371.582,0.75,0.556,0.0,0
1464,73.2,-20.235,239.534,15.79,200.648,-17.751,19.11,339.094,368.001,0.75,0.488,0.0,0
1465,73.25,-20.01,239.53,16.47,200.419,-17.888,19.52,338.9,400.406,0.75,0.575,0.0,0
1466,73.3,-19.775,239.526,17.27,200.193,-18.048,20.34,338.718,396.923,0.75,0.747,0.0,0
1467,73.35,-19.528,239.521,18.14,199.979,-18.226,20.59,338.551,496.312,0.75,0.947,0.0,0
1468,73.4,-19.268,239.516,19.03,199.784,-18.425,20.64,338.404,758.231,0.75,1.0,0.0,0
1469,73.45,-19.001,239.51,19.33,199.605,-18.643,21.12,338.277,679.494,0.75,-1.0,0.0,0
1470,73.5,-18.731,239.505,19.52,199.425,-18.877,22.17,338.161,458.995,0.75,-1.0,0.0,0
1471,73.55,-18.456,239.499,20.07,199.24,-19.127,22.89,338.051,431.3,0.304,1.0,0.0,0
1472,73.6,-18.172,239.493,20.62,199.068,-19.39,22.99,337.956,513.358,0.01,1.0,0.0,0
1473,73.65,-17.879,239.486,21.47,198.919,-19.662,22.52,337.875,1158.845,0.088,1.0,0.0,0
1474,73.7,-17.574,239.48,22.21,198.801,-19.937,21.74,337.81,-1,0.093,1.0,0.0,0
1475,73.75,-17.255,239.473,23.39,198.716,-20.21,20.83,337.755,-1,0.75,1.0,0.0,0
1476,73.8,-16.923,239.465,24.2,198.664,-20.478,20.15,337.711,-1,0.75,1.0,0.0,0
1477,73.85,-16.579,239.458,25.23,198.642,-20.743,19.78,337.675,-1,0.75,1.0,0.0,0
1478,73.9,-16.221,239.45,26.15,198.649,-21.007,20.06,337.649,-1,0.75,1.0,0.0,0
1479,73.95,-15.848,239.441,27.24,198.686,-21.273,20.39,337.634,-1,0.75,1.0,0.0,0
1480,74.0,-15.463,239.43,28.13,198.753,-21.54,20.91,337.629,-1,0.519,1.0,0.0,0
1481,74.05,-15.063,239.418,29.18,198.841,-21.8,20.56,337.624,-1,0.0,1.0,1.0,0
1482,74.1,-14.651,239.403,30.06,198.951,-22.048,20.42,337.614,-1,0.0,1.0,1.0,0
1483,74.15,-14.225,239.388,31.09,199.077,-22.275,19.24,337.588,-1,0.75,1.0,0.0,0
1484,74.2,-13.786,239.372,31.99,199.225,-22.479,19.32,337.55,-1,0.75,1.0,0.0,0
1485,74.25,-13.334,239.354,33.02,199.399,-22.669,19.62,337.508,-1,0.75,1.0,0.0,0
1486,74.3,-12.868,239.336,33.93,199.593,-22.845,19.97,337.459,-1,0.75,1.0,0.0,0
1487,74.35,-12.388,239.317,34.96,199.806,-23.006,20.37,337.401,-1,0.75,1.0,0.0,0
1488,74.4,-11.895,239.297,35.89,200.037,-23.15,20.81,337.333,-1,0.75,1.0,0.0,0
1489,74.45,-11.389,239.276,36.93,200.284,-23.277,20.89,337.253,-1,0.75,1.0,0.0,0
1490,74.5,-10.868,239.254,37.91,200.541,-23.385,21.29,337.155,-1,0.75,1.0,0.0,0
1491,74.55,-10.334,239.229,38.92,200.81,-23.472,21.46,337.036,-1,0.75,1.0,0.0,0
1492,74.6,-9.786,239.201,39.86,201.088,-23.535,21.51,336.895,-1,0.75,1.0,0.0,0
1493,74.65,-9.226,239.17,40.8,201.373,-23.575,21.73,336.729,-1,0.75,1.0,0.0,0
1494,74.7,-8.652,239.138,41.68,201.666,-23.588,22.17,336.539,-1,0.75,1.0,0.0,0
1495,74.75,-8.067,239.103,42.57,201.963,-23.574,22.54,336.321,-1,0.75,1.0,0.0,0
1496,74.8,-7.47,239.067,43.42,202.262,-23.532,22.83,336.074,-1,0.75,1.0,0.0,0
1497,74.85,-6.861,239.03,44.27,202.56,-23.461,23.12,335.795,-1,0.75,1.0,0.0,0
1498,74.9,-6.24,238.991,45.11,202.855,-23.359,23.53,335.482,-1,0.75,1.0,0.0,0
1499,74.95,-5.608,238.951,45.94,203.143,-23.228,23.82,335.133,-1,0.144,1.0,0.0,0
