tick,sim_time_s,leader_x,leader_y,leader_speed_kmh,follower_x,follower_y,follower_speed_kmh,distance_m,ttc_s,follower_throttle,follower_steer,follower_brake,collision_detected
0,0.0,583.519,-24.088,21.86,593.519,-24.014,21.86,10.0,-1,0.0,0.0,1.0,0
1,0.05,583.246,-24.09,20.48,593.246,-24.016,20.5,10.0,1940.438,0.0,0.0,1.0,0
2,0.1,582.978,-24.092,19.77,593.062,-24.018,10.44,10.084,-1,0.0,0.0,1.0,0
3,0.15,582.709,-24.094,19.61,592.986,-24.018,2.79,10.277,-1,0.0,0.0,1.0,0
4,0.2,582.441,-24.096,19.27,592.98,-24.018,0.3,10.54,-1,0.0,0.0,1.0,0
5,0.25,582.172,-24.098,19.4,592.98,-24.018,0.65,10.809,-1,0.75,0.0,0.0,0
6,0.3,581.903,-24.1,19.36,592.98,-24.018,0.7,11.078,-1,0.75,0.0,0.0,0
7,0.35,581.633,-24.101,19.43,592.98,-24.018,0.62,11.347,-1,0.75,0.0,0.0,0
8,0.4,581.363,-24.103,19.65,592.979,-24.018,0.51,11.616,-1,0.75,0.0,0.0,0
9,0.45,581.083,-24.106,20.57,592.979,-24.018,0.39,11.897,-1,0.75,0.0,0.0,0
10,0.5,580.792,-24.108,21.29,592.979,-24.018,0.29,12.188,-1,0.75,0.0,0.0,0
11,0.55,580.488,-24.11,22.25,592.979,-24.018,0.21,12.491,-1,0.75,0.0,0.0,0
12,0.6,580.172,-24.112,23.09,592.979,-24.018,0.15,12.807,-1,0.75,0.0,0.0,0
13,0.65,579.843,-24.115,24.12,592.979,-24.018,0.1,13.137,-1,0.75,0.0,0.0,0
14,0.7,579.5,-24.117,25.01,592.979,-24.018,0.07,13.479,-1,0.75,0.0,0.0,0
15,0.75,579.144,-24.12,26.07,592.966,-24.019,2.0,13.823,-1,0.75,0.0,0.0,0
16,0.8,578.774,-24.122,26.98,592.914,-24.017,4.7,14.14,-1,0.75,-0.458,0.0,0
17,0.85,578.391,-24.125,28.06,592.834,-24.011,6.47,14.444,-1,0.75,-0.374,0.0,0
18,0.9,577.993,-24.128,28.98,592.734,-23.997,7.86,14.741,-1,0.75,-0.402,0.0,0
19,0.95,577.582,-24.131,30.04,592.618,-23.974,9.04,15.036,-1,0.75,-0.382,0.0,0
20,1.0,577.157,-24.134,30.95,592.487,-23.947,10.09,15.331,-1,0.75,-0.362,0.0,0
21,1.05,576.719,-24.137,32.0,592.344,-23.914,11.1,15.627,-1,0.75,-0.372,0.0,0
22,1.1,576.267,-24.141,32.91,592.189,-23.873,12.02,15.924,-1,0.75,-0.414,0.0,0
23,1.15,575.801,-24.144,33.94,592.022,-23.825,12.96,16.225,-1,0.75,-0.399,0.0,0
24,1.2,575.322,-24.147,34.86,591.846,-23.769,13.83,16.528,-1,0.75,-0.41,0.0,0
25,1.25,574.829,-24.151,35.9,591.66,-23.704,14.66,16.836,-1,0.75,-0.421,0.0,0
26,1.3,574.323,-24.155,36.85,591.465,-23.63,15.48,17.151,-1,0.75,-0.429,0.0,0
27,1.35,573.802,-24.159,37.91,591.262,-23.546,16.3,17.471,-1,0.75,-0.413,0.0,0
28,1.4,573.268,-24.162,38.8,591.051,-23.451,17.1,17.798,-1,0.75,-0.41,0.0,0
29,1.45,572.723,-24.166,39.49,590.833,-23.346,17.9,18.129,-1,0.75,-0.397,0.0,0
30,1.5,572.172,-24.17,39.71,590.607,-23.232,18.71,18.459,-1,0.75,-0.37,0.0,0
31,1.55,571.62,-24.175,39.69,590.375,-23.106,19.37,18.785,-1,0.75,-0.368,0.0,0
32,1.6,571.071,-24.179,39.4,590.141,-22.973,19.58,19.108,-1,0.75,-0.339,0.0,0
33,1.65,570.527,-24.183,39.09,589.908,-22.834,19.73,19.428,-1,0.75,-0.323,0.0,0
34,1.7,569.988,-24.186,38.68,589.672,-22.689,20.34,19.741,-1,0.75,-0.274,0.0,0
35,1.75,569.453,-24.19,38.4,589.43,-22.535,21.19,20.046,-1,0.75,-0.24,0.0,0
36,1.8,568.922,-24.194,38.13,589.177,-22.372,21.95,20.337,-1,0.75,-0.166,0.0,0
37,1.85,568.393,-24.198,38.07,588.917,-22.207,22.36,20.621,-1,0.0,-0.081,0.0,0
38,1.9,567.865,-24.202,38.03,588.651,-22.043,22.6,20.898,-1,0.11,-0.033,0.0,0
39,1.95,567.335,-24.206,38.17,588.382,-21.881,22.66,21.175,-1,0.104,0.004,0.0,0
40,2.0,566.804,-24.21,38.28,588.11,-21.723,22.55,21.451,-1,0.098,0.077,0.0,0
41,2.05,566.271,-24.214,38.48,587.837,-21.574,22.31,21.727,-1,0.091,0.158,0.0,0
42,2.1,565.736,-24.218,38.59,587.563,-21.436,22.01,22.004,-1,0.085,0.198,0.0,0
43,2.15,565.199,-24.222,38.73,587.289,-21.308,21.66,22.282,-1,0.079,0.226,0.0,0
44,2.2,564.661,-24.226,38.73,587.016,-21.191,21.33,22.56,-1,0.095,0.245,0.0,0
45,2.25,564.122,-24.23,38.77,586.743,-21.085,20.96,22.839,-1,0.678,0.269,0.0,0
46,2.3,563.585,-24.234,38.69,586.472,-20.989,20.73,23.116,-1,0.75,0.283,0.0,0
47,2.35,563.047,-24.238,38.67,586.199,-20.904,20.6,23.391,-1,0.75,0.311,0.0,0
48,2.4,562.511,-24.242,38.56,585.924,-20.829,20.72,23.66,-1,0.75,0.315,0.0,0
49,2.45,561.976,-24.246,38.54,585.643,-20.763,20.99,23.922,-1,0.75,0.311,0.0,0
50,2.5,561.441,-24.249,38.46,585.355,-20.706,21.4,24.175,-1,0.75,0.334,0.0,0
51,2.55,560.907,-24.253,38.48,585.059,-20.657,21.87,24.418,-1,0.546,0.324,0.0,0
52,2.6,560.373,-24.257,38.44,584.756,-20.618,22.26,24.653,-1,0.0,0.328,0.0,0
53,2.65,559.839,-24.261,38.49,584.448,-20.588,22.39,24.882,-1,0.052,0.318,0.0,0
54,2.7,559.304,-24.265,38.48,584.139,-20.566,22.42,25.109,-1,0.045,0.29,0.0,0
55,2.75,558.769,-24.269,38.55,583.83,-20.551,22.28,25.335,-1,0.039,0.248,0.0,0
56,2.8,558.234,-24.273,38.53,583.524,-20.543,22.07,25.563,-1,0.035,0.264,0.0,0
57,2.85,557.698,-24.277,38.59,583.221,-20.543,21.77,25.794,-1,0.035,0.249,0.0,0
58,2.9,557.163,-24.281,38.56,582.922,-20.55,21.48,26.028,-1,0.035,0.223,0.0,0
59,2.95,556.627,-24.284,38.6,582.627,-20.562,21.12,26.265,-1,0.413,0.224,0.0,0
60,3.0,556.091,-24.288,38.55,582.337,-20.58,20.89,26.507,-1,0.75,0.196,0.0,0
61,3.05,555.555,-24.292,38.58,582.05,-20.604,20.75,26.75,-1,0.75,0.209,0.0,0
62,3.1,555.02,-24.296,38.53,581.763,-20.632,20.86,26.993,-1,0.75,0.168,0.0,0
63,3.15,554.485,-24.299,38.56,581.473,-20.664,21.12,27.232,-1,0.75,0.13,0.0,0
64,3.2,553.949,-24.303,38.51,581.179,-20.697,21.54,27.467,-1,0.71,0.106,0.0,0
65,3.25,553.414,-24.306,38.55,580.878,-20.732,21.98,27.695,-1,0.067,0.062,0.0,0
66,3.3,552.879,-24.309,38.51,580.572,-20.766,22.23,27.918,-1,0.029,0.042,0.0,0
67,3.35,552.344,-24.312,38.55,580.265,-20.799,22.24,28.141,-1,0.048,0.001,0.0,0
68,3.4,551.809,-24.315,38.51,579.958,-20.829,22.13,28.364,-1,0.042,-0.02,0.0,0
69,3.45,551.274,-24.318,38.56,579.654,-20.856,21.92,28.59,-1,0.036,-0.033,0.0,0
70,3.5,550.739,-24.321,38.52,579.353,-20.879,21.62,28.82,-1,0.03,-0.102,0.0,0
71,3.55,550.203,-24.324,38.57,579.056,-20.898,21.3,29.055,-1,0.027,-0.073,0.0,0
72,3.6,549.668,-24.327,38.53,578.763,-20.913,20.95,29.295,-1,0.541,-0.096,0.0,0
73,3.65,549.132,-24.329,38.57,578.475,-20.925,20.69,29.54,-1,0.75,-0.078,0.0,0
74,3.7,548.597,-24.331,38.53,578.189,-20.936,20.57,29.786,-1,0.75,-0.055,0.0,0
75,3.75,548.061,-24.333,38.57,577.903,-20.945,20.66,30.033,-1,0.75,-0.055,0.0,0
76,3.8,547.526,-24.335,38.52,577.614,-20.953,20.92,30.278,-1,0.75,-0.06,0.0,0
77,3.85,546.991,-24.337,38.56,577.32,-20.959,21.33,30.517,-1,0.75,-0.056,0.0,0
78,3.9,546.456,-24.339,38.52,577.02,-20.965,21.79,30.751,-1,0.335,-0.043,0.0,0
79,3.95,545.92,-24.341,38.56,576.715,-20.968,22.08,30.979,-1,0.0,-0.056,0.0,0
80,4.0,545.385,-24.343,38.52,576.408,-20.971,22.15,31.205,-1,0.054,-0.034,0.0,0
81,4.05,544.85,-24.345,38.56,576.101,-20.974,22.07,31.432,-1,0.048,-0.027,0.0,0
82,4.1,544.315,-24.346,38.52,575.795,-20.975,21.89,31.661,-1,0.042,-0.033,0.0,0
83,4.15,543.779,-24.348,38.56,575.493,-20.976,21.64,31.893,-1,0.037,-0.031,0.0,0
84,4.2,543.244,-24.35,38.52,575.195,-20.976,21.34,32.129,-1,0.033,-0.02,0.0,0
85,4.25,542.709,-24.351,38.56,574.902,-20.976,21.02,32.369,-1,0.466,-0.024,0.0,0
86,4.3,542.174,-24.353,38.52,574.612,-20.976,20.76,32.614,-1,0.75,-0.009,0.0,0
87,4.35,541.638,-24.354,38.56,574.325,-20.974,20.66,32.861,-1,0.75,-0.024,0.0,0
88,4.4,541.103,-24.356,38.52,574.037,-20.974,20.76,33.107,-1,0.75,0.007,0.0,0
89,4.45,540.568,-24.357,38.56,573.747,-20.974,21.03,33.351,-1,0.75,0.01,0.0,0
90,4.5,540.033,-24.358,38.52,573.451,-20.976,21.44,33.589,-1,0.75,0.021,0.0,0
91,4.55,539.497,-24.36,38.56,573.149,-20.98,21.91,33.821,-1,0.17,0.029,0.0,0
92,4.6,538.962,-24.361,38.52,572.843,-20.985,22.19,34.048,-1,0.014,0.028,0.0,0
93,4.65,538.427,-24.362,38.56,572.534,-20.99,22.23,34.273,-1,0.054,0.02,0.0,0
94,4.7,537.892,-24.363,38.52,572.226,-20.996,22.14,34.499,-1,0.048,0.03,0.0,0
95,4.75,537.356,-24.365,38.56,571.92,-21.004,21.95,34.727,-1,0.042,0.031,0.0,0
96,4.8,536.821,-24.366,38.52,571.617,-21.012,21.7,34.957,-1,0.036,0.021,0.0,0
97,4.85,536.286,-24.367,38.56,571.318,-21.02,21.39,35.192,-1,0.031,0.018,0.0,0
98,4.9,535.75,-24.368,38.52,571.024,-21.028,21.07,35.431,-1,0.376,0.008,0.0,0
99,4.95,535.215,-24.369,38.56,570.734,-21.037,20.81,35.675,-1,0.75,0.016,0.0,0
100,5.0,534.68,-24.371,38.52,570.446,-21.046,20.7,35.92,-1,0.75,0.017,0.0,0
101,5.05,534.145,-24.372,38.56,570.158,-21.054,20.79,36.166,-1,0.75,0.001,0.0,0
102,5.1,533.609,-24.373,38.52,569.868,-21.063,21.06,36.409,-1,0.75,-0.002,0.0,0
103,5.15,533.074,-24.374,38.56,569.572,-21.07,21.47,36.647,-1,0.732,-0.013,0.0,0
104,5.2,532.539,-24.376,38.52,569.27,-21.078,21.92,36.879,-1,0.131,-0.013,0.0,0
105,5.25,532.004,-24.377,38.56,568.963,-21.085,22.18,37.106,-1,0.017,-0.003,0.0,0
106,5.3,531.468,-24.378,38.52,568.654,-21.092,22.21,37.331,-1,0.05,-0.003,0.0,0
107,5.35,530.933,-24.379,38.56,568.347,-21.099,22.11,37.557,-1,0.044,-0.005,0.0,0
108,5.4,530.398,-24.38,38.52,568.041,-21.105,21.92,37.786,-1,0.038,-0.023,0.0,0
109,5.45,529.863,-24.381,38.56,567.739,-21.111,21.66,38.017,-1,0.032,-0.004,0.0,0
110,5.5,529.327,-24.383,38.52,567.441,-21.116,21.34,38.253,-1,0.028,-0.018,0.0,0
111,5.55,528.792,-24.384,38.56,567.147,-21.12,21.01,38.494,-1,0.459,-0.011,0.0,0
112,5.6,528.257,-24.385,38.52,566.858,-21.124,20.74,38.738,-1,0.75,-0.017,0.0,0
113,5.65,527.722,-24.386,38.56,566.571,-21.127,20.64,38.986,-1,0.75,-0.013,0.0,0
114,5.7,527.186,-24.388,38.52,566.284,-21.131,20.72,39.233,-1,0.75,-0.016,0.0,0
115,5.75,526.651,-24.389,38.56,565.994,-21.133,20.98,39.477,-1,0.75,-0.008,0.0,0
116,5.8,526.116,-24.39,38.52,565.699,-21.134,21.38,39.717,-1,0.75,-0.049,0.0,0
117,5.85,525.581,-24.391,38.56,565.399,-21.131,21.85,39.951,-1,0.25,-0.065,0.0,0
118,5.9,525.045,-24.393,38.52,565.093,-21.13,22.1,40.18,-1,0.0,0.021,0.0,0
119,5.95,524.51,-24.394,38.56,564.785,-21.129,22.15,40.407,-1,0.052,-0.005,0.0,0
120,6.0,523.975,-24.395,38.52,564.478,-21.13,22.05,40.635,-1,0.047,0.014,0.0,0
121,6.05,523.44,-24.396,38.56,564.174,-21.129,21.86,40.865,-1,0.04,-0.026,0.0,0
122,6.1,522.904,-24.397,38.52,563.872,-21.129,21.6,41.098,-1,0.035,-0.005,0.0,0
123,6.15,522.369,-24.398,38.56,563.575,-21.129,21.29,41.335,-1,0.031,0.035,0.0,0
124,6.2,521.834,-24.4,38.52,563.282,-21.132,20.96,41.577,-1,0.558,0.024,0.0,0
125,6.25,521.299,-24.401,38.56,562.993,-21.135,20.7,41.822,-1,0.75,0.021,0.0,0
126,6.3,520.763,-24.402,38.52,562.707,-21.139,20.59,42.07,-1,0.75,0.018,0.0,0
127,6.35,520.228,-24.403,38.56,562.42,-21.143,20.68,42.318,-1,0.75,0.016,0.0,0
128,6.4,519.693,-24.404,38.52,562.131,-21.148,20.95,42.563,-1,0.75,0.014,0.0,0
129,6.45,519.158,-24.405,38.56,561.837,-21.153,21.36,42.803,-1,0.75,0.022,0.0,0
130,6.5,518.622,-24.407,38.52,561.536,-21.159,21.83,43.037,-1,0.283,0.005,0.0,0
131,6.55,518.087,-24.408,38.56,561.23,-21.162,22.1,43.265,-1,0.0,-0.031,0.0,0
132,6.6,517.552,-24.409,38.52,560.923,-21.165,22.15,43.492,-1,0.056,-0.02,0.0,0
133,6.65,517.017,-24.41,38.56,560.616,-21.168,22.06,43.72,-1,0.05,0.022,0.0,0
134,6.7,516.481,-24.411,38.52,560.311,-21.172,21.88,43.949,-1,0.044,0.011,0.0,0
135,6.75,515.946,-24.412,38.56,560.009,-21.178,21.62,44.182,-1,0.037,0.026,0.0,0
136,6.8,515.411,-24.414,38.52,559.711,-21.185,21.32,44.418,-1,0.033,0.026,0.0,0
137,6.85,514.876,-24.415,38.56,559.418,-21.193,20.99,44.659,-1,0.5,0.035,0.0,0
138,6.9,514.34,-24.416,38.52,559.129,-21.202,20.74,44.904,-1,0.75,0.027,0.0,0
139,6.95,513.805,-24.417,38.56,558.842,-21.211,20.64,45.151,-1,0.75,0.022,0.0,0
140,7.0,513.27,-24.418,38.52,558.555,-21.221,20.73,45.398,-1,0.75,0.014,0.0,0
141,7.05,512.734,-24.42,38.56,558.265,-21.231,21.0,45.642,-1,0.75,0.015,0.0,0
142,7.1,512.199,-24.421,38.52,557.971,-21.241,21.42,45.882,-1,0.75,0.008,0.0,0
143,7.15,511.664,-24.422,38.56,557.669,-21.251,21.89,46.114,-1,0.202,0.007,0.0,0
144,7.2,511.129,-24.423,38.52,557.363,-21.262,22.16,46.342,-1,0.008,0.004,0.0,0
145,7.25,510.594,-24.424,38.56,557.054,-21.272,22.21,46.568,-1,0.055,0.001,0.0,0
146,7.3,510.058,-24.425,38.52,556.747,-21.283,22.12,46.794,-1,0.049,0.002,0.0,0
147,7.35,509.523,-24.427,38.56,556.441,-21.293,21.93,47.023,-1,0.042,0.01,0.0,0
148,7.4,508.988,-24.428,38.52,556.139,-21.304,21.68,47.254,-1,0.036,0.006,0.0,0
149,7.45,508.452,-24.429,38.56,555.841,-21.315,21.37,47.49,-1,0.032,0.011,0.0,0
150,7.5,507.917,-24.43,38.52,555.547,-21.327,21.05,47.731,-1,0.414,0.009,0.0,0
151,7.55,507.382,-24.431,38.56,555.257,-21.338,20.78,47.975,-1,0.75,0.003,0.0,0
152,7.6,506.847,-24.433,38.52,554.97,-21.35,20.68,48.222,-1,0.75,0.013,0.0,0
153,7.65,506.311,-24.434,38.56,554.682,-21.363,20.77,48.468,-1,0.75,0.026,0.0,0
154,7.7,505.776,-24.435,38.52,554.392,-21.377,21.04,48.712,-1,0.75,0.021,0.0,0
155,7.75,505.241,-24.436,38.56,554.097,-21.391,21.45,48.951,-1,0.75,0.007,0.0,0
156,7.8,504.706,-24.437,38.52,553.795,-21.406,21.92,49.183,-1,0.154,0.027,0.0,0
157,7.85,504.17,-24.439,38.56,553.489,-21.422,22.19,49.41,-1,0.014,0.013,0.0,0
158,7.9,503.635,-24.44,38.52,553.18,-21.44,22.24,49.636,-1,0.052,0.024,0.0,0
159,7.95,503.1,-24.441,38.56,552.873,-21.457,22.15,49.862,-1,0.046,0.019,0.0,0
160,8.0,502.565,-24.442,38.52,552.567,-21.475,21.96,50.09,-1,0.04,0.001,0.0,0
161,8.05,502.029,-24.443,38.56,552.265,-21.492,21.7,50.322,-1,0.034,0.014,0.0,0
162,8.1,501.494,-24.444,38.52,551.966,-21.509,21.39,50.557,-1,0.029,-0.0,0.0,0
163,8.15,500.959,-24.446,38.56,551.672,-21.526,21.06,50.798,-1,0.374,0.002,0.0,0
164,8.2,500.424,-24.447,38.52,551.383,-21.542,20.8,51.042,-1,0.75,-0.003,0.0,0
165,8.25,499.888,-24.448,38.56,551.096,-21.559,20.69,51.289,-1,0.75,0.016,0.0,0
166,8.3,499.353,-24.449,38.52,550.808,-21.576,20.78,51.535,-1,0.75,0.004,0.0,0
167,8.35,498.818,-24.45,38.56,550.518,-21.593,21.04,51.779,-1,0.75,-0.003,0.0,0
168,8.4,498.283,-24.452,38.52,550.223,-21.61,21.46,52.018,-1,0.75,-0.002,0.0,0
169,8.45,497.747,-24.453,38.56,549.921,-21.623,21.89,52.251,-1,0.142,-0.164,0.0,0
170,8.5,497.212,-24.454,38.52,549.615,-21.632,22.16,52.479,-1,0.014,-0.067,0.0,0
171,8.55,496.677,-24.455,38.56,549.307,-21.636,22.17,52.705,-1,0.05,-0.126,0.0,0
172,8.6,496.142,-24.456,38.52,549.0,-21.636,22.07,52.933,-1,0.044,-0.089,0.0,0
173,8.65,495.606,-24.457,38.56,548.695,-21.633,21.89,53.164,-1,0.038,-0.092,0.0,0
174,8.7,495.071,-24.459,38.52,548.393,-21.628,21.62,53.397,-1,0.032,-0.081,0.0,0
175,8.75,494.536,-24.46,38.56,548.095,-21.621,21.33,53.635,-1,0.029,-0.075,0.0,0
176,8.8,494.001,-24.461,38.52,547.802,-21.612,20.99,53.877,-1,0.505,-0.063,0.0,0
177,8.85,493.465,-24.462,38.56,547.513,-21.602,20.74,54.123,-1,0.75,-0.054,0.0,0
178,8.9,492.93,-24.463,38.52,547.227,-21.592,20.63,54.372,-1,0.75,-0.052,0.0,0
179,8.95,492.395,-24.465,38.56,546.94,-21.58,20.72,54.621,-1,0.75,-0.035,0.0,0
180,9.0,491.86,-24.466,38.52,546.65,-21.567,20.98,54.867,-1,0.75,-0.041,0.0,0
181,9.05,491.324,-24.467,38.56,546.356,-21.552,21.39,55.109,-1,0.75,-0.04,0.0,0
182,9.1,490.789,-24.468,38.52,546.055,-21.537,21.86,55.344,-1,0.241,-0.038,0.0,0
183,9.15,490.254,-24.469,38.56,545.75,-21.519,22.12,55.574,-1,0.0,-0.042,0.0,0
184,9.2,489.719,-24.47,38.52,545.442,-21.501,22.17,55.803,-1,0.053,-0.022,0.0,0
185,9.25,489.183,-24.472,38.56,545.136,-21.485,22.07,56.032,-1,0.047,0.023,0.0,0
186,9.3,488.648,-24.473,38.52,544.831,-21.473,21.87,56.263,-1,0.041,0.049,0.0,0
187,9.35,488.113,-24.474,38.56,544.53,-21.464,21.6,56.497,-1,0.035,0.066,0.0,0
188,9.4,487.578,-24.475,38.52,544.232,-21.458,21.3,56.735,-1,0.044,0.053,0.0,0
189,9.45,487.042,-24.476,38.56,543.939,-21.453,20.97,56.977,-1,0.544,0.057,0.0,0
190,9.5,486.507,-24.478,38.52,543.65,-21.451,20.72,57.223,-1,0.75,0.053,0.0,0
191,9.55,485.972,-24.479,38.56,543.364,-21.45,20.62,57.472,-1,0.75,0.057,0.0,0
192,9.6,485.437,-24.48,38.52,543.077,-21.451,20.73,57.72,-1,0.75,0.047,0.0,0
193,9.65,484.901,-24.481,38.56,542.787,-21.453,21.0,57.965,-1,0.75,0.062,0.0,0
194,9.7,484.366,-24.482,38.52,542.492,-21.457,21.42,58.204,-1,0.75,0.038,0.0,0
195,9.75,483.831,-24.484,38.56,542.19,-21.461,21.9,58.438,-1,0.197,0.034,0.0,0
196,9.8,483.296,-24.485,38.52,541.883,-21.466,22.18,58.665,-1,0.008,0.027,0.0,0
197,9.85,482.76,-24.486,38.56,541.575,-21.471,22.22,58.892,-1,0.055,0.025,0.0,0
198,9.9,482.225,-24.487,38.52,541.267,-21.478,22.13,59.118,-1,0.049,0.037,0.0,0
199,9.95,481.69,-24.488,38.56,540.961,-21.485,21.94,59.347,-1,0.043,0.018,0.0,0
200,10.0,481.155,-24.489,38.52,540.659,-21.493,21.69,59.579,-1,0.036,0.022,0.0,0
201,10.05,480.619,-24.491,38.56,540.36,-21.501,21.38,59.815,-1,0.032,0.035,0.0,0
202,10.1,480.084,-24.492,38.52,540.066,-21.512,21.06,60.056,-1,0.396,0.041,0.0,0
203,10.15,479.549,-24.493,38.56,539.776,-21.523,20.79,60.3,-1,0.75,0.043,0.0,0
204,10.2,479.014,-24.494,38.52,539.489,-21.535,20.7,60.547,-1,0.75,0.016,0.0,0
205,10.25,478.478,-24.495,38.56,539.201,-21.547,20.78,60.794,-1,0.75,0.021,0.0,0
206,10.3,477.943,-24.497,38.52,538.91,-21.559,21.05,61.038,-1,0.75,0.009,0.0,0
207,10.35,477.408,-24.498,38.56,538.615,-21.573,21.46,61.277,-1,0.741,0.031,0.0,0
208,10.4,476.873,-24.499,38.52,538.313,-21.587,21.93,61.51,-1,0.141,0.011,0.0,0
209,10.45,476.337,-24.5,38.56,538.006,-21.601,22.19,61.737,-1,0.017,0.009,0.0,0
210,10.5,475.802,-24.501,38.52,537.698,-21.616,22.23,61.963,-1,0.052,0.018,0.0,0
211,10.55,475.267,-24.502,38.56,537.39,-21.63,22.14,62.19,-1,0.045,-0.01,0.0,0
212,10.6,474.732,-24.504,38.52,537.085,-21.644,21.94,62.419,-1,0.039,-0.01,0.0,0
213,10.65,474.196,-24.505,38.56,536.782,-21.657,21.68,62.651,-1,0.033,0.014,0.0,0
214,10.7,473.661,-24.506,38.52,536.484,-21.67,21.37,62.887,-1,0.029,-0.016,0.0,0
215,10.75,473.126,-24.507,38.56,536.19,-21.682,21.04,63.128,-1,0.41,-0.001,0.0,0
216,10.8,472.591,-24.508,38.52,535.901,-21.695,20.78,63.373,-1,0.75,0.0,0.0,0
217,10.85,472.055,-24.51,38.56,535.614,-21.708,20.67,63.62,-1,0.75,0.013,0.0,0
218,10.9,471.52,-24.511,38.52,535.326,-21.721,20.75,63.867,-1,0.75,-0.008,0.0,0
219,10.95,470.985,-24.512,38.56,535.036,-21.735,21.01,64.112,-1,0.75,0.041,0.0,0
220,11.0,470.45,-24.513,38.52,534.742,-21.752,21.42,64.352,-1,0.75,0.019,0.0,0
221,11.05,469.914,-24.514,38.56,534.441,-21.769,21.89,64.585,-1,0.195,0.02,0.0,0
222,11.1,469.379,-24.515,38.52,534.135,-21.787,22.16,64.813,-1,0.004,0.018,0.0,0
223,11.15,468.844,-24.517,38.56,533.827,-21.806,22.2,65.04,-1,0.051,0.027,0.0,0
224,11.2,468.309,-24.518,38.52,533.52,-21.821,22.05,65.267,-1,0.045,-0.22,0.0,0
225,11.25,467.773,-24.519,38.56,533.216,-21.826,21.76,65.499,-1,0.039,-0.175,0.0,0
226,11.3,467.238,-24.52,38.52,532.917,-21.823,21.46,65.734,-1,0.033,-0.167,0.0,0
227,11.35,466.703,-24.521,38.56,532.622,-21.813,21.17,65.975,-1,0.343,-0.163,0.0,0
228,11.4,466.167,-24.523,38.52,532.331,-21.799,20.91,66.22,-1,0.75,-0.17,0.0,0
229,11.45,465.632,-24.524,38.56,532.042,-21.78,20.85,66.467,-1,0.75,-0.134,0.0,0
230,11.5,465.097,-24.525,38.52,531.753,-21.76,20.97,66.713,-1,0.75,-0.1,0.0,0
231,11.55,464.562,-24.526,38.56,531.46,-21.736,21.26,66.957,-1,0.75,-0.128,0.0,0
232,11.6,464.026,-24.527,38.52,531.164,-21.707,21.63,67.196,-1,0.49,-0.127,0.0,0
233,11.65,463.491,-24.529,38.56,530.863,-21.672,21.92,67.432,-1,0.0,-0.148,0.0,0
234,11.7,462.956,-24.53,38.52,530.56,-21.638,22.0,67.666,-1,0.049,0.002,0.0,0
235,11.75,462.421,-24.531,38.56,530.256,-21.608,21.94,67.898,-1,0.049,0.017,0.0,0
236,11.8,461.885,-24.532,38.52,529.954,-21.583,21.75,68.132,-1,0.046,0.053,0.0,0
237,11.85,461.35,-24.533,38.56,529.655,-21.56,21.51,68.369,-1,0.04,0.033,0.0,0
238,11.9,460.815,-24.534,38.52,529.359,-21.539,21.23,68.609,-1,0.129,0.035,0.0,0
239,11.95,460.28,-24.535,38.56,529.067,-21.519,20.95,68.853,-1,0.557,0.037,0.0,0
240,12.0,459.744,-24.536,38.52,528.779,-21.501,20.69,69.101,-1,0.0,0.024,1.0,0
241,12.05,459.209,-24.538,38.56,528.495,-21.482,20.37,69.353,-1,0.025,0.018,0.0,0
242,12.1,458.674,-24.539,38.52,528.215,-21.465,20.01,69.609,-1,0.0,0.015,1.0,0
243,12.15,458.139,-24.54,38.56,527.942,-21.448,19.54,69.872,-1,0.0,0.016,1.0,0
244,12.2,457.603,-24.541,38.52,527.686,-21.432,16.93,70.151,-1,0.0,0.019,1.0,0
245,12.25,457.068,-24.542,38.56,527.492,-21.421,12.06,70.493,-1,0.0,0.037,1.0,0
246,12.3,456.533,-24.543,38.52,527.365,-21.415,7.23,70.901,-1,0.0,0.038,1.0,0
247,12.35,455.998,-24.544,38.56,527.305,-21.412,2.45,71.376,-1,0.75,0.046,0.0,0
248,12.4,455.462,-24.545,38.52,527.299,-21.411,0.0,71.905,-1,0.75,0.085,0.0,0
249,12.45,454.927,-24.546,38.56,527.288,-21.411,1.45,72.428,-1,0.75,-0.006,0.0,0
250,12.5,454.392,-24.547,38.52,527.259,-21.41,2.34,72.935,-1,0.75,0.102,0.0,0
251,12.55,453.857,-24.548,38.56,527.218,-21.409,3.36,73.428,-1,0.75,0.074,0.0,0
252,12.6,453.321,-24.549,38.52,527.163,-21.407,4.22,73.909,-1,0.75,0.047,0.0,0
253,12.65,452.786,-24.55,38.56,527.097,-21.406,5.14,74.377,-1,0.75,0.068,0.0,0
254,12.7,452.251,-24.551,38.52,527.017,-21.404,6.1,74.832,-1,0.75,0.071,0.0,0
255,12.75,451.716,-24.552,38.56,526.924,-21.402,7.06,75.274,-1,0.75,0.061,0.0,0
256,12.8,451.18,-24.553,38.52,526.818,-21.4,7.93,75.703,-1,0.75,0.074,0.0,0
257,12.85,450.645,-24.553,38.56,526.7,-21.399,8.84,76.121,-1,0.75,0.068,0.0,0
258,12.9,450.11,-24.553,38.52,526.57,-21.397,9.75,76.525,-1,0.75,0.055,0.0,0
259,12.95,449.575,-24.553,38.56,526.427,-21.394,10.68,76.917,-1,0.75,0.05,0.0,0
260,13.0,449.039,-24.553,38.52,526.271,-21.392,11.52,77.297,-1,0.048,0.048,0.0,0
261,13.05,448.504,-24.553,38.56,526.107,-21.389,12.0,77.667,-1,0.046,0.042,0.0,0
262,13.1,447.969,-24.553,38.52,525.939,-21.388,12.08,78.034,-1,0.0,0.05,1.0,0
263,13.15,447.434,-24.552,38.56,525.773,-21.386,11.8,78.404,-1,0.0,0.048,1.0,0
264,13.2,446.898,-24.552,38.52,525.612,-21.385,11.52,78.778,-1,0.082,0.045,0.0,0
265,13.25,446.363,-24.551,38.56,525.453,-21.385,11.4,79.154,-1,0.082,0.043,0.0,0
266,13.3,445.828,-24.551,38.52,525.296,-21.384,11.28,79.531,-1,0.082,0.041,0.0,0
267,13.35,445.293,-24.55,38.56,525.141,-21.384,11.14,79.911,-1,0.076,0.041,0.0,0
268,13.4,444.757,-24.549,38.52,524.987,-21.384,11.0,80.292,-1,0.07,0.036,0.0,0
269,13.45,444.222,-24.548,38.56,524.836,-21.384,10.85,80.676,-1,0.063,0.032,0.0,0
270,13.5,443.687,-24.546,38.52,524.686,-21.384,10.7,81.061,-1,0.057,0.026,0.0,0
271,13.55,443.152,-24.545,38.56,524.539,-21.385,10.57,81.449,-1,0.218,0.034,0.0,0
272,13.6,442.616,-24.544,38.52,524.392,-21.385,10.56,81.837,-1,0.399,0.034,0.0,0
273,13.65,442.081,-24.543,38.56,524.245,-21.387,10.67,82.224,-1,0.386,0.038,0.0,0
274,13.7,441.546,-24.541,38.52,524.095,-21.388,10.81,82.61,-1,0.194,0.034,0.0,0
275,13.75,441.01,-24.54,38.56,523.944,-21.39,10.93,82.993,-1,0.0,0.024,0.0,0
276,13.8,440.475,-24.538,38.52,523.793,-21.391,10.83,83.377,-1,0.025,0.02,0.0,0
277,13.85,439.94,-24.537,38.56,523.644,-21.392,10.69,83.763,-1,0.018,0.014,0.0,0
278,13.9,439.405,-24.535,38.52,523.497,-21.393,10.55,84.151,-1,0.2,0.021,0.0,0
279,13.95,438.869,-24.533,38.56,523.351,-21.394,10.52,84.539,-1,0.391,0.016,0.0,0
280,14.0,438.334,-24.532,38.52,523.204,-21.395,10.62,84.927,-1,0.414,0.018,0.0,0
281,14.05,437.799,-24.53,38.56,523.055,-21.397,10.78,85.314,-1,0.227,0.017,0.0,0
282,14.1,437.264,-24.528,38.52,522.904,-21.399,10.91,85.697,-1,0.0,0.021,0.0,0
283,14.15,436.728,-24.527,38.56,522.753,-21.4,10.82,86.082,-1,0.005,0.016,0.0,0
284,14.2,436.193,-24.525,38.52,522.604,-21.402,10.68,86.467,-1,0.011,0.012,0.0,0
285,14.25,435.658,-24.523,38.56,522.457,-21.403,10.54,86.855,-1,0.209,0.002,0.0,0
286,14.3,435.123,-24.521,38.52,522.311,-21.405,10.51,87.244,-1,0.411,0.004,0.0,0
287,14.35,434.587,-24.52,38.56,522.164,-21.406,10.63,87.632,-1,0.429,0.004,0.0,0
288,14.4,434.052,-24.518,38.52,522.015,-21.407,10.8,88.018,-1,0.226,0.006,0.0,0
289,14.45,433.517,-24.516,38.56,521.864,-21.408,10.93,88.402,-1,0.0,0.009,0.0,0
290,14.5,432.982,-24.514,38.52,521.713,-21.41,10.85,88.786,-1,0.015,-0.001,0.0,0
291,14.55,432.446,-24.512,38.56,521.563,-21.411,10.72,89.171,-1,0.016,0.002,0.0,0
292,14.6,431.911,-24.51,38.52,521.416,-21.412,10.58,89.558,-1,0.15,-0.002,0.0,0
293,14.65,431.376,-24.508,38.56,521.27,-21.412,10.52,89.947,-1,0.357,-0.008,0.0,0
294,14.7,430.841,-24.507,38.52,521.123,-21.412,10.6,90.335,-1,0.423,-0.01,0.0,0
295,14.75,430.305,-24.505,38.56,520.974,-21.413,10.75,90.722,-1,0.273,-0.009,0.0,0
296,14.8,429.77,-24.503,38.52,520.824,-21.413,10.85,91.106,-1,0.039,-0.008,0.0,0
297,14.85,429.235,-24.501,38.56,520.674,-21.413,10.81,91.491,-1,0.005,-0.008,0.0,0
298,14.9,428.7,-24.499,38.52,520.524,-21.413,10.7,91.876,-1,0.017,-0.008,0.0,0
299,14.95,428.164,-24.497,38.56,520.377,-21.413,10.58,92.264,-1,0.182,-0.005,0.0,0
300,15.0,427.629,-24.495,38.52,520.23,-21.413,10.54,92.652,-1,0.36,0.0,0.0,0
301,15.05,427.094,-24.493,38.56,520.083,-21.413,10.63,93.04,-1,0.39,-0.007,0.0,0
302,15.1,426.559,-24.491,38.52,519.934,-21.414,10.77,93.426,-1,0.231,0.002,0.0,0
303,15.15,426.023,-24.489,38.56,519.784,-21.414,10.83,93.811,-1,0.027,0.004,0.0,0
304,15.2,425.488,-24.487,38.52,519.634,-21.415,10.77,94.196,-1,0.007,-0.001,0.0,0
305,15.25,424.953,-24.485,38.56,519.485,-21.415,10.66,94.582,-1,0.06,-0.005,0.0,0
306,15.3,424.418,-24.483,38.52,519.338,-21.415,10.56,94.97,-1,0.24,0.002,0.0,0
307,15.35,423.882,-24.481,38.56,519.192,-21.416,10.57,95.359,-1,0.372,-0.007,0.0,0
308,15.4,423.347,-24.479,38.52,519.044,-21.416,10.67,95.746,-1,0.337,-0.002,0.0,0
309,15.45,422.812,-24.477,38.56,518.895,-21.416,10.79,96.132,-1,0.163,-0.009,0.0,0
310,15.5,422.277,-24.475,38.52,518.745,-21.415,10.8,96.517,-1,0.006,-0.007,0.0,0
311,15.55,421.741,-24.473,38.56,518.595,-21.415,10.72,96.902,-1,0.013,-0.003,0.0,0
312,15.6,421.206,-24.471,38.52,518.448,-21.415,10.61,97.289,-1,0.153,-0.009,0.0,0
313,15.65,420.671,-24.469,38.56,518.301,-21.415,10.56,97.678,-1,0.319,-0.002,0.0,0
314,15.7,420.136,-24.467,38.52,518.154,-21.414,10.62,98.066,-1,0.366,-0.007,0.0,0
315,15.75,419.6,-24.465,38.56,518.005,-21.414,10.74,98.452,-1,0.244,-0.003,0.0,0
316,15.8,419.065,-24.463,38.52,517.855,-21.414,10.8,98.837,-1,0.069,-0.01,0.0,0
317,15.85,418.53,-24.461,38.56,517.705,-21.413,10.84,99.222,-1,0.0,-0.009,0.0,0
318,15.9,417.995,-24.459,38.52,517.556,-21.412,10.68,99.608,-1,0.016,-0.013,0.0,0
319,15.95,417.459,-24.457,38.56,517.409,-21.411,10.54,99.996,-1,0.215,-0.013,0.0,0
320,16.0,416.924,-24.455,38.52,517.263,-21.41,10.51,100.385,-1,0.415,-0.007,0.0,0
321,16.05,416.389,-24.453,38.56,517.116,-21.409,10.63,100.773,-1,0.427,-0.002,0.0,0
322,16.1,415.854,-24.451,38.52,516.967,-21.409,10.8,101.159,-1,0.218,0.003,0.0,0
323,16.15,415.318,-24.449,38.56,516.815,-21.409,10.93,101.543,-1,0.0,0.011,0.0,0
324,16.2,414.783,-24.447,38.52,516.664,-21.409,10.85,101.926,-1,0.016,0.009,0.0,0
325,16.25,414.248,-24.445,38.56,516.515,-21.41,10.71,102.312,-1,0.016,0.018,0.0,0
326,16.3,413.713,-24.444,38.52,516.367,-21.41,10.58,102.699,-1,0.159,0.002,0.0,0
327,16.35,413.177,-24.442,38.56,516.221,-21.411,10.52,103.088,-1,0.363,0.012,0.0,0
328,16.4,412.642,-24.44,38.52,516.074,-21.411,10.61,103.476,-1,0.421,-0.0,0.0,0
329,16.45,412.107,-24.438,38.56,515.925,-21.412,10.76,103.863,-1,0.261,0.015,0.0,0
330,16.5,411.572,-24.436,38.52,515.775,-21.414,10.85,104.247,-1,0.032,0.018,0.0,0
331,16.55,411.036,-24.434,38.56,515.625,-21.415,10.81,104.632,-1,0.005,0.019,0.0,0
332,16.6,410.501,-24.432,38.52,515.476,-21.417,10.69,105.018,-1,0.016,0.021,0.0,0
333,16.65,409.966,-24.43,38.56,515.328,-21.419,10.57,105.405,-1,0.2,0.011,0.0,0
334,16.7,409.431,-24.428,38.52,515.182,-21.42,10.54,105.794,-1,0.376,0.004,0.0,0
335,16.75,408.895,-24.426,38.56,515.035,-21.422,10.64,106.182,-1,0.393,0.009,0.0,0
336,16.8,408.36,-24.424,38.52,514.886,-21.422,10.78,106.568,-1,0.214,-0.007,0.0,0
337,16.85,407.825,-24.422,38.56,514.736,-21.423,10.83,106.953,-1,0.006,0.004,0.0,0
338,16.9,407.29,-24.42,38.52,514.586,-21.424,10.77,107.338,-1,0.011,0.0,0.0,0
339,16.95,406.754,-24.418,38.56,514.437,-21.426,10.66,107.724,-1,0.065,0.014,0.0,0
340,17.0,406.219,-24.416,38.52,514.29,-21.427,10.56,108.112,-1,0.25,0.012,0.0,0
341,17.05,405.684,-24.414,38.56,514.143,-21.43,10.57,108.501,-1,0.38,0.025,0.0,0
342,17.1,405.149,-24.412,38.52,513.996,-21.435,10.67,108.888,-1,0.34,0.095,0.0,0
343,17.15,404.613,-24.41,38.56,513.847,-21.44,10.79,109.274,-1,0.211,0.005,0.0,0
344,17.2,404.078,-24.408,38.52,513.696,-21.444,10.89,109.658,-1,0.0,0.014,0.0,0
345,17.25,403.543,-24.406,38.56,513.546,-21.447,10.79,110.043,-1,0.013,0.029,0.0,0
346,17.3,403.008,-24.404,38.52,513.397,-21.45,10.65,110.429,-1,0.038,-0.014,0.0,0
347,17.35,402.472,-24.403,38.56,513.25,-21.452,10.53,110.817,-1,0.264,-0.008,0.0,0
348,17.4,401.937,-24.401,38.52,513.104,-21.454,10.53,111.206,-1,0.428,-0.001,0.0,0
349,17.45,401.402,-24.399,38.56,512.957,-21.46,10.63,111.594,-1,0.401,0.132,0.0,0
350,17.5,400.867,-24.397,38.52,512.809,-21.469,10.81,111.98,-1,0.266,0.082,0.0,0
351,17.55,400.331,-24.395,38.56,512.657,-21.475,10.95,112.364,-1,0.0,-0.018,0.0,0
352,17.6,399.796,-24.393,38.52,512.506,-21.482,10.86,112.748,-1,0.017,0.112,0.0,0
353,17.65,399.261,-24.391,38.56,512.357,-21.495,10.71,113.134,-1,0.017,0.136,0.0,0
354,17.7,398.725,-24.389,38.52,512.211,-21.512,10.53,113.522,-1,0.216,0.302,0.0,0
355,17.75,398.19,-24.387,38.56,512.069,-21.536,10.45,113.914,-1,0.631,0.287,0.0,0
356,17.8,397.655,-24.385,38.52,511.926,-21.565,10.66,114.306,-1,0.75,0.299,0.0,0
357,17.85,397.12,-24.383,38.56,511.78,-21.599,11.03,114.694,-1,0.563,0.336,0.0,0
358,17.9,396.584,-24.381,38.52,511.629,-21.638,11.45,115.077,-1,0.0,0.337,0.0,0
359,17.95,396.049,-24.379,38.56,511.476,-21.681,11.6,115.458,-1,0.022,0.349,0.0,0
360,18.0,395.514,-24.377,38.52,511.323,-21.729,11.62,115.839,-1,0.021,0.352,0.0,0
361,18.05,394.979,-24.376,38.56,511.171,-21.779,11.54,116.222,-1,0.75,0.367,0.0,0
362,18.1,394.443,-24.374,38.52,511.022,-21.834,11.54,116.606,-1,0.0,0.367,0.0,0
363,18.15,393.908,-24.372,38.56,510.874,-21.889,11.43,116.992,-1,0.023,0.335,0.0,0
364,18.2,393.373,-24.37,38.52,510.728,-21.946,11.31,117.38,-1,0.023,0.297,0.0,0
365,18.25,392.838,-24.368,38.56,510.584,-22.002,11.12,117.77,-1,0.023,0.282,0.0,0
366,18.3,392.302,-24.366,38.52,510.442,-22.058,10.96,118.162,-1,0.023,0.265,0.0,0
367,18.35,391.767,-24.364,38.56,510.304,-22.116,10.73,118.558,-1,0.022,0.281,0.0,0
368,18.4,391.232,-24.362,38.52,510.169,-22.174,10.59,118.957,-1,0.377,0.251,0.0,0
369,18.45,390.697,-24.36,38.56,510.035,-22.232,10.58,119.357,-1,0.52,0.252,0.0,0
370,18.5,390.161,-24.358,38.52,509.9,-22.293,10.79,119.756,-1,0.501,0.228,0.0,0
371,18.55,389.626,-24.356,38.56,509.762,-22.355,11.03,120.152,-1,0.121,0.208,0.0,0
372,18.6,389.091,-24.354,38.52,509.622,-22.419,11.18,120.546,-1,0.0,0.201,0.0,0
373,18.65,388.556,-24.353,38.56,509.481,-22.484,11.11,120.94,-1,0.023,0.165,0.0,0
374,18.7,388.02,-24.351,38.52,509.342,-22.547,11.0,121.335,-1,0.023,0.155,0.0,0
375,18.75,387.485,-24.349,38.56,509.205,-22.611,10.82,121.732,-1,0.02,0.148,0.0,0
376,18.8,386.95,-24.347,38.52,509.07,-22.674,10.67,122.132,-1,0.078,0.135,0.0,0
377,18.85,386.415,-24.345,38.56,508.937,-22.736,10.55,122.533,-1,0.378,0.117,0.0,0
378,18.9,385.879,-24.343,38.52,508.804,-22.798,10.61,122.934,-1,0.499,0.103,0.0,0
379,18.95,385.344,-24.341,38.56,508.669,-22.86,10.81,123.334,-1,0.405,0.082,0.0,0
380,19.0,384.809,-24.339,38.52,508.531,-22.924,11.02,123.73,-1,0.0,0.062,0.0,0
381,19.05,384.274,-24.337,38.56,508.391,-22.987,11.03,124.125,-1,0.007,0.053,0.0,0
382,19.1,383.738,-24.335,38.52,508.252,-23.049,10.94,124.52,-1,0.013,0.039,0.0,0
383,19.15,383.203,-24.333,38.56,508.114,-23.11,10.8,124.917,-1,0.013,0.024,0.0,0
384,19.2,382.668,-24.331,38.52,507.978,-23.17,10.64,125.315,-1,0.094,0.006,0.0,0
385,19.25,382.133,-24.33,38.56,507.843,-23.227,10.54,125.715,-1,0.496,-0.006,0.0,0
386,19.3,381.597,-24.328,38.52,507.708,-23.284,10.61,126.115,-1,0.541,-0.015,0.0,0
387,19.35,381.062,-24.326,38.56,507.57,-23.341,10.82,126.511,-1,0.35,-0.033,0.0,0
388,19.4,380.527,-24.324,38.52,507.429,-23.397,11.03,126.905,-1,0.0,-0.042,0.0,0
389,19.45,379.992,-24.322,38.56,507.286,-23.453,11.01,127.297,-1,0.016,-0.052,0.0,0
390,19.5,379.456,-24.32,38.52,507.144,-23.508,10.91,127.69,-1,0.014,-0.068,0.0,0
391,19.55,378.921,-24.318,38.56,507.003,-23.559,10.76,128.084,-1,0.013,-0.086,0.0,0
392,19.6,378.386,-24.316,38.52,506.864,-23.609,10.6,128.48,-1,0.117,-0.094,0.0,0
393,19.65,377.851,-24.314,38.56,506.725,-23.657,10.51,128.877,-1,0.378,-0.109,0.0,0
394,19.7,377.315,-24.312,38.52,506.587,-23.703,10.58,129.273,-1,0.495,-0.113,0.0,0
395,19.75,376.78,-24.31,38.56,506.445,-23.748,10.78,129.666,-1,0.35,-0.125,0.0,0
396,19.8,376.245,-24.308,38.52,506.301,-23.793,10.93,130.057,-1,0.037,-0.128,0.0,0
397,19.85,375.71,-24.306,38.56,506.156,-23.836,10.94,130.447,-1,0.003,-0.134,0.0,0
398,19.9,375.174,-24.304,38.52,506.011,-23.878,10.83,130.837,-1,0.015,-0.138,0.0,0
399,19.95,374.639,-24.302,38.56,505.867,-23.918,10.7,131.228,-1,0.029,-0.147,0.0,0
400,20.0,374.104,-24.3,38.52,505.725,-23.955,10.56,131.621,-1,0.255,-0.146,0.0,0
401,20.05,373.569,-24.298,38.56,505.583,-23.991,10.56,132.015,-1,0.452,-0.155,0.0,0
402,20.1,373.033,-24.296,38.52,505.44,-24.027,10.7,132.407,-1,0.427,-0.149,0.0,0
403,20.15,372.498,-24.294,38.56,505.294,-24.061,10.89,132.796,-1,0.226,-0.152,0.0,0
404,20.2,371.963,-24.293,38.52,505.145,-24.095,11.02,133.183,-1,0.0,-0.148,0.0,0
405,20.25,371.427,-24.291,38.56,504.997,-24.128,10.96,133.569,-1,0.017,-0.15,0.0,0
406,20.3,370.892,-24.289,38.52,504.849,-24.159,10.82,133.957,-1,0.014,-0.15,0.0,0
407,20.35,370.357,-24.287,38.56,504.703,-24.189,10.68,134.346,-1,0.069,-0.152,0.0,0
408,20.4,369.822,-24.285,38.52,504.559,-24.217,10.56,134.737,-1,0.299,-0.146,0.0,0
409,20.45,369.286,-24.283,38.56,504.415,-24.244,10.59,135.129,-1,0.472,-0.143,0.0,0
410,20.5,368.751,-24.281,38.52,504.269,-24.27,10.74,135.518,-1,0.351,-0.136,0.0,0
411,20.55,368.216,-24.279,38.56,504.121,-24.297,10.89,135.905,-1,0.115,-0.132,0.0,0
412,20.6,367.681,-24.277,38.52,503.972,-24.322,10.97,136.291,-1,0.0,-0.125,0.0,0
413,20.65,367.145,-24.275,38.56,503.822,-24.347,10.86,136.677,-1,0.017,-0.122,0.0,0
414,20.7,366.61,-24.273,38.52,503.675,-24.371,10.69,137.065,-1,0.014,-0.124,0.0,0
415,20.75,366.075,-24.271,38.56,503.53,-24.394,10.56,137.455,-1,0.245,-0.116,0.0,0
416,20.8,365.54,-24.269,38.52,503.385,-24.415,10.53,137.845,-1,0.427,-0.114,0.0,0
417,20.85,365.004,-24.267,38.56,503.24,-24.437,10.67,138.235,-1,0.435,-0.105,0.0,0
418,20.9,364.469,-24.265,38.52,503.091,-24.458,10.85,138.622,-1,0.187,-0.1,0.0,0
419,20.95,363.934,-24.263,38.56,502.941,-24.479,10.98,139.007,-1,0.0,-0.094,0.0,0
420,21.0,363.399,-24.261,38.52,502.791,-24.5,10.89,139.392,-1,0.017,-0.105,0.0,0
421,21.05,362.863,-24.259,38.56,502.642,-24.519,10.76,139.779,-1,0.015,-0.098,0.0,0
422,21.1,362.328,-24.257,38.52,502.495,-24.537,10.61,140.167,-1,0.119,-0.089,0.0,0
423,21.15,361.793,-24.255,38.56,502.35,-24.556,10.53,140.557,-1,0.348,-0.081,0.0,0
424,21.2,361.258,-24.253,38.52,502.204,-24.573,10.59,140.947,-1,0.43,-0.088,0.0,0
425,21.25,360.722,-24.251,38.56,502.057,-24.591,10.75,141.335,-1,0.318,-0.054,0.0,0
426,21.3,360.187,-24.249,38.52,501.908,-24.609,10.86,141.721,-1,0.052,-0.084,0.0,0
427,21.35,359.652,-24.247,38.56,501.758,-24.627,10.85,142.107,-1,0.001,-0.057,0.0,0
428,21.4,359.117,-24.245,38.52,501.609,-24.643,10.73,142.493,-1,0.016,-0.096,0.0,0
429,21.45,358.581,-24.243,38.56,501.462,-24.66,10.61,142.882,-1,0.161,-0.017,0.0,0
430,21.5,358.046,-24.241,38.52,501.317,-24.676,10.54,143.271,-1,0.312,-0.082,0.0,0
431,21.55,357.511,-24.239,38.56,501.17,-24.691,10.62,143.66,-1,0.403,-0.08,0.0,0
432,21.6,356.976,-24.237,38.52,501.023,-24.705,10.75,144.048,-1,0.269,-0.075,0.0,0
433,21.65,356.44,-24.235,38.56,500.873,-24.718,10.84,144.433,-1,0.063,-0.072,0.0,0
434,21.7,355.905,-24.234,38.52,500.723,-24.731,10.8,144.819,-1,0.001,-0.082,0.0,0
435,21.75,355.37,-24.232,38.56,500.575,-24.744,10.7,145.206,-1,0.036,-0.05,0.0,0
436,21.8,354.835,-24.23,38.52,500.428,-24.756,10.58,145.594,-1,0.192,-0.086,0.0,0
437,21.85,354.299,-24.228,38.56,500.282,-24.768,10.55,145.983,-1,0.382,-0.021,0.0,0
438,21.9,353.764,-24.226,38.52,500.135,-24.78,10.63,146.372,-1,0.363,-0.086,0.0,0
439,21.95,353.229,-24.224,38.56,499.987,-24.794,10.76,146.759,-1,0.241,0.019,0.0,0
440,22.0,352.694,-24.222,38.52,499.838,-24.807,10.81,147.145,-1,0.041,-0.073,0.0,0
441,22.05,352.158,-24.22,38.56,499.688,-24.819,10.76,147.531,-1,0.008,-0.045,0.0,0
442,22.1,351.623,-24.218,38.52,499.54,-24.829,10.65,147.918,-1,0.089,-0.077,0.0,0
443,22.15,351.088,-24.215,38.56,499.393,-24.837,10.57,148.307,-1,0.275,-0.084,0.0,0
444,22.2,350.553,-24.213,38.52,499.247,-24.844,10.6,148.695,-1,0.369,-0.089,0.0,0
445,22.25,350.017,-24.211,38.56,499.099,-24.852,10.72,149.083,-1,0.311,-0.061,0.0,0
446,22.3,349.482,-24.209,38.52,498.949,-24.86,10.82,149.468,-1,0.103,-0.049,0.0,0
447,22.35,348.947,-24.207,38.56,498.799,-24.867,10.87,149.853,-1,0.0,-0.062,0.0,0
448,22.4,348.412,-24.205,38.52,498.649,-24.873,10.72,150.239,-1,0.017,-0.094,0.0,0
449,22.45,347.876,-24.204,38.56,498.501,-24.879,10.6,150.627,-1,0.176,-0.041,0.0,0
450,22.5,347.341,-24.202,38.52,498.355,-24.884,10.54,151.015,-1,0.338,-0.074,0.0,0
451,22.55,346.806,-24.2,38.56,498.208,-24.89,10.63,151.404,-1,0.411,-0.037,0.0,0
452,22.6,346.271,-24.198,38.52,498.06,-24.895,10.76,151.791,-1,0.233,-0.088,0.0,0
453,22.65,345.735,-24.196,38.56,497.909,-24.899,10.84,152.176,-1,0.061,-0.048,0.0,0
454,22.7,345.2,-24.194,38.52,497.759,-24.902,10.79,152.561,-1,0.001,-0.07,0.0,0
455,22.75,344.665,-24.192,38.56,497.611,-24.906,10.68,152.947,-1,0.052,-0.035,0.0,0
456,22.8,344.13,-24.19,38.52,497.463,-24.91,10.58,153.335,-1,0.211,-0.045,0.0,0
457,22.85,343.594,-24.188,38.56,497.317,-24.915,10.57,153.724,-1,0.361,-0.008,0.0,0
458,22.9,343.059,-24.186,38.52,497.169,-24.919,10.64,154.112,-1,0.342,-0.079,0.0,0
459,22.95,342.524,-24.184,38.56,497.021,-24.923,10.76,154.499,-1,0.224,0.005,0.0,0
460,23.0,341.989,-24.182,38.52,496.871,-24.926,10.78,154.884,-1,0.037,-0.109,0.0,0
461,23.05,341.453,-24.18,38.56,496.721,-24.927,10.74,155.27,-1,0.06,-0.051,0.0,0
462,23.1,340.918,-24.178,38.52,496.573,-24.926,10.66,155.657,-1,0.11,-0.087,0.0,0
463,23.15,340.383,-24.177,38.56,496.425,-24.926,10.61,156.044,-1,0.262,-0.067,0.0,0
464,23.2,339.848,-24.175,38.52,496.278,-24.924,10.64,156.432,-1,0.303,-0.074,0.0,0
465,23.25,339.312,-24.173,38.56,496.13,-24.923,10.72,156.819,-1,0.254,-0.043,0.0,0
466,23.3,338.777,-24.171,38.52,495.98,-24.922,10.76,157.205,-1,0.114,-0.062,0.0,0
467,23.35,338.242,-24.169,38.56,495.831,-24.919,10.75,157.591,-1,0.067,-0.068,0.0,0
468,23.4,337.707,-24.167,38.52,495.682,-24.917,10.68,157.978,-1,0.109,-0.06,0.0,0
469,23.45,337.171,-24.165,38.56,495.534,-24.914,10.64,158.365,-1,0.213,-0.038,0.0,0
470,23.5,336.636,-24.163,38.52,495.387,-24.911,10.63,158.753,-1,0.261,-0.074,0.0,0
471,23.55,336.101,-24.161,38.56,495.239,-24.91,10.67,159.14,-1,0.28,0.041,0.0,0
472,23.6,335.566,-24.159,38.52,495.09,-24.909,10.72,159.526,-1,0.181,-0.061,0.0,0
473,23.65,335.03,-24.157,38.56,494.941,-24.909,10.73,159.913,-1,0.124,0.036,0.0,0
474,23.7,334.495,-24.155,38.52,494.792,-24.91,10.71,160.299,-1,0.107,-0.003,0.0,0
475,23.75,333.96,-24.153,38.56,494.644,-24.913,10.65,160.686,-1,0.148,0.087,0.0,0
476,23.8,333.425,-24.151,38.52,494.497,-24.92,10.63,161.074,-1,0.266,0.092,0.0,0
477,23.85,332.889,-24.149,38.56,494.349,-24.929,10.68,161.462,-1,0.281,0.099,0.0,0
478,23.9,332.354,-24.147,38.52,494.2,-24.934,10.72,161.848,-1,0.203,-0.046,0.0,0
479,23.95,331.819,-24.146,38.56,494.051,-24.938,10.74,162.235,-1,0.111,0.054,0.0,0
480,24.0,331.284,-24.144,38.52,493.903,-24.94,10.69,162.621,-1,0.104,-0.067,0.0,0
481,24.05,330.748,-24.142,38.56,493.755,-24.943,10.62,163.008,-1,0.201,0.1,0.0,0
482,24.1,330.213,-24.14,38.52,493.607,-24.95,10.64,163.396,-1,0.288,0.062,0.0,0
483,24.15,329.678,-24.138,38.56,493.459,-24.958,10.7,163.784,-1,0.243,0.076,0.0,0
484,24.2,329.142,-24.136,38.52,493.31,-24.964,10.74,164.17,-1,0.16,-0.024,0.0,0
485,24.25,328.607,-24.134,38.56,493.162,-24.97,10.71,164.557,-1,0.094,0.102,0.0,0
486,24.3,328.072,-24.132,38.52,493.013,-24.976,10.66,164.944,-1,0.197,-0.12,0.0,0
487,24.35,327.537,-24.13,38.56,492.865,-24.981,10.68,165.331,-1,0.591,0.137,0.0,0
488,24.4,327.001,-24.128,38.52,492.716,-24.987,10.9,165.716,-1,0.75,-0.036,0.0,0
489,24.45,326.466,-24.126,38.56,492.561,-24.994,11.29,166.097,-1,0.238,0.089,0.0,0
490,24.5,325.931,-24.124,38.52,492.402,-25.001,11.57,166.474,-1,0.0,-0.047,0.0,0
491,24.55,325.395,-24.122,38.56,492.241,-25.002,11.61,166.848,-1,0.75,-0.072,0.0,0
492,24.6,324.86,-24.12,38.52,492.079,-24.999,11.72,167.221,-1,0.75,-0.121,0.0,0
493,24.65,324.325,-24.118,38.56,491.914,-24.996,12.08,167.591,-1,0.75,-0.072,0.0,0
494,24.7,323.789,-24.117,38.52,491.741,-24.993,12.66,167.954,-1,0.75,-0.068,0.0,0
495,24.75,323.254,-24.115,38.56,491.559,-24.989,13.39,168.308,-1,0.75,-0.063,0.0,0
496,24.8,322.719,-24.113,38.52,491.367,-24.983,14.16,168.651,-1,0.75,-0.092,0.0,0
497,24.85,322.183,-24.111,38.56,491.164,-24.977,14.98,168.983,-1,0.75,-0.065,0.0,0
498,24.9,321.648,-24.109,38.52,490.949,-24.968,15.78,169.304,-1,0.75,-0.084,0.0,0
499,24.95,321.112,-24.107,38.56,490.724,-24.96,16.59,169.613,-1,0.75,-0.031,0.0,0
500,25.0,320.577,-24.105,38.52,490.487,-24.953,17.39,169.912,-1,0.75,-0.027,0.0,0
501,25.05,320.042,-24.103,38.56,490.239,-24.946,18.19,170.199,-1,0.75,-0.022,0.0,0
502,25.1,319.507,-24.101,38.52,489.98,-24.937,18.95,170.475,-1,0.75,-0.056,0.0,0
503,25.15,318.971,-24.099,38.56,489.716,-24.926,18.99,170.747,-1,0.75,-0.039,0.0,0
504,25.2,318.436,-24.097,38.52,489.452,-24.914,19.14,171.018,-1,0.75,-0.055,0.0,0
505,25.25,317.9,-24.095,38.56,489.184,-24.901,19.48,171.285,-1,0.75,-0.037,0.0,0
506,25.3,317.365,-24.093,38.52,488.91,-24.886,19.94,171.547,-1,0.75,-0.052,0.0,0
507,25.35,316.83,-24.091,38.56,488.629,-24.871,20.51,171.801,-1,0.75,-0.011,0.0,0
508,25.4,316.294,-24.089,38.52,488.339,-24.856,21.16,172.046,-1,0.75,-0.022,0.0,0
509,25.45,315.759,-24.087,38.56,488.04,-24.841,21.87,172.282,-1,0.603,-0.004,0.0,0
510,25.5,315.224,-24.085,38.52,487.73,-24.824,22.53,172.508,-1,0.0,-0.029,0.0,0
511,25.55,314.688,-24.083,38.56,487.415,-24.807,22.81,172.728,-1,0.109,0.006,0.0,0
512,25.6,314.153,-24.081,38.52,487.098,-24.79,22.85,172.947,-1,0.103,-0.02,0.0,0
513,25.65,313.618,-24.08,38.56,486.782,-24.774,22.77,173.166,-1,0.097,0.009,0.0,0
514,25.7,313.082,-24.078,38.52,486.468,-24.759,22.54,173.387,-1,0.0,0.024,1.0,0
515,25.75,312.547,-24.076,38.56,486.158,-24.746,22.23,173.612,-1,0.084,0.036,0.0,0
516,25.8,312.012,-24.074,38.52,485.852,-24.737,21.93,173.841,-1,0.078,0.052,0.0,0
517,25.85,311.476,-24.072,38.56,485.55,-24.729,21.6,174.075,-1,0.072,0.044,0.0,0
518,25.9,310.941,-24.07,38.52,485.254,-24.722,21.21,174.314,-1,0.0,0.026,1.0,0
519,25.95,310.406,-24.068,38.56,484.963,-24.714,20.7,174.559,-1,0.0,0.011,1.0,0
520,26.0,309.87,-24.066,38.52,484.682,-24.707,19.74,174.812,-1,0.0,0.011,1.0,0
521,26.05,309.335,-24.064,38.56,484.448,-24.701,14.9,175.114,-1,0.0,0.01,1.0,0
522,26.1,308.8,-24.062,38.52,484.282,-24.696,10.05,175.484,-1,0.75,-0.078,0.0,0
523,26.15,308.264,-24.06,38.56,484.183,-24.692,5.23,175.92,-1,0.75,-0.073,0.0,0
524,26.2,307.729,-24.058,38.52,484.104,-24.687,6.12,176.376,-1,0.75,-0.075,0.0,0
525,26.25,307.194,-24.056,38.56,484.009,-24.68,7.34,176.816,-1,0.75,-0.062,0.0,0
526,26.3,306.658,-24.054,38.52,483.899,-24.672,8.32,177.241,-1,0.75,-0.072,0.0,0
527,26.35,306.123,-24.052,38.56,483.775,-24.663,9.37,177.653,-1,0.75,-0.074,0.0,0
528,26.4,305.588,-24.05,38.52,483.637,-24.652,10.31,178.05,-1,0.75,-0.078,0.0,0
529,26.45,305.052,-24.048,38.56,483.486,-24.639,11.27,178.435,-1,0.75,-0.082,0.0,0
530,26.5,304.517,-24.046,38.52,483.323,-24.623,12.18,178.807,-1,0.75,-0.1,0.0,0
531,26.55,303.982,-24.044,38.56,483.147,-24.607,13.08,179.166,-1,0.75,-0.052,0.0,0
532,26.6,303.446,-24.042,38.52,482.959,-24.587,13.92,179.514,-1,0.75,-0.398,0.0,0
533,26.65,302.911,-24.04,38.56,482.763,-24.555,14.64,179.853,-1,0.75,-0.332,0.0,0
534,26.7,302.376,-24.039,38.52,482.56,-24.509,15.33,180.185,-1,0.75,-0.363,0.0,0
535,26.75,301.84,-24.037,38.56,482.35,-24.451,16.1,180.511,-1,0.75,-0.375,0.0,0
536,26.8,301.305,-24.035,38.52,482.133,-24.382,16.86,180.828,-1,0.75,-0.397,0.0,0
537,26.85,300.77,-24.033,38.56,481.907,-24.303,17.68,181.138,-1,0.75,-0.367,0.0,0
538,26.9,300.234,-24.031,38.52,481.673,-24.215,18.48,181.439,-1,0.75,-0.357,0.0,0
539,26.95,299.699,-24.029,38.56,481.431,-24.116,19.23,181.732,-1,0.75,-0.367,0.0,0
540,27.0,299.164,-24.027,38.52,481.185,-24.008,19.62,182.022,-1,0.75,-0.339,0.0,0
541,27.05,298.628,-24.025,38.56,480.94,-23.895,19.63,182.312,-1,0.75,-0.329,0.0,0
542,27.1,298.093,-24.023,38.52,480.694,-23.773,20.02,182.601,-1,0.75,-0.324,0.0,0
543,27.15,297.558,-24.021,38.56,480.446,-23.644,20.43,182.889,-1,0.75,-0.302,0.0,0
544,27.2,297.022,-24.019,38.52,480.193,-23.505,21.42,183.171,-1,0.75,-0.279,0.0,0
545,27.25,296.487,-24.017,38.56,479.931,-23.355,21.93,183.445,-1,0.497,-0.225,0.0,0
546,27.3,295.952,-24.015,38.52,479.663,-23.202,22.43,183.714,-1,0.011,-0.146,0.0,0
547,27.35,295.416,-24.013,38.56,479.393,-23.047,22.49,183.979,-1,0.109,-0.107,0.0,0
548,27.4,294.881,-24.011,38.52,479.121,-22.892,22.55,184.244,-1,0.103,-0.07,0.0,0
549,27.45,294.345,-24.009,38.56,478.85,-22.738,22.35,184.509,-1,0.096,-0.041,0.0,0
550,27.5,293.81,-24.008,38.52,478.58,-22.587,22.23,184.775,-1,0.09,-0.005,0.0,0
551,27.55,293.275,-24.006,38.56,478.311,-22.441,21.88,185.043,-1,0.084,0.047,0.0,0
552,27.6,292.74,-24.004,38.52,478.044,-22.302,21.64,185.312,-1,0.078,0.091,0.0,0
553,27.65,292.204,-24.002,38.56,477.778,-22.17,21.2,185.583,-1,0.071,0.129,0.0,0
554,27.7,291.669,-24.0,38.52,477.513,-22.047,20.91,185.855,-1,0.75,0.157,0.0,0
555,27.75,291.133,-23.998,38.56,477.25,-21.933,20.54,186.128,-1,0.75,0.204,0.0,0
556,27.8,290.598,-23.996,38.52,476.986,-21.829,20.46,186.401,-1,0.75,0.247,0.0,0
557,27.85,290.063,-23.994,38.56,476.72,-21.732,20.49,186.671,-1,0.75,0.233,0.0,0
558,27.9,289.527,-23.992,38.52,476.448,-21.644,20.8,186.935,-1,0.75,0.283,0.0,0
559,27.95,288.992,-23.99,38.56,476.169,-21.563,21.14,187.192,-1,0.75,0.271,0.0,0
560,28.0,288.457,-23.988,38.52,475.881,-21.489,21.72,187.441,-1,0.75,0.277,0.0,0
561,28.05,287.921,-23.986,38.56,475.584,-21.421,22.2,187.68,-1,0.0,0.269,0.0,0
562,28.1,287.386,-23.984,38.52,475.279,-21.36,22.58,187.911,-1,0.04,0.263,0.0,0
563,28.15,286.851,-23.982,38.56,474.971,-21.306,22.59,188.139,-1,0.046,0.258,0.0,0
564,28.2,286.315,-23.98,38.52,474.661,-21.258,22.58,188.366,-1,0.04,0.237,0.0,0
565,28.25,285.78,-23.979,38.56,474.353,-21.218,22.32,188.593,-1,0.038,0.232,0.0,0
566,28.3,285.245,-23.977,38.52,474.047,-21.186,22.12,188.823,-1,0.038,0.238,0.0,0
567,28.35,284.709,-23.975,38.56,473.745,-21.162,21.73,189.057,-1,0.038,0.233,0.0,0
568,28.4,284.174,-23.973,38.52,473.447,-21.144,21.48,189.294,-1,0.038,0.211,0.0,0
569,28.45,283.639,-23.971,38.56,473.153,-21.133,21.04,189.535,-1,0.407,0.221,0.0,0
570,28.5,283.103,-23.969,38.52,472.863,-21.128,20.85,189.781,-1,0.75,0.2,0.0,0
571,28.55,282.568,-23.967,38.56,472.576,-21.128,20.66,190.029,-1,0.75,0.188,0.0,0
572,28.6,282.033,-23.965,38.52,472.288,-21.134,20.83,190.277,-1,0.75,0.176,0.0,0
573,28.65,281.497,-23.963,38.56,471.998,-21.144,21.02,190.522,-1,0.75,0.166,0.0,0
574,28.7,280.962,-23.961,38.52,471.704,-21.161,21.47,190.762,-1,0.75,0.202,0.0,0
575,28.75,280.427,-23.959,38.56,471.403,-21.183,21.88,190.997,-1,0.238,0.142,0.0,0
576,28.8,279.891,-23.957,38.52,471.097,-21.206,22.24,191.225,-1,0.0,0.101,0.0,0
577,28.85,279.356,-23.955,38.56,470.789,-21.23,22.21,191.453,-1,0.047,0.076,0.0,0
578,28.9,278.821,-23.953,38.52,470.482,-21.253,22.2,191.68,-1,0.041,0.041,0.0,0
579,28.95,278.285,-23.951,38.56,470.177,-21.276,21.92,191.91,-1,0.035,0.025,0.0,0
580,29.0,277.75,-23.95,38.52,469.874,-21.296,21.72,192.143,-1,0.03,-0.023,0.0,0
581,29.05,277.215,-23.948,38.56,469.577,-21.314,21.32,192.38,-1,0.03,-0.007,0.0,0
582,29.1,276.679,-23.946,38.52,469.283,-21.328,21.04,192.622,-1,0.502,-0.082,0.0,0
583,29.15,276.144,-23.944,38.56,468.994,-21.341,20.69,192.868,-1,0.75,-0.027,0.0,0
584,29.2,275.609,-23.942,38.52,468.708,-21.352,20.66,193.116,-1,0.75,-0.032,0.0,0
585,29.25,275.073,-23.94,38.56,468.421,-21.363,20.68,193.365,-1,0.75,-0.036,0.0,0
586,29.3,274.538,-23.938,38.52,468.131,-21.372,21.03,193.61,-1,0.75,-0.042,0.0,0
587,29.35,274.003,-23.936,38.56,467.836,-21.379,21.36,193.851,-1,0.75,-0.042,0.0,0
588,29.4,273.467,-23.934,38.52,467.535,-21.385,21.91,194.085,-1,0.302,-0.051,0.0,0
589,29.45,272.932,-23.932,38.56,467.229,-21.39,22.12,194.314,-1,0.0,-0.041,0.0,0
590,29.5,272.397,-23.93,38.52,466.92,-21.393,22.25,194.54,-1,0.054,-0.052,0.0,0
591,29.55,271.861,-23.928,38.56,466.613,-21.395,22.09,194.768,-1,0.048,-0.027,0.0,0
592,29.6,271.326,-23.926,38.52,466.307,-21.395,21.97,194.997,-1,0.042,-0.053,0.0,0
593,29.65,270.79,-23.924,38.56,466.004,-21.394,21.63,195.23,-1,0.036,-0.047,0.0,0
594,29.7,270.255,-23.922,38.52,465.706,-21.393,21.41,195.467,-1,0.032,-0.013,0.0,0
595,29.75,269.72,-23.92,38.56,465.412,-21.391,20.99,195.709,-1,0.35,-0.041,0.0,0
596,29.8,269.184,-23.919,38.52,465.122,-21.386,20.8,195.954,-1,0.75,-0.059,0.0,0
597,29.85,268.649,-23.917,38.56,464.835,-21.381,20.63,196.202,-1,0.75,-0.01,0.0,0
598,29.9,268.114,-23.915,38.52,464.547,-21.376,20.8,196.45,-1,0.75,-0.028,0.0,0
599,29.95,267.578,-23.913,38.56,464.257,-21.372,21.0,196.695,-1,0.75,-0.008,0.0,0
600,30.0,267.043,-23.911,38.52,463.961,-21.366,21.5,196.935,-1,0.75,-0.017,0.0,0
601,30.05,266.508,-23.909,38.56,463.659,-21.363,21.89,197.168,-1,0.063,0.029,0.0,0
602,30.1,265.972,-23.907,38.52,463.352,-21.359,22.24,197.396,-1,0.028,-0.014,0.0,0
603,30.15,265.437,-23.905,38.56,463.043,-21.356,22.22,197.623,-1,0.052,0.02,0.0,0
604,30.2,264.902,-23.903,38.52,462.735,-21.353,22.2,197.849,-1,0.046,0.013,0.0,0
605,30.25,264.366,-23.901,38.56,462.429,-21.352,21.93,198.079,-1,0.04,0.02,0.0,0
606,30.3,263.831,-23.899,38.52,462.125,-21.351,21.75,198.311,-1,0.034,0.018,0.0,0
607,30.35,263.296,-23.897,38.56,461.827,-21.352,21.35,198.547,-1,0.029,0.02,0.0,0
608,30.4,262.76,-23.895,38.52,461.532,-21.351,21.1,198.788,-1,0.442,-0.004,0.0,0
609,30.45,262.225,-23.893,38.56,461.242,-21.351,20.75,199.033,-1,0.75,0.026,0.0,0
610,30.5,261.69,-23.891,38.52,460.954,-21.352,20.73,199.281,-1,0.75,0.011,0.0,0
611,30.55,261.154,-23.89,38.56,460.666,-21.354,20.75,199.528,-1,0.75,0.017,0.0,0
612,30.6,260.619,-23.888,38.52,460.376,-21.356,21.1,199.773,-1,0.75,0.015,0.0,0
613,30.65,260.084,-23.886,38.56,460.08,-21.358,21.41,200.012,-1,0.656,0.016,0.0,0
614,30.7,259.548,-23.884,38.52,459.778,-21.361,21.89,200.246,-1,0.228,0.007,0.0,0
615,30.75,259.013,-23.882,38.56,459.473,-21.364,22.02,200.476,-1,0.002,0.015,0.0,0
616,30.8,258.478,-23.88,38.52,459.166,-21.367,22.1,200.704,-1,0.05,0.009,0.0,0
617,30.85,257.942,-23.878,38.56,458.861,-21.371,21.9,200.934,-1,0.045,0.014,0.0,0
618,30.9,257.407,-23.876,38.52,458.558,-21.376,21.76,201.167,-1,0.038,0.012,0.0,0
619,30.95,256.872,-23.874,38.56,458.259,-21.38,21.4,201.403,-1,0.033,0.009,0.0,0
620,31.0,256.336,-23.872,38.52,457.963,-21.384,21.18,201.642,-1,0.357,0.004,0.0,0
621,31.05,255.801,-23.87,38.56,457.672,-21.389,20.85,201.886,-1,0.674,0.012,0.0,0
622,31.1,255.266,-23.868,38.52,457.383,-21.393,20.85,202.132,-1,0.75,-0.013,0.0,0
623,31.15,254.73,-23.866,38.56,457.093,-21.397,20.88,202.378,-1,0.75,0.024,0.0,0
624,31.2,254.195,-23.864,38.52,456.8,-21.402,21.25,202.62,-1,0.75,-0.01,0.0,0
625,31.25,253.66,-23.862,38.56,456.502,-21.406,21.56,202.858,-1,0.435,0.002,0.0,0
626,31.3,253.124,-23.861,38.52,456.2,-21.41,21.91,203.09,-1,0.028,-0.016,0.0,0
627,31.35,252.589,-23.859,38.56,455.895,-21.413,21.9,203.321,-1,0.038,0.007,0.0,0
628,31.4,252.054,-23.857,38.52,455.591,-21.416,21.89,203.552,-1,0.049,-0.017,0.0,0
629,31.45,251.518,-23.855,38.56,455.289,-21.419,21.63,203.786,-1,0.045,-0.001,0.0,0
630,31.5,250.983,-23.853,38.52,454.99,-21.421,21.46,204.022,-1,0.039,-0.027,0.0,0
631,31.55,250.447,-23.851,38.56,454.695,-21.423,21.09,204.262,-1,0.27,-0.002,0.0,0
632,31.6,249.912,-23.849,38.52,454.404,-21.423,20.93,204.506,-1,0.75,-0.022,0.0,0
633,31.65,249.377,-23.847,38.56,454.115,-21.424,20.75,204.752,-1,0.75,-0.005,0.0,0
634,31.7,248.842,-23.845,38.52,453.826,-21.424,20.92,204.998,-1,0.75,-0.018,0.0,0
635,31.75,248.306,-23.843,38.56,453.534,-21.422,21.1,205.242,-1,0.75,-0.054,0.0,0
636,31.8,247.771,-23.841,38.52,453.237,-21.415,21.57,205.48,-1,0.687,-0.069,0.0,0
637,31.85,247.235,-23.839,38.56,452.934,-21.411,21.91,205.713,-1,0.0,0.024,0.0,0
638,31.9,246.7,-23.837,38.52,452.627,-21.409,22.21,205.941,-1,0.036,0.018,0.0,0
639,31.95,246.165,-23.835,38.56,452.319,-21.407,22.14,206.169,-1,0.046,-0.004,0.0,0
640,32.0,245.629,-23.833,38.52,452.012,-21.405,22.1,206.396,-1,0.045,0.001,0.0,0
641,32.05,245.094,-23.831,38.56,451.707,-21.403,21.82,206.627,-1,0.042,-0.007,0.0,0
642,32.1,244.559,-23.83,38.52,451.406,-21.4,21.63,206.861,-1,0.036,0.001,0.0,0
643,32.15,244.023,-23.828,38.56,451.109,-21.399,21.22,207.099,-1,0.031,0.016,0.0,0
644,32.2,243.488,-23.826,38.52,450.816,-21.398,20.97,207.342,-1,0.664,0.001,0.0,0
645,32.25,242.953,-23.824,38.56,450.528,-21.396,20.61,207.59,-1,0.75,0.004,0.0,0
646,32.3,242.417,-23.822,38.52,450.242,-21.394,20.59,207.839,-1,0.75,-0.013,0.0,0
647,32.35,241.882,-23.82,38.56,449.956,-21.394,20.6,208.088,-1,0.75,0.039,0.0,0
648,32.4,241.347,-23.818,38.52,449.667,-21.394,20.94,208.335,-1,0.75,-0.003,0.0,0
649,32.45,240.811,-23.816,38.56,449.374,-21.395,21.28,208.577,-1,0.75,0.038,0.0,0
650,32.5,240.276,-23.814,38.52,449.074,-21.397,21.83,208.812,-1,0.415,-0.0,0.0,0
651,32.55,239.741,-23.812,38.56,448.768,-21.399,22.08,209.041,-1,0.0,0.028,0.0,0
652,32.6,239.205,-23.81,38.52,448.46,-21.402,22.25,209.268,-1,0.052,0.01,0.0,0
653,32.65,238.67,-23.808,38.56,448.152,-21.405,22.11,209.496,-1,0.047,0.015,0.0,0
654,32.7,238.135,-23.806,38.52,447.846,-21.407,22.02,209.725,-1,0.041,-0.004,0.0,0
655,32.75,237.599,-23.804,38.56,447.542,-21.409,21.69,209.957,-1,0.036,-0.007,0.0,0
656,32.8,237.064,-23.802,38.52,447.243,-21.411,21.47,210.193,-1,0.033,0.007,0.0,0
657,32.85,236.529,-23.801,38.56,446.948,-21.413,21.06,210.433,-1,0.248,0.01,0.0,0
658,32.9,235.993,-23.799,38.52,446.658,-21.416,20.87,210.678,-1,0.75,0.0,0.0,0
659,32.95,235.458,-23.797,38.56,446.37,-21.418,20.65,210.925,-1,0.75,-0.003,0.0,0
660,33.0,234.923,-23.795,38.52,446.082,-21.42,20.78,211.173,-1,0.75,-0.0,0.0,0
661,33.05,234.387,-23.793,38.56,445.792,-21.422,20.94,211.419,-1,0.75,-0.007,0.0,0
662,33.1,233.852,-23.791,38.52,445.498,-21.424,21.41,211.659,-1,0.75,0.004,0.0,0
663,33.15,233.317,-23.789,38.56,445.197,-21.426,21.79,211.894,-1,0.192,-0.003,0.0,0
664,33.2,232.781,-23.787,38.52,444.891,-21.428,22.13,212.123,-1,0.005,0.003,0.0,0
665,33.25,232.246,-23.785,38.56,444.584,-21.431,22.09,212.351,-1,0.053,0.006,0.0,0
666,33.3,231.711,-23.783,38.52,444.277,-21.433,22.07,212.58,-1,0.047,-0.008,0.0,0
667,33.35,231.175,-23.781,38.56,443.973,-21.435,21.8,212.811,-1,0.041,0.003,0.0,0
668,33.4,230.64,-23.779,38.52,443.672,-21.436,21.62,213.045,-1,0.034,-0.009,0.0,0
669,33.45,230.105,-23.777,38.56,443.375,-21.438,21.22,213.283,-1,0.03,-0.002,0.0,0
670,33.5,229.569,-23.775,38.52,443.082,-21.439,20.97,213.526,-1,0.669,-0.009,0.0,0
671,33.55,229.034,-23.773,38.56,442.794,-21.44,20.62,213.773,-1,0.75,-0.007,0.0,0
672,33.6,228.499,-23.771,38.52,442.508,-21.44,20.59,214.022,-1,0.75,-0.008,0.0,0
673,33.65,227.963,-23.769,38.56,442.222,-21.441,20.61,214.272,-1,0.75,0.002,0.0,0
674,33.7,227.428,-23.767,38.52,441.933,-21.441,20.96,214.518,-1,0.75,-0.008,0.0,0
675,33.75,226.893,-23.765,38.56,441.639,-21.442,21.3,214.759,-1,0.75,0.01,0.0,0
676,33.8,226.357,-23.762,38.52,441.339,-21.444,21.85,214.994,-1,0.381,-0.0,0.0,0
677,33.85,225.822,-23.76,38.56,441.033,-21.446,22.09,215.223,-1,0.0,0.016,0.0,0
678,33.9,225.287,-23.758,38.52,440.725,-21.448,22.25,215.45,-1,0.055,-0.004,0.0,0
679,33.95,224.751,-23.756,38.56,440.417,-21.45,22.1,215.678,-1,0.05,0.011,0.0,0
680,34.0,224.216,-23.754,38.52,440.11,-21.452,22.0,215.907,-1,0.044,-0.003,0.0,0
681,34.05,223.681,-23.752,38.56,439.808,-21.454,21.67,216.139,-1,0.038,0.009,0.0,0
682,34.1,223.145,-23.75,38.52,439.508,-21.456,21.46,216.375,-1,0.034,0.003,0.0,0
683,34.15,222.61,-23.748,38.56,439.214,-21.459,21.05,216.616,-1,0.27,0.007,0.0,0
684,34.2,222.075,-23.746,38.52,438.923,-21.462,20.86,216.861,-1,0.75,0.006,0.0,0
685,34.25,221.539,-23.744,38.56,438.635,-21.464,20.65,217.108,-1,0.75,0.0,0.0,0
686,34.3,221.004,-23.742,38.52,438.348,-21.467,20.8,217.356,-1,0.75,0.001,0.0,0
687,34.35,220.469,-23.74,38.56,438.057,-21.47,20.98,217.601,-1,0.75,0.004,0.0,0
688,34.4,219.933,-23.738,38.52,437.762,-21.472,21.45,217.841,-1,0.75,0.0,0.0,0
689,34.45,219.398,-23.735,38.56,437.461,-21.476,21.84,218.075,-1,0.129,0.006,0.0,0
690,34.5,218.863,-23.733,38.52,437.154,-21.479,22.19,218.303,-1,0.016,0.003,0.0,0
691,34.55,218.327,-23.731,38.56,436.846,-21.482,22.15,218.53,-1,0.052,-0.002,0.0,0
692,34.6,217.792,-23.729,38.52,436.539,-21.485,22.13,218.758,-1,0.046,0.007,0.0,0
693,34.65,217.257,-23.727,38.56,436.233,-21.489,21.86,218.988,-1,0.04,-0.005,0.0,0
694,34.7,216.721,-23.725,38.52,435.931,-21.49,21.68,219.221,-1,0.034,-0.02,0.0,0
695,34.75,216.186,-23.723,38.56,435.633,-21.493,21.28,219.459,-1,0.029,0.02,0.0,0
696,34.8,215.651,-23.721,38.52,435.34,-21.497,21.03,219.701,-1,0.569,0.021,0.0,0
697,34.85,215.115,-23.719,38.56,435.051,-21.501,20.67,219.947,-1,0.75,-0.007,0.0,0
698,34.9,214.58,-23.717,38.52,434.765,-21.504,20.65,220.196,-1,0.75,-0.003,0.0,0
699,34.95,214.045,-23.715,38.56,434.478,-21.508,20.67,220.444,-1,0.75,0.001,0.0,0
700,35.0,213.509,-23.713,38.52,434.188,-21.512,21.02,220.69,-1,0.75,0.017,0.0,0
701,35.05,212.974,-23.711,38.56,433.894,-21.518,21.35,220.931,-1,0.75,0.037,0.0,0
702,35.1,212.439,-23.709,38.52,433.592,-21.526,21.9,221.165,-1,0.314,0.027,0.0,0
703,35.15,211.903,-23.707,38.56,433.286,-21.535,22.11,221.394,-1,0.0,0.038,0.0,0
704,35.2,211.368,-23.705,38.52,432.978,-21.546,22.25,221.621,-1,0.053,0.038,0.0,0
705,35.25,210.833,-23.703,38.56,432.671,-21.559,22.08,221.848,-1,0.048,0.041,0.0,0
706,35.3,210.297,-23.701,38.52,432.365,-21.572,21.98,222.078,-1,0.042,0.039,0.0,0
707,35.35,209.762,-23.7,38.56,432.063,-21.587,21.64,222.311,-1,0.036,0.043,0.0,0
708,35.4,209.227,-23.698,38.52,431.765,-21.604,21.41,222.548,-1,0.032,0.04,0.0,0
709,35.45,208.691,-23.696,38.56,431.471,-21.621,21.0,222.79,-1,0.35,0.042,0.0,0
710,35.5,208.156,-23.694,38.52,431.182,-21.64,20.82,223.036,-1,0.75,0.049,0.0,0
711,35.55,207.62,-23.692,38.56,430.896,-21.66,20.63,223.284,-1,0.75,0.059,0.0,0
712,35.6,207.085,-23.69,38.52,430.609,-21.683,20.81,223.532,-1,0.75,0.057,0.0,0
713,35.65,206.55,-23.688,38.56,430.319,-21.702,20.97,223.778,-1,0.75,-0.152,0.0,0
714,35.7,206.015,-23.687,38.52,430.025,-21.711,21.38,224.019,-1,0.75,-0.14,0.0,0
715,35.75,205.479,-23.685,38.56,429.725,-21.715,21.76,224.254,-1,0.295,-0.118,0.0,0
716,35.8,204.944,-23.683,38.52,429.419,-21.715,22.12,224.484,-1,0.0,-0.105,0.0,0
717,35.85,204.408,-23.681,38.56,429.112,-21.712,22.1,224.713,-1,0.054,-0.093,0.0,0
718,35.9,203.873,-23.679,38.52,428.806,-21.706,22.08,224.941,-1,0.047,-0.101,0.0,0
719,35.95,203.338,-23.677,38.56,428.501,-21.697,21.82,225.172,-1,0.041,-0.084,0.0,0
720,36.0,202.802,-23.675,38.52,428.2,-21.686,21.64,225.406,-1,0.035,-0.093,0.0,0
721,36.05,202.267,-23.673,38.56,427.903,-21.674,21.25,225.645,-1,0.031,-0.053,0.0,0
722,36.1,201.732,-23.671,38.52,427.61,-21.661,21.01,225.888,-1,0.63,-0.062,0.0,0
723,36.15,201.196,-23.669,38.56,427.322,-21.647,20.66,226.135,-1,0.75,-0.051,0.0,0
724,36.2,200.661,-23.668,38.52,427.036,-21.631,20.64,226.384,-1,0.75,-0.049,0.0,0
725,36.25,200.126,-23.666,38.56,426.75,-21.615,20.66,226.633,-1,0.75,-0.038,0.0,0
726,36.3,199.59,-23.664,38.52,426.461,-21.598,21.02,226.88,-1,0.75,-0.033,0.0,0
727,36.35,199.055,-23.662,38.56,426.167,-21.58,21.36,227.121,-1,0.75,-0.027,0.0,0
728,36.4,198.52,-23.66,38.52,425.866,-21.561,21.91,227.356,-1,0.306,-0.033,0.0,0
729,36.45,197.984,-23.658,38.56,425.56,-21.541,22.12,227.585,-1,0.0,-0.014,0.0,0
730,36.5,197.449,-23.656,38.52,425.252,-21.522,22.25,227.813,-1,0.055,-0.01,0.0,0
731,36.55,196.914,-23.654,38.56,424.945,-21.503,22.09,228.041,-1,0.049,-0.003,0.0,0
732,36.6,196.378,-23.652,38.52,424.639,-21.483,21.99,228.271,-1,0.043,-0.014,0.0,0
733,36.65,195.843,-23.65,38.56,424.337,-21.465,21.65,228.505,-1,0.037,0.012,0.0,0
734,36.7,195.308,-23.648,38.52,424.039,-21.446,21.42,228.742,-1,0.033,-0.005,0.0,0
735,36.75,194.772,-23.646,38.56,423.746,-21.429,21.01,228.984,-1,0.327,0.011,0.0,0
736,36.8,194.237,-23.644,38.52,423.456,-21.412,20.83,229.23,-1,0.75,0.015,0.0,0
737,36.85,193.702,-23.642,38.56,423.169,-21.397,20.65,229.478,-1,0.75,0.021,0.0,0
738,36.9,193.166,-23.64,38.52,422.881,-21.383,20.82,229.726,-1,0.75,0.024,0.0,0
739,36.95,192.631,-23.638,38.56,422.591,-21.369,21.02,229.971,-1,0.75,0.025,0.0,0
740,37.0,192.096,-23.636,38.47,422.295,-21.356,21.51,230.21,-1,0.75,0.027,0.0,0
741,37.05,191.563,-23.634,38.38,421.993,-21.345,21.91,230.442,-1,0.042,0.032,0.0,0
742,37.1,191.032,-23.633,38.1,421.686,-21.334,22.26,230.665,-1,0.031,0.036,0.0,0
743,37.15,190.505,-23.631,37.82,421.377,-21.325,22.24,230.883,-1,0.052,0.033,0.0,0
744,37.2,189.983,-23.629,37.38,421.068,-21.316,22.23,231.096,-1,0.045,0.025,0.0,0
745,37.25,189.467,-23.627,37.0,420.762,-21.309,21.96,231.306,-1,0.039,0.035,0.0,0
746,37.3,188.958,-23.625,36.5,420.458,-21.304,21.77,231.512,-1,0.033,0.055,0.0,0
747,37.35,188.454,-23.623,36.12,420.159,-21.3,21.37,231.717,-1,0.029,0.034,0.0,0
748,37.4,187.956,-23.621,35.67,419.864,-21.297,21.12,231.92,-1,0.414,0.031,0.0,0
749,37.45,187.463,-23.619,35.36,419.574,-21.295,20.77,232.123,-1,0.75,0.035,0.0,0
750,37.5,186.975,-23.618,34.99,419.286,-21.294,20.75,232.323,-1,0.75,0.023,0.0,0
751,37.55,186.491,-23.616,34.76,418.998,-21.293,20.77,232.518,-1,0.75,0.03,0.0,0
752,37.6,186.011,-23.614,34.45,418.707,-21.293,21.12,232.707,-1,0.75,0.018,0.0,0
753,37.65,185.534,-23.612,34.25,418.411,-21.294,21.43,232.888,-1,0.628,0.031,0.0,0
754,37.7,185.061,-23.611,33.95,418.109,-21.295,21.89,233.06,-1,0.212,0.01,0.0,0
755,37.75,184.591,-23.609,33.75,417.804,-21.296,22.0,233.224,-1,0.004,0.012,0.0,0
756,37.8,184.125,-23.607,33.43,417.498,-21.297,22.06,233.384,-1,0.049,0.007,0.0,0
757,37.85,183.663,-23.605,33.2,417.193,-21.298,21.85,233.542,-1,0.043,0.006,0.0,0
758,37.9,183.204,-23.604,32.86,416.891,-21.298,21.71,233.698,-1,0.037,-0.001,0.0,0
759,37.95,182.75,-23.602,32.61,416.593,-21.299,21.34,233.854,-1,0.032,-0.001,0.0,0
760,38.0,182.3,-23.6,32.25,416.298,-21.299,21.12,234.009,-1,0.46,0.001,0.0,0
761,38.05,181.854,-23.599,32.01,416.008,-21.299,20.78,234.165,-1,0.75,-0.012,0.0,0
762,38.1,181.413,-23.597,31.65,415.719,-21.299,20.78,234.318,-1,0.75,-0.005,0.0,0
763,38.15,180.975,-23.595,31.43,415.431,-21.298,20.81,234.467,-1,0.75,0.003,0.0,0
764,38.2,180.541,-23.594,31.09,415.139,-21.298,21.18,234.609,-1,0.75,-0.004,0.0,0
765,38.25,180.111,-23.592,30.88,414.842,-21.298,21.49,234.742,-1,0.54,0.009,0.0,0
766,38.3,179.685,-23.591,30.56,414.54,-21.299,21.9,234.866,-1,0.126,-0.001,0.0,0
767,38.35,179.262,-23.589,30.36,414.235,-21.296,21.93,234.984,-1,0.021,-0.066,0.0,0
768,38.4,178.843,-23.587,30.05,413.93,-21.293,21.95,235.099,-1,0.051,0.013,0.0,0
769,38.45,178.427,-23.586,29.86,413.627,-21.291,21.72,235.211,-1,0.048,-0.003,0.0,0
770,38.5,178.015,-23.584,29.55,413.327,-21.29,21.56,235.323,-1,0.042,0.009,0.0,0
771,38.55,177.606,-23.583,29.36,413.031,-21.289,21.2,235.435,-1,0.098,-0.006,0.0,0
772,38.6,177.201,-23.581,29.04,412.738,-21.286,20.99,235.548,-1,0.694,-0.019,0.0,0
773,38.65,176.8,-23.58,28.85,412.449,-21.284,20.7,235.66,-1,0.75,-0.002,0.0,0
774,38.7,176.402,-23.579,28.53,412.161,-21.281,20.75,235.771,-1,0.75,-0.012,0.0,0
775,38.75,176.007,-23.577,28.34,411.872,-21.278,20.84,235.877,-1,0.75,0.001,0.0,0
776,38.8,175.616,-23.576,28.02,411.58,-21.276,21.25,235.975,-1,0.75,0.011,0.0,0
777,38.85,175.228,-23.574,27.84,411.282,-21.274,21.58,236.065,-1,0.43,-0.0,0.0,0
778,38.9,174.844,-23.573,27.53,410.979,-21.272,21.96,236.146,-1,0.0,0.003,0.0,0
779,38.95,174.463,-23.572,27.36,410.673,-21.27,21.96,236.221,-1,0.048,-0.009,0.0,0
780,39.0,174.086,-23.57,27.06,410.368,-21.267,21.96,236.294,-1,0.051,-0.004,0.0,0
781,39.05,173.711,-23.569,26.89,410.066,-21.264,21.7,236.365,-1,0.048,-0.002,0.0,0
782,39.1,173.34,-23.568,26.59,409.765,-21.262,21.54,236.436,-1,0.042,0.003,0.0,0
783,39.15,172.972,-23.566,26.43,409.469,-21.259,21.17,236.508,-1,0.137,-0.007,0.0,0
784,39.2,172.608,-23.565,26.14,409.177,-21.256,20.97,236.581,-1,0.737,0.0,0.0,0
785,39.25,172.246,-23.564,25.98,408.888,-21.254,20.71,236.654,-1,0.75,0.002,0.0,0
786,39.3,171.888,-23.562,25.68,408.6,-21.252,20.79,236.724,-1,0.75,0.002,0.0,0
787,39.35,171.532,-23.561,25.53,408.311,-21.249,20.9,236.79,-1,0.75,0.003,0.0,0
788,39.4,171.18,-23.56,25.24,408.017,-21.247,21.33,236.848,-1,0.75,-0.001,0.0,0
789,39.45,170.831,-23.559,25.09,407.718,-21.245,21.68,236.898,-1,0.314,0.002,0.0,0
790,39.5,170.485,-23.557,24.79,407.414,-21.243,22.01,236.94,-1,0.0,0.009,0.0,0
791,39.55,170.142,-23.556,24.65,407.108,-21.241,21.98,236.978,-1,0.053,0.008,0.0,0
792,39.6,169.802,-23.555,24.36,406.803,-21.24,21.96,237.012,-1,0.051,0.009,0.0,0
793,39.65,169.465,-23.554,24.22,406.5,-21.24,21.69,237.047,-1,0.046,0.009,0.0,0
794,39.7,169.13,-23.552,23.94,406.2,-21.24,21.51,237.081,-1,0.04,0.017,0.0,0
795,39.75,168.799,-23.551,23.81,405.905,-21.241,21.13,237.117,-1,0.179,0.026,0.0,0
796,39.8,168.471,-23.55,23.53,405.613,-21.242,20.95,237.153,-1,0.75,0.011,0.0,0
797,39.85,168.145,-23.549,23.4,405.324,-21.244,20.71,237.19,-1,0.75,0.014,0.0,0
798,39.9,167.822,-23.548,23.12,405.036,-21.245,20.81,237.225,-1,0.75,-0.003,0.0,0
799,39.95,167.502,-23.547,22.99,404.746,-21.246,20.95,237.254,-1,0.75,-0.006,0.0,0
800,40.0,167.185,-23.545,22.72,404.451,-21.246,21.4,237.277,-1,0.75,-0.011,0.0,0
801,40.05,166.871,-23.544,22.6,404.151,-21.246,21.76,237.291,-1,0.209,0.008,0.0,0
802,40.1,166.559,-23.543,22.32,403.845,-21.247,22.08,237.297,-1,0.0,-0.007,0.0,0
803,40.15,166.25,-23.542,22.2,403.539,-21.247,22.04,237.3,-1,0.052,-0.002,0.0,0
804,40.2,165.944,-23.541,21.93,403.233,-21.246,22.02,237.3,10010.195,0.049,-0.013,0.0,0
805,40.25,165.64,-23.54,21.82,402.929,-21.246,21.74,237.3,-1,0.045,0.003,0.0,0
806,40.3,165.34,-23.539,21.55,402.629,-21.245,21.56,237.3,75240.136,0.038,-0.006,0.0,0
807,40.35,165.041,-23.538,21.44,402.333,-21.244,21.17,237.302,-1,0.096,-0.009,0.0,0
808,40.4,164.746,-23.537,21.18,402.04,-21.243,20.96,237.306,-1,0.731,-0.005,0.0,0
809,40.45,164.452,-23.536,21.07,401.752,-21.242,20.65,237.311,-1,0.75,0.002,0.0,0
810,40.5,164.162,-23.535,20.81,401.465,-21.24,20.69,237.314,-1,0.75,-0.017,0.0,0
811,40.55,163.874,-23.534,20.71,401.177,-21.239,20.76,237.315,15680.225,0.75,0.003,0.0,0
812,40.6,163.588,-23.533,20.45,400.886,-21.237,21.16,237.309,1199.012,0.75,-0.016,0.0,0
813,40.65,163.305,-23.532,20.35,400.589,-21.235,21.5,237.295,745.618,0.557,0.009,0.0,0
814,40.7,163.025,-23.531,20.09,400.287,-21.233,21.93,237.273,463.858,0.107,-0.009,0.0,0
815,40.75,162.746,-23.53,20.0,399.981,-21.232,22.0,237.246,426.537,0.026,0.017,0.0,0
816,40.8,162.471,-23.529,19.74,399.675,-21.231,22.04,237.215,371.484,0.052,0.001,0.0,0
817,40.85,162.197,-23.528,19.65,399.371,-21.231,21.81,237.185,395.079,0.047,0.008,0.0,0
818,40.9,161.927,-23.527,19.4,399.069,-21.23,21.67,237.154,376.41,0.041,-0.002,0.0,0
819,40.95,161.658,-23.526,19.31,398.771,-21.23,21.29,237.125,431.07,0.036,0.027,0.0,0
820,41.0,161.392,-23.525,19.06,398.478,-21.231,21.06,237.097,425.638,0.548,0.004,0.0,0
821,41.05,161.128,-23.524,18.98,398.188,-21.231,20.73,237.071,486.053,0.75,0.007,0.0,0
822,41.1,160.866,-23.523,18.73,397.9,-21.232,20.73,237.045,426.531,0.75,-0.0,0.0,0
823,41.15,160.607,-23.522,18.65,397.612,-21.233,20.76,237.016,403.701,0.75,0.014,0.0,0
824,41.2,160.35,-23.521,18.4,397.321,-21.234,21.13,236.982,312.965,0.75,-0.003,0.0,0
825,41.25,160.095,-23.52,18.33,397.025,-21.235,21.45,236.941,273.362,0.611,0.014,0.0,0
826,41.3,159.842,-23.519,18.08,396.723,-21.236,21.9,236.892,223.193,0.182,-0.006,0.0,0
827,41.35,159.591,-23.518,18.18,396.418,-21.237,22.0,236.837,222.915,0.015,0.011,0.0,0
828,41.4,159.337,-23.517,18.19,396.111,-21.239,22.06,236.785,219.961,0.055,0.002,0.0,0
829,41.45,159.086,-23.516,18.12,395.807,-21.241,21.85,236.732,228.55,0.05,0.016,0.0,0
830,41.5,158.835,-23.515,17.87,395.504,-21.243,21.71,236.68,221.772,0.044,0.006,0.0,0
831,41.55,158.627,-23.515,13.04,395.206,-21.246,21.35,236.59,102.443,0.038,0.007,0.0,0
832,41.6,158.448,-23.514,12.97,394.911,-21.248,21.13,236.474,104.384,0.451,-0.0,0.0,0
833,41.65,158.266,-23.513,13.21,394.621,-21.25,20.8,236.365,112.041,0.749,0.004,0.0,0
834,41.7,158.079,-23.513,13.62,394.332,-21.253,20.8,236.263,118.323,0.75,0.0,0.0,0
835,41.75,157.885,-23.512,14.31,394.043,-21.255,20.84,236.169,130.023,0.75,0.009,0.0,0
836,41.8,157.679,-23.511,15.12,393.75,-21.258,21.21,236.082,139.406,0.75,0.005,0.0,0
837,41.85,157.462,-23.51,16.0,393.453,-21.261,21.53,236.002,153.768,0.485,0.004,0.0,0
838,41.9,157.232,-23.509,16.86,393.151,-21.264,21.91,235.929,168.192,0.07,-0.013,0.0,0
839,41.95,156.991,-23.509,17.67,392.846,-21.266,21.93,235.865,199.365,0.032,-0.002,0.0,0
840,42.0,156.739,-23.508,18.53,392.541,-21.267,21.94,235.813,249.538,0.05,-0.012,0.0,0
841,42.05,156.475,-23.507,19.18,392.239,-21.268,21.69,235.774,338.7,0.047,-0.003,0.0,0
842,42.1,156.209,-23.506,19.2,391.939,-21.269,21.53,235.74,365.018,0.041,-0.016,0.0,0
843,42.15,155.939,-23.505,19.67,391.643,-21.269,21.16,235.715,568.593,0.159,-0.007,0.0,0
844,42.2,155.662,-23.504,20.15,391.351,-21.27,20.97,235.699,1033.664,0.747,-0.003,0.0,0
845,42.25,155.375,-23.503,20.95,391.062,-21.27,20.72,235.697,-1,0.75,-0.004,0.0,0
846,42.3,155.078,-23.502,21.68,390.773,-21.271,20.82,235.705,-1,0.75,0.005,0.0,0
847,42.35,154.769,-23.5,22.64,390.483,-21.274,20.95,235.724,-1,0.75,0.03,0.0,0
848,42.4,154.448,-23.499,23.48,390.189,-21.275,21.38,235.751,-1,0.75,-0.021,0.0,0
849,42.45,154.113,-23.498,24.52,389.888,-21.276,21.75,235.786,-1,0.228,0.003,0.0,0
850,42.5,153.765,-23.497,25.42,389.583,-21.277,22.06,235.829,-1,0.0,-0.001,0.0,0
851,42.55,153.403,-23.496,26.53,389.277,-21.279,22.02,235.885,-1,0.05,0.006,0.0,0
852,42.6,153.027,-23.494,27.47,388.971,-21.28,21.99,235.955,-1,0.048,0.002,0.0,0
853,42.65,152.636,-23.493,28.54,388.668,-21.281,21.72,236.043,-1,0.045,-0.009,0.0,0
854,42.7,152.232,-23.491,29.45,388.368,-21.282,21.54,236.146,-1,0.039,-0.01,0.0,0
855,42.75,151.814,-23.49,30.49,388.072,-21.282,21.15,236.268,-1,0.142,-0.013,0.0,0
856,42.8,151.383,-23.488,31.39,387.78,-21.282,20.95,236.407,-1,0.75,0.001,0.0,0
857,42.85,150.939,-23.487,32.42,387.492,-21.283,20.68,236.563,-1,0.75,0.014,0.0,0
858,42.9,150.481,-23.485,33.33,387.204,-21.284,20.75,236.734,-1,0.75,0.002,0.0,0
859,42.95,150.009,-23.483,34.37,386.915,-21.286,20.86,236.916,-1,0.75,0.014,0.0,0
860,43.0,149.524,-23.481,35.29,386.622,-21.288,21.29,237.108,-1,0.75,0.006,0.0,0
861,43.05,149.026,-23.48,36.33,386.323,-21.291,21.64,237.308,-1,0.369,0.015,0.0,0
862,43.1,148.513,-23.478,37.29,386.02,-21.293,21.99,237.517,-1,0.0,-0.007,0.0,0
863,43.15,147.986,-23.476,38.32,385.714,-21.295,21.97,237.738,-1,0.052,0.011,0.0,0
864,43.2,147.447,-23.474,39.14,385.409,-21.298,21.96,237.972,-1,0.049,-0.001,0.0,0
865,43.25,146.898,-23.472,39.68,385.106,-21.3,21.7,238.218,-1,0.045,0.005,0.0,0
866,43.3,146.346,-23.47,39.76,384.806,-21.302,21.53,238.47,-1,0.039,-0.004,0.0,0
867,43.35,145.795,-23.468,39.64,384.51,-21.305,21.15,238.725,-1,0.154,0.004,0.0,0
868,43.4,145.247,-23.466,39.28,384.218,-21.308,20.96,238.981,-1,0.75,0.013,0.0,0
869,43.45,144.705,-23.464,38.94,383.93,-21.311,20.7,239.234,-1,0.75,0.015,0.0,0
870,43.5,144.167,-23.462,38.53,383.642,-21.315,20.79,239.484,-1,0.75,0.005,0.0,0
871,43.55,143.635,-23.46,38.28,383.352,-21.32,20.91,239.727,-1,0.75,0.023,0.0,0
872,43.6,143.105,-23.458,38.06,383.058,-21.325,21.35,239.963,-1,0.75,0.008,0.0,0
873,43.65,142.577,-23.456,38.04,382.759,-21.33,21.7,240.192,-1,0.286,0.017,0.0,0
874,43.7,142.048,-23.454,38.05,382.454,-21.337,22.03,240.415,-1,0.0,0.012,0.0,0
875,43.75,141.518,-23.452,38.22,382.149,-21.344,21.99,240.639,-1,0.054,0.026,0.0,0
876,43.8,140.987,-23.45,38.34,381.843,-21.352,21.97,240.866,-1,0.05,0.016,0.0,0
877,43.85,140.452,-23.448,38.55,381.541,-21.361,21.7,241.097,-1,0.046,0.031,0.0,0
878,43.9,139.916,-23.446,38.64,381.241,-21.371,21.52,241.334,-1,0.04,0.03,0.0,0
879,43.95,139.378,-23.444,38.76,380.945,-21.382,21.14,241.576,-1,0.175,0.027,0.0,0
880,44.0,138.84,-23.442,38.74,380.654,-21.394,20.95,241.822,-1,0.75,0.038,0.0,0
881,44.05,138.302,-23.44,38.76,380.366,-21.408,20.7,242.072,-1,0.75,0.046,0.0,0
882,44.1,137.764,-23.438,38.67,380.078,-21.424,20.8,242.322,-1,0.75,0.047,0.0,0
883,44.15,137.227,-23.436,38.64,379.789,-21.441,20.93,242.569,-1,0.75,0.047,0.0,0
884,44.2,136.692,-23.434,38.53,379.495,-21.46,21.38,242.811,-1,0.75,0.049,0.0,0
885,44.25,136.157,-23.432,38.52,379.196,-21.481,21.74,243.047,-1,0.247,0.032,0.0,0
886,44.3,135.622,-23.43,38.44,378.891,-21.502,22.07,243.277,-1,0.0,0.025,0.0,0
887,44.35,135.088,-23.428,38.47,378.586,-21.524,22.02,243.505,-1,0.052,0.029,0.0,0
888,44.4,134.554,-23.426,38.44,378.281,-21.541,21.93,243.734,-1,0.049,-0.157,0.0,0
889,44.45,134.02,-23.424,38.5,377.979,-21.55,21.61,243.967,-1,0.045,-0.133,0.0,0
890,44.5,133.485,-23.422,38.49,377.681,-21.551,21.38,244.203,-1,0.048,-0.161,0.0,0
891,44.55,132.95,-23.42,38.56,377.388,-21.547,21.0,244.445,-1,0.47,-0.146,0.0,0
892,44.6,132.415,-23.418,38.54,377.098,-21.539,20.86,244.69,-1,0.75,-0.124,0.0,0
893,44.65,131.879,-23.417,38.6,376.81,-21.529,20.73,244.938,-1,0.75,-0.095,0.0,0
894,44.7,131.343,-23.415,38.56,376.521,-21.517,20.95,245.185,-1,0.75,-0.088,0.0,0
895,44.75,130.807,-23.413,38.6,376.228,-21.502,21.17,245.429,-1,0.75,-0.097,0.0,0
896,44.8,130.272,-23.411,38.55,375.931,-21.484,21.66,245.667,-1,0.614,-0.079,0.0,0
897,44.85,129.736,-23.409,38.58,375.628,-21.467,21.98,245.899,-1,0.0,-0.027,0.0,0
898,44.9,129.201,-23.407,38.53,375.321,-21.45,22.23,246.128,-1,0.052,-0.035,0.0,0
899,44.95,128.665,-23.405,38.56,375.013,-21.433,22.15,246.355,-1,0.052,-0.014,0.0,0
900,45.0,128.13,-23.403,38.51,374.706,-21.416,22.1,246.584,-1,0.048,-0.022,0.0,0
901,45.05,127.595,-23.401,38.55,374.402,-21.399,21.8,246.815,-1,0.044,-0.016,0.0,0
902,45.1,127.06,-23.399,38.51,374.101,-21.381,21.61,247.05,-1,0.038,-0.022,0.0,0
903,45.15,126.525,-23.397,38.55,373.805,-21.364,21.2,247.289,-1,0.032,-0.006,0.0,0
904,45.2,125.99,-23.395,38.52,373.513,-21.346,20.94,247.532,-1,0.703,-0.02,0.0,0
905,45.25,125.454,-23.393,38.56,373.226,-21.328,20.59,247.78,-1,0.75,-0.004,0.0,0
906,45.3,124.919,-23.391,38.52,372.941,-21.311,20.56,248.031,-1,0.75,-0.016,0.0,0
907,45.35,124.384,-23.389,38.57,372.656,-21.293,20.57,248.282,-1,0.75,0.004,0.0,0
908,45.4,123.848,-23.387,38.53,372.368,-21.276,20.92,248.529,-1,0.75,0.001,0.0,0
909,45.45,123.313,-23.385,38.57,372.075,-21.259,21.26,248.772,-1,0.75,0.015,0.0,0
910,45.5,122.777,-23.383,38.53,371.776,-21.243,21.81,249.008,-1,0.438,0.019,0.0,0
911,45.55,122.242,-23.381,38.57,371.471,-21.229,22.07,249.238,-1,0.0,0.039,0.0,0
912,45.6,121.707,-23.379,38.52,371.163,-21.216,22.25,249.465,-1,0.053,0.029,0.0,0
913,45.65,121.171,-23.377,38.56,370.855,-21.204,22.12,249.693,-1,0.047,0.035,0.0,0
914,45.7,120.636,-23.375,38.52,370.549,-21.193,22.03,249.922,-1,0.041,0.033,0.0,0
915,45.75,120.101,-23.373,38.56,370.246,-21.184,21.71,250.154,-1,0.036,0.036,0.0,0
916,45.8,119.566,-23.371,38.52,369.946,-21.176,21.49,250.39,-1,0.033,0.031,0.0,0
917,45.85,119.03,-23.369,38.56,369.651,-21.17,21.08,250.63,-1,0.22,0.049,0.0,0
918,45.9,118.495,-23.367,38.52,369.36,-21.167,20.87,250.875,-1,0.75,0.069,0.0,0
919,45.95,117.96,-23.365,38.56,369.073,-21.165,20.63,251.123,-1,0.75,0.047,0.0,0
920,46.0,117.424,-23.363,38.52,368.785,-21.164,20.75,251.37,-1,0.75,0.03,0.0,0
921,46.05,116.889,-23.361,38.56,368.496,-21.163,20.9,251.616,-1,0.75,0.032,0.0,0
922,46.1,116.354,-23.359,38.52,368.202,-21.163,21.36,251.858,-1,0.75,0.014,0.0,0
923,46.15,115.818,-23.358,38.56,367.902,-21.163,21.73,252.093,-1,0.268,0.03,0.0,0
924,46.2,115.283,-23.356,38.52,367.597,-21.163,22.06,252.323,-1,0.0,0.014,0.0,0
925,46.25,114.748,-23.354,38.56,367.291,-21.164,22.03,252.552,-1,0.054,0.012,0.0,0
926,46.3,114.213,-23.352,38.52,366.985,-21.164,22.01,252.782,-1,0.048,0.008,0.0,0
927,46.35,113.677,-23.35,38.56,366.681,-21.165,21.73,253.014,-1,0.042,0.005,0.0,0
928,46.4,113.142,-23.348,38.52,366.381,-21.165,21.56,253.248,-1,0.035,0.006,0.0,0
929,46.45,112.607,-23.346,38.56,366.085,-21.165,21.17,253.488,-1,0.105,-0.004,0.0,0
930,46.5,112.071,-23.344,38.52,365.793,-21.165,20.95,253.731,-1,0.739,-0.012,0.0,0
931,46.55,111.536,-23.342,38.56,365.504,-21.163,20.65,253.978,-1,0.75,-0.01,0.0,0
932,46.6,111.001,-23.34,38.52,365.217,-21.162,20.7,254.226,-1,0.75,-0.015,0.0,0
933,46.65,110.465,-23.338,38.56,364.929,-21.16,20.78,254.473,-1,0.75,-0.002,0.0,0
934,46.7,109.93,-23.336,38.52,364.637,-21.157,21.18,254.717,-1,0.75,-0.014,0.0,0
935,46.75,109.395,-23.334,38.56,364.34,-21.155,21.52,254.955,-1,0.527,0.001,0.0,0
936,46.8,108.86,-23.332,38.52,364.038,-21.153,21.94,255.188,-1,0.075,-0.011,0.0,0
937,46.85,108.324,-23.33,38.56,363.732,-21.15,21.99,255.417,-1,0.035,0.002,0.0,0
938,46.9,107.789,-23.328,38.52,363.426,-21.148,22.03,255.647,-1,0.053,-0.004,0.0,0
939,46.95,107.254,-23.326,38.56,363.122,-21.146,21.79,255.878,-1,0.048,-0.001,0.0,0
940,47.0,106.718,-23.324,38.52,362.821,-21.142,21.64,256.112,-1,0.042,-0.016,0.0,0
941,47.05,106.183,-23.322,38.56,362.523,-21.139,21.27,256.35,-1,0.036,-0.002,0.0,0
942,47.1,105.648,-23.32,38.52,362.23,-21.137,21.04,256.592,-1,0.583,0.007,0.0,0
943,47.15,105.112,-23.318,38.56,361.941,-21.134,20.71,256.838,-1,0.75,-0.002,0.0,0
944,47.2,104.577,-23.316,38.52,361.653,-21.132,20.7,257.086,-1,0.75,0.001,0.0,0
945,47.25,104.042,-23.314,38.56,361.366,-21.129,20.74,257.333,-1,0.75,0.002,0.0,0
946,47.3,103.506,-23.312,38.52,361.075,-21.127,21.1,257.578,-1,0.75,0.009,0.0,0
947,47.35,102.971,-23.31,38.56,360.779,-21.126,21.43,257.817,-1,0.647,0.004,0.0,0
948,47.4,102.436,-23.308,38.52,360.477,-21.123,21.91,258.051,-1,0.208,-0.011,0.0,0
949,47.45,101.901,-23.306,38.56,360.172,-21.12,22.03,258.28,-1,0.01,-0.002,0.0,0
950,47.5,101.365,-23.304,38.52,359.865,-21.117,22.11,258.509,-1,0.055,-0.003,0.0,0
951,47.55,100.83,-23.302,38.56,359.559,-21.114,21.91,258.739,-1,0.051,0.003,0.0,0
952,47.6,100.295,-23.301,38.52,359.256,-21.111,21.77,258.971,-1,0.045,-0.016,0.0,0
953,47.65,99.759,-23.299,38.56,358.957,-21.106,21.42,259.207,-1,0.038,-0.029,0.0,0
954,47.7,99.224,-23.297,38.52,358.661,-21.101,21.2,259.447,-1,0.343,-0.006,0.0,0
955,47.75,98.689,-23.295,38.56,358.37,-21.097,20.88,259.69,-1,0.653,0.01,0.0,0
956,47.8,98.153,-23.293,38.52,358.08,-21.093,20.88,259.936,-1,0.75,0.0,0.0,0
957,47.85,97.618,-23.291,38.56,357.79,-21.09,20.92,260.181,-1,0.75,0.014,0.0,0
958,47.9,97.083,-23.289,38.52,357.496,-21.087,21.29,260.423,-1,0.75,-0.006,0.0,0
959,47.95,96.547,-23.287,38.56,357.198,-21.084,21.6,260.66,-1,0.372,0.022,0.0,0
960,48.0,96.012,-23.285,38.52,356.895,-21.082,21.93,260.892,-1,0.0,-0.0,0.0,0
961,48.05,95.477,-23.283,38.56,356.591,-21.079,21.9,261.123,-1,0.05,0.011,0.0,0
962,48.1,94.942,-23.281,38.52,356.287,-21.077,21.88,261.354,-1,0.048,0.004,0.0,0
963,48.15,94.406,-23.279,38.56,355.985,-21.076,21.61,261.588,-1,0.044,0.014,0.0,0
964,48.2,93.871,-23.277,38.52,355.686,-21.074,21.43,261.824,-1,0.038,0.005,0.0,0
965,48.25,93.336,-23.275,38.56,355.392,-21.073,21.05,262.065,-1,0.314,0.01,0.0,0
966,48.3,92.8,-23.273,38.52,355.101,-21.072,20.9,262.31,-1,0.75,0.009,0.0,0
967,48.35,92.265,-23.271,38.56,354.812,-21.073,20.74,262.556,-1,0.75,0.028,0.0,0
968,48.4,91.73,-23.269,38.52,354.523,-21.073,20.93,262.802,-1,0.75,-0.007,0.0,0
969,48.45,91.194,-23.268,38.56,354.23,-21.073,21.14,263.045,-1,0.75,0.013,0.0,0
970,48.5,90.659,-23.266,38.52,353.933,-21.072,21.62,263.283,-1,0.623,-0.007,0.0,0
971,48.55,90.124,-23.264,38.56,353.63,-21.072,21.93,263.515,-1,0.0,0.009,0.0,0
972,48.6,89.589,-23.262,38.52,353.323,-21.073,22.18,263.743,-1,0.045,0.01,0.0,0
973,48.65,89.053,-23.26,38.56,353.015,-21.074,22.1,263.971,-1,0.045,0.013,0.0,0
974,48.7,88.518,-23.258,38.52,352.709,-21.075,22.04,264.2,-1,0.043,0.008,0.0,0
975,48.75,87.983,-23.256,38.56,352.405,-21.077,21.74,264.431,-1,0.04,0.012,0.0,0
976,48.8,87.447,-23.255,38.52,352.105,-21.079,21.54,264.666,-1,0.035,-0.002,0.0,0
977,48.85,86.912,-23.253,38.56,351.809,-21.08,21.14,264.906,-1,0.134,0.011,0.0,0
978,48.9,86.377,-23.251,38.52,351.517,-21.082,20.92,265.149,-1,0.75,-0.006,0.0,0
979,48.95,85.841,-23.249,38.56,351.229,-21.083,20.64,265.397,-1,0.75,0.001,0.0,0
980,49.0,85.306,-23.247,38.52,350.942,-21.084,20.7,265.645,-1,0.75,-0.005,0.0,0
981,49.05,84.771,-23.245,38.56,350.654,-21.084,20.79,265.892,-1,0.75,-0.006,0.0,0
982,49.1,84.236,-23.244,38.52,350.362,-21.084,21.21,266.135,-1,0.75,-0.012,0.0,0
983,49.15,83.7,-23.242,38.56,350.065,-21.085,21.55,266.373,-1,0.483,0.003,0.0,0
984,49.2,83.165,-23.24,38.52,349.762,-21.084,21.95,266.606,-1,0.024,-0.017,0.0,0
985,49.25,82.63,-23.238,38.56,349.456,-21.083,21.98,266.835,-1,0.039,-0.008,0.0,0
986,49.3,82.094,-23.236,38.52,349.151,-21.082,22.0,267.065,-1,0.048,-0.01,0.0,0
987,49.35,81.559,-23.234,38.56,348.847,-21.081,21.76,267.297,-1,0.043,-0.006,0.0,0
988,49.4,81.024,-23.233,38.52,348.546,-21.08,21.6,267.531,-1,0.037,-0.003,0.0,0
989,49.45,80.488,-23.231,38.56,348.249,-21.079,21.22,267.77,-1,0.035,0.001,0.0,0
990,49.5,79.953,-23.229,38.52,347.957,-21.078,20.98,268.012,-1,0.669,-0.002,0.0,0
991,49.55,79.418,-23.227,38.56,347.668,-21.077,20.65,268.259,-1,0.75,0.012,0.0,0
992,49.6,78.882,-23.225,38.52,347.382,-21.077,20.64,268.508,-1,0.75,-0.001,0.0,0
993,49.65,78.347,-23.223,38.56,347.095,-21.077,20.67,268.757,-1,0.75,0.009,0.0,0
994,49.7,77.812,-23.222,38.52,346.805,-21.076,21.03,269.002,-1,0.75,-0.008,0.0,0
995,49.75,77.276,-23.22,38.56,346.51,-21.076,21.37,269.242,-1,0.75,-0.0,0.0,0
996,49.8,76.741,-23.218,38.52,346.209,-21.075,21.93,269.476,-1,0.279,-0.002,0.0,0
997,49.85,76.206,-23.216,38.56,345.902,-21.074,22.14,269.705,-1,0.0,0.006,0.0,0
998,49.9,75.671,-23.214,38.52,345.593,-21.074,22.27,269.931,-1,0.057,-0.001,0.0,0
999,49.95,75.135,-23.212,38.56,345.285,-21.074,22.1,270.159,-1,0.052,0.009,0.0,0
1000,50.0,74.6,-23.21,38.52,344.979,-21.074,22.0,270.388,-1,0.046,0.002,0.0,0
1001,50.05,74.065,-23.208,38.56,344.677,-21.074,21.66,270.62,-1,0.04,0.01,0.0,0
1002,50.1,73.529,-23.207,38.52,344.378,-21.075,21.44,270.857,-1,0.034,-0.002,0.0,0
1003,50.15,72.994,-23.205,38.56,344.083,-21.075,21.02,271.098,-1,0.304,0.007,0.0,0
1004,50.2,72.459,-23.203,38.52,343.793,-21.075,20.84,271.343,-1,0.75,-0.007,0.0,0
1005,50.25,71.923,-23.201,38.56,343.505,-21.075,20.65,271.59,-1,0.75,0.004,0.0,0
1006,50.3,71.388,-23.199,38.52,343.218,-21.075,20.81,271.838,-1,0.75,-0.004,0.0,0
1007,50.35,70.853,-23.197,38.56,342.927,-21.076,21.0,272.083,-1,0.75,0.004,0.0,0
1008,50.4,70.317,-23.194,38.52,342.631,-21.075,21.49,272.322,-1,0.75,-0.007,0.0,0
1009,50.45,69.782,-23.192,38.56,342.33,-21.075,21.89,272.556,-1,0.074,0.004,0.0,0
1010,50.5,69.247,-23.19,38.52,342.022,-21.075,22.24,272.784,-1,0.025,-0.002,0.0,0
1011,50.55,68.711,-23.188,38.56,341.713,-21.075,22.21,273.01,-1,0.051,0.0,0.0,0
1012,50.6,68.176,-23.186,38.52,341.405,-21.075,22.19,273.237,-1,0.045,0.003,0.0,0
1013,50.65,67.641,-23.184,38.56,341.099,-21.076,21.92,273.466,-1,0.039,0.017,0.0,0
1014,50.7,67.106,-23.182,38.52,340.796,-21.078,21.74,273.699,-1,0.033,0.003,0.0,0
1015,50.75,66.57,-23.18,38.56,340.497,-21.08,21.34,273.935,-1,0.029,0.022,0.0,0
1016,50.8,66.035,-23.178,38.52,340.203,-21.081,21.09,274.176,-1,0.468,-0.001,0.0,0
1017,50.85,65.5,-23.176,38.56,339.913,-21.083,20.73,274.422,-1,0.75,0.001,0.0,0
1018,50.9,64.964,-23.174,38.52,339.626,-21.084,20.71,274.669,-1,0.75,-0.011,0.0,0
1019,50.95,64.429,-23.172,38.56,339.338,-21.085,20.73,274.917,-1,0.75,0.005,0.0,0
1020,51.0,63.894,-23.17,38.52,339.048,-21.085,21.07,275.162,-1,0.75,-0.025,0.0,0
1021,51.05,63.358,-23.168,38.56,338.752,-21.085,21.4,275.402,-1,0.691,0.013,0.0,0
1022,51.1,62.823,-23.166,38.48,338.451,-21.085,21.9,275.635,-1,0.25,-0.011,0.0,0
1023,51.15,62.29,-23.164,38.4,338.145,-21.086,22.05,275.863,-1,0.0,0.014,0.0,0
1024,51.2,61.758,-23.162,38.14,337.838,-21.088,22.15,276.087,-1,0.051,0.007,0.0,0
1025,51.25,61.231,-23.16,37.87,337.532,-21.09,21.96,276.309,-1,0.045,0.021,0.0,0
1026,51.3,60.708,-23.158,37.44,337.228,-21.093,21.83,276.527,-1,0.039,0.008,0.0,0
1027,51.35,60.191,-23.156,37.05,336.928,-21.096,21.48,276.744,-1,0.034,0.016,0.0,0
1028,51.4,59.681,-23.154,36.55,336.631,-21.099,21.26,276.958,-1,0.236,0.007,0.0,0
1029,51.45,59.177,-23.152,36.17,336.339,-21.103,20.91,277.17,-1,0.566,0.011,0.0,0
1030,51.5,58.678,-23.151,35.71,336.049,-21.106,20.86,277.379,-1,0.75,-0.003,0.0,0
1031,51.55,58.185,-23.149,35.4,335.76,-21.109,20.84,277.583,-1,0.75,0.004,0.0,0
1032,51.6,57.696,-23.147,35.03,335.468,-21.113,21.17,277.779,-1,0.75,0.007,0.0,0
1033,51.65,57.212,-23.145,34.79,335.171,-21.117,21.45,277.967,-1,0.563,0.016,0.0,0
1034,51.7,56.731,-23.143,34.48,334.87,-21.121,21.85,278.146,-1,0.188,-0.009,0.0,0
1035,51.75,56.254,-23.142,34.28,334.566,-21.125,21.91,278.319,-1,0.008,0.004,0.0,0
1036,51.8,55.78,-23.14,33.98,334.261,-21.129,21.94,278.488,-1,0.049,0.003,0.0,0
1037,51.85,55.31,-23.138,33.78,333.959,-21.133,21.71,278.656,-1,0.046,0.008,0.0,0
1038,51.9,54.843,-23.136,33.46,333.658,-21.137,21.56,278.822,-1,0.04,-0.008,0.0,0
1039,51.95,54.381,-23.135,33.24,333.362,-21.141,21.19,278.989,-1,0.108,0.003,0.0,0
1040,52.0,53.922,-23.133,32.89,333.07,-21.148,20.95,279.155,-1,0.699,0.111,0.0,0
1041,52.05,53.467,-23.131,32.65,332.782,-21.156,20.67,279.322,-1,0.75,-0.033,0.0,0
1042,52.1,53.016,-23.13,32.29,332.494,-21.161,20.72,279.485,-1,0.75,-0.026,0.0,0
1043,52.15,52.57,-23.128,32.05,332.206,-21.165,20.81,279.643,-1,0.75,-0.006,0.0,0
1044,52.2,52.128,-23.126,31.69,331.914,-21.169,21.22,279.793,-1,0.75,-0.02,0.0,0
1045,52.25,51.69,-23.125,31.46,331.616,-21.172,21.56,279.933,-1,0.462,0.001,0.0,0
1046,52.3,51.256,-23.123,31.12,331.313,-21.176,21.96,280.064,-1,0.006,-0.004,0.0,0
1047,52.35,50.825,-23.122,30.91,331.008,-21.181,21.97,280.19,-1,0.041,0.009,0.0,0
1048,52.4,50.398,-23.12,30.59,330.703,-21.185,21.98,280.311,-1,0.05,-0.015,0.0,0
1049,52.45,49.975,-23.118,30.4,330.399,-21.187,21.73,280.431,-1,0.048,-0.026,0.0,0
1050,52.5,49.556,-23.117,30.08,330.099,-21.19,21.57,280.55,-1,0.043,-0.003,0.0,0
1051,52.55,49.139,-23.115,29.89,329.802,-21.193,21.2,280.67,-1,0.089,0.011,0.0,0
1052,52.6,48.727,-23.114,29.58,329.51,-21.197,20.98,280.79,-1,0.701,0.006,0.0,0
1053,52.65,48.318,-23.112,29.39,329.221,-21.202,20.68,280.91,-1,0.75,0.026,0.0,0
1054,52.7,47.912,-23.111,29.07,328.934,-21.206,20.72,281.028,-1,0.75,-0.003,0.0,0
1055,52.75,47.51,-23.109,28.88,328.646,-21.213,20.79,281.142,-1,0.75,0.053,0.0,0
1056,52.8,47.112,-23.108,28.56,328.354,-21.223,21.18,281.249,-1,0.75,0.041,0.0,0
1057,52.85,46.717,-23.107,28.37,328.057,-21.234,21.51,281.347,-1,0.533,0.057,0.0,0
1058,52.9,46.325,-23.105,28.05,327.755,-21.248,21.94,281.436,-1,0.096,0.045,0.0,0
1059,52.95,45.937,-23.104,27.87,327.45,-21.264,21.99,281.519,-1,0.031,0.057,0.0,0
1060,53.0,45.552,-23.102,27.56,327.145,-21.281,22.02,281.598,-1,0.054,0.049,0.0,0
1061,53.05,45.171,-23.101,27.39,326.842,-21.301,21.79,281.676,-1,0.05,0.067,0.0,0
1062,53.1,44.793,-23.1,27.09,326.541,-21.322,21.64,281.753,-1,0.043,0.039,0.0,0
1063,53.15,44.418,-23.098,26.92,326.244,-21.339,21.23,281.832,-1,0.037,-0.168,0.0,0
1064,53.2,44.047,-23.097,26.62,325.953,-21.346,20.91,281.911,-1,0.657,-0.136,0.0,0
1065,53.25,43.679,-23.096,26.46,325.665,-21.348,20.57,281.992,-1,0.75,-0.122,0.0,0
1066,53.3,43.314,-23.094,26.16,325.38,-21.345,20.55,282.072,-1,0.75,-0.128,0.0,0
1067,53.35,42.951,-23.093,26.01,325.095,-21.338,20.59,282.149,-1,0.75,-0.112,0.0,0
1068,53.4,42.593,-23.092,25.71,324.806,-21.329,20.96,282.219,-1,0.75,-0.103,0.0,0
1069,53.45,42.237,-23.09,25.56,324.513,-21.317,21.31,282.281,-1,0.75,-0.087,0.0,0
1070,53.5,41.884,-23.089,25.26,324.212,-21.304,21.88,282.333,-1,0.386,-0.064,0.0,0
1071,53.55,41.535,-23.088,25.11,323.906,-21.289,22.13,282.377,-1,0.0,-0.06,0.0,0
1072,53.6,41.188,-23.086,24.82,323.598,-21.274,22.29,282.415,-1,0.059,-0.043,0.0,0
1073,53.65,40.845,-23.085,24.68,323.29,-21.258,22.15,282.451,-1,0.055,-0.048,0.0,0
1074,53.7,40.505,-23.084,24.39,322.983,-21.241,22.06,282.485,-1,0.048,-0.041,0.0,0
1075,53.75,40.167,-23.083,24.25,322.68,-21.223,21.74,282.519,-1,0.042,-0.035,0.0,0
1076,53.8,39.833,-23.082,23.97,322.38,-21.205,21.53,282.554,-1,0.037,-0.031,0.0,0
1077,53.85,39.501,-23.08,23.83,322.086,-21.186,21.12,282.591,-1,0.162,-0.032,0.0,0
1078,53.9,39.172,-23.079,23.55,321.795,-21.166,20.9,282.629,-1,0.75,-0.034,0.0,0
1079,53.95,38.846,-23.078,23.42,321.508,-21.146,20.63,282.668,-1,0.75,-0.024,0.0,0
1080,54.0,38.523,-23.077,23.14,321.222,-21.125,20.71,282.705,-1,0.75,-0.026,0.0,0
1081,54.05,38.203,-23.076,23.02,320.934,-21.104,20.82,282.738,-1,0.75,-0.013,0.0,0
1082,54.1,37.885,-23.074,22.74,320.642,-21.081,21.23,282.764,-1,0.75,-0.062,0.0,0
1083,54.15,37.57,-23.073,22.62,320.345,-21.056,21.59,282.782,-1,0.463,-0.005,0.0,0
1084,54.2,37.259,-23.072,22.35,320.043,-21.033,21.98,282.792,-1,0.0,0.001,0.0,0
1085,54.25,36.949,-23.071,22.23,319.738,-21.011,22.0,282.796,-1,0.051,0.016,0.0,0
1086,54.3,36.643,-23.07,21.96,319.433,-20.99,22.02,282.798,16961.133,0.049,0.028,0.0,0
1087,54.35,36.339,-23.069,21.84,319.13,-20.971,21.77,282.799,-1,0.042,0.033,0.0,0
1088,54.4,36.038,-23.068,21.57,318.829,-20.954,21.61,282.8,30499.439,0.036,0.029,0.0,0
1089,54.45,35.739,-23.067,21.47,318.533,-20.938,21.22,282.802,-1,0.031,0.05,0.0,0
1090,54.5,35.443,-23.066,21.2,318.24,-20.926,20.97,282.806,-1,0.671,0.066,0.0,0
1091,54.55,35.149,-23.065,21.09,317.952,-20.917,20.63,282.811,-1,0.75,0.069,0.0,0
1092,54.6,34.859,-23.064,20.83,317.666,-20.911,20.61,282.816,-1,0.75,0.072,0.0,0
1093,54.65,34.57,-23.063,20.73,317.38,-20.905,20.64,282.818,-1,0.75,0.054,0.0,0
1094,54.7,34.284,-23.062,20.47,317.091,-20.902,21.0,282.815,1926.465,0.75,0.06,0.0,0
1095,54.75,34.001,-23.061,20.37,316.796,-20.9,21.34,282.804,1047.161,0.75,0.046,0.0,0
1096,54.8,33.72,-23.06,20.11,316.495,-20.899,21.9,282.783,569.426,0.328,0.047,0.0,0
1097,54.85,33.442,-23.059,20.02,316.189,-20.898,22.12,282.755,484.638,0.0,0.039,0.0,0
1098,54.9,33.166,-23.058,19.76,315.88,-20.898,22.26,282.723,406.976,0.057,0.023,0.0,0
1099,54.95,32.892,-23.057,19.67,315.572,-20.898,22.11,282.688,417.809,0.052,0.021,0.0,0
1100,55.0,32.621,-23.056,19.42,315.266,-20.899,22.01,282.653,393.055,0.046,0.027,0.0,0
1101,55.05,32.352,-23.055,19.33,314.963,-20.901,21.67,282.619,434.564,0.04,0.03,0.0,0
1102,55.1,32.085,-23.054,19.08,314.664,-20.904,21.45,282.587,428.519,0.035,0.029,0.0,0
1103,55.15,31.821,-23.053,19.0,314.369,-20.908,21.04,282.556,497.638,0.279,0.025,0.0,0
1104,55.2,31.559,-23.052,18.75,314.079,-20.912,20.86,282.528,481.973,0.75,0.023,0.0,0
1105,55.25,31.3,-23.051,18.67,313.791,-20.916,20.65,282.499,512.383,0.75,0.01,0.0,0
1106,55.3,31.042,-23.05,18.42,313.503,-20.92,20.81,282.469,426.244,0.75,-0.005,0.0,0
1107,55.35,30.787,-23.049,18.35,313.213,-20.923,20.99,282.434,385.309,0.75,0.006,0.0,0
1108,55.4,30.534,-23.048,18.1,312.918,-20.926,21.47,282.391,302.19,0.75,-0.012,0.0,0
1109,55.45,30.283,-23.047,18.2,312.616,-20.928,21.85,282.341,277.958,0.113,-0.007,0.0,0
1110,55.5,30.029,-23.046,18.21,312.309,-20.929,22.2,282.289,254.436,0.019,-0.014,0.0,0
1111,55.55,29.777,-23.045,18.14,312.001,-20.931,22.17,282.232,252.012,0.052,-0.003,0.0,0
1112,55.6,29.526,-23.044,17.89,311.693,-20.932,22.15,282.175,238.341,0.046,-0.01,0.0,0
1113,55.65,29.318,-23.044,13.05,311.388,-20.933,21.88,282.078,115.094,0.039,-0.01,0.0,0
1114,55.7,29.139,-23.043,12.99,311.085,-20.933,21.7,281.955,116.594,0.033,-0.005,0.0,0
1115,55.75,28.956,-23.042,13.23,310.787,-20.933,21.29,281.839,125.762,0.029,-0.031,0.0,0
1116,55.8,28.769,-23.042,13.63,310.494,-20.931,21.05,281.732,136.836,0.541,-0.021,0.0,0
1117,55.85,28.574,-23.041,14.32,310.205,-20.93,20.69,281.638,159.174,0.75,0.002,0.0,0
1118,55.9,28.369,-23.04,15.13,309.918,-20.928,20.67,281.557,183.238,0.75,-0.026,0.0,0
1119,55.95,28.151,-23.039,16.02,309.631,-20.925,20.68,281.488,217.148,0.75,-0.024,0.0,0
1120,56.0,27.921,-23.039,16.87,309.341,-20.919,21.03,281.428,243.916,0.75,-0.048,0.0,0
1121,56.05,27.681,-23.038,17.53,309.046,-20.915,21.36,281.373,264.388,0.75,0.027,0.0,0
1122,56.1,27.436,-23.037,17.7,308.745,-20.912,21.91,281.317,240.835,0.302,0.004,0.0,0
1123,56.15,27.192,-23.036,17.41,308.439,-20.911,22.11,281.255,215.088,0.0,0.02,0.0,0
1124,56.2,26.955,-23.035,16.85,308.13,-20.91,22.25,281.184,187.611,0.053,0.014,0.0,0
1125,56.25,26.725,-23.034,16.32,307.822,-20.91,22.08,281.105,175.696,0.047,0.018,0.0,0
1126,56.3,26.502,-23.033,15.9,307.517,-20.909,21.97,281.022,166.643,0.041,-0.003,0.0,0
1127,56.35,26.284,-23.033,15.6,307.214,-20.908,21.63,280.938,167.63,0.036,-0.001,0.0,0
1128,56.4,26.07,-23.032,15.34,306.916,-20.907,21.41,280.854,166.668,0.031,-0.004,0.0,0
1129,56.45,25.858,-23.031,15.18,306.622,-20.906,20.99,280.772,173.948,0.356,-0.003,0.0,0
1130,56.5,25.648,-23.03,15.09,306.332,-20.904,20.81,280.692,176.575,0.75,-0.011,0.0,0
1131,56.55,25.439,-23.03,15.05,306.045,-20.901,20.63,280.614,181.262,0.75,-0.005,0.0,0
1132,56.6,25.23,-23.029,14.99,305.757,-20.899,20.8,280.535,173.826,0.75,-0.008,0.0,0
1133,56.65,25.023,-23.028,14.9,305.467,-20.896,21.0,280.452,165.469,0.75,-0.013,0.0,0
1134,56.7,24.817,-23.029,14.79,305.171,-20.892,21.5,280.362,150.332,0.75,-0.012,0.0,0
1135,56.75,24.611,-23.032,14.87,304.869,-20.888,21.9,280.266,143.504,0.061,-0.02,0.0,0
1136,56.8,24.402,-23.035,15.23,304.562,-20.884,22.25,280.168,143.755,0.028,0.006,0.0,0
1137,56.85,24.185,-23.038,15.87,304.253,-20.88,22.23,280.076,158.699,0.052,-0.007,0.0,0
1138,56.9,23.958,-23.041,16.65,303.944,-20.875,22.21,279.994,181.228,0.046,-0.014,0.0,0
1139,56.95,23.72,-23.045,17.5,303.638,-20.873,21.93,279.926,227.565,0.04,0.042,0.0,0
1140,57.0,23.469,-23.049,18.4,303.335,-20.872,21.75,279.874,300.614,0.033,0.021,0.0,0
1141,57.05,23.206,-23.053,19.2,303.036,-20.871,21.35,279.838,467.741,0.029,0.021,0.0,0
1142,57.1,22.939,-23.058,19.32,302.741,-20.872,21.1,279.811,565.096,0.444,0.015,0.0,0
1143,57.15,22.669,-23.063,19.59,302.451,-20.872,20.75,279.791,865.018,0.75,0.013,0.0,0
1144,57.2,22.392,-23.068,20.21,302.164,-20.872,20.73,279.78,1950.561,0.75,0.004,0.0,0
1145,57.25,22.106,-23.073,20.82,301.876,-20.873,20.75,279.778,-1,0.75,0.016,0.0,0
1146,57.3,21.81,-23.079,21.71,301.585,-20.874,21.1,279.783,-1,0.75,0.006,0.0,0
1147,57.35,21.502,-23.085,22.51,301.289,-20.875,21.41,279.796,-1,0.652,0.011,0.0,0
1148,57.4,21.178,-23.092,23.87,300.988,-20.876,21.89,279.818,-1,0.226,0.005,0.0,0
1149,57.45,20.841,-23.098,24.59,300.682,-20.878,22.02,279.85,-1,0.003,0.012,0.0,0
1150,57.5,20.492,-23.106,25.56,300.376,-20.88,22.09,279.893,-1,0.05,0.005,0.0,0
1151,57.55,20.129,-23.113,26.42,300.07,-20.882,21.89,279.95,-1,0.044,0.002,0.0,0
1152,57.6,19.755,-23.122,27.35,299.767,-20.883,21.76,280.022,-1,0.038,-0.002,0.0,0
1153,57.65,19.371,-23.134,27.79,299.468,-20.884,21.39,280.107,-1,0.033,-0.001,0.0,0
1154,57.7,18.984,-23.152,27.95,299.173,-20.885,21.17,280.199,-1,0.373,-0.014,0.0,0
1155,57.75,18.598,-23.174,27.7,298.882,-20.886,20.84,280.293,-1,0.691,0.002,0.0,0
1156,57.8,18.217,-23.202,27.39,298.593,-20.885,20.84,280.385,-1,0.75,-0.02,0.0,0
1157,57.85,17.842,-23.237,26.94,298.303,-20.885,20.87,280.471,-1,0.75,-0.0,0.0,0
1158,57.9,17.473,-23.276,26.62,298.01,-20.884,21.24,280.548,-1,0.75,-0.013,0.0,0
1159,57.95,17.111,-23.323,26.09,297.713,-20.884,21.55,280.612,-1,0.449,0.006,0.0,0
1160,58.0,16.757,-23.383,25.74,297.41,-20.884,21.91,280.664,-1,0.041,-0.008,0.0,0
1161,58.05,16.409,-23.451,25.49,297.106,-20.884,21.91,280.708,-1,0.036,0.009,0.0,0
1162,58.1,16.066,-23.531,25.46,296.801,-20.883,21.9,280.748,-1,0.049,-0.011,0.0,0
1163,58.15,15.724,-23.623,25.62,296.499,-20.883,21.64,280.789,-1,0.045,0.016,0.0,0
1164,58.2,15.38,-23.724,26.07,296.2,-20.884,21.47,280.835,-1,0.04,-0.0,0.0,0
1165,58.25,15.034,-23.838,26.42,295.905,-20.884,21.1,280.886,-1,0.244,0.003,0.0,0
1166,58.3,14.685,-23.966,27.11,295.613,-20.884,20.94,280.945,-1,0.75,-0.007,0.0,0
1167,58.35,14.332,-24.109,27.74,295.324,-20.884,20.74,281.011,-1,0.75,0.0,0.0,0
1168,58.4,13.974,-24.267,28.62,295.035,-20.884,20.9,281.082,-1,0.75,-0.005,0.0,0
1169,58.45,13.612,-24.442,29.31,294.743,-20.883,21.08,281.154,-1,0.75,0.004,0.0,0
1170,58.5,13.249,-24.639,30.22,294.447,-20.883,21.55,281.223,-1,0.718,-0.001,0.0,0
1171,58.55,12.885,-24.858,30.92,294.144,-20.884,21.92,281.287,-1,0.0,0.011,0.0,0
1172,58.6,12.525,-25.101,31.8,293.837,-20.885,22.24,281.344,-1,0.034,0.006,0.0,0
1173,58.65,12.171,-25.37,32.38,293.528,-20.887,22.19,281.393,-1,0.047,0.019,0.0,0
1174,58.7,11.826,-25.665,33.26,293.22,-20.888,22.16,281.435,-1,0.045,-0.002,0.0,0
1175,58.75,11.491,-25.988,33.98,292.915,-20.89,21.88,281.47,-1,0.042,0.003,0.0,0
1176,58.8,11.174,-26.34,34.49,292.612,-20.891,21.69,281.491,-1,0.037,-0.003,0.0,0
1177,58.85,10.879,-26.72,35.15,292.315,-20.892,21.29,281.496,-1,0.032,0.009,0.0,0
1178,58.9,10.603,-27.127,35.94,292.021,-20.893,21.04,281.487,-1,0.547,-0.008,0.0,0
1179,58.95,10.352,-27.56,36.38,291.732,-20.894,20.69,281.458,-1,0.75,-0.006,0.0,0
1180,59.0,10.132,-28.016,36.96,291.445,-20.894,20.66,281.403,-1,0.75,-0.015,0.0,0
1181,59.05,9.941,-28.495,37.67,291.158,-20.893,20.68,281.32,-1,0.75,-0.007,0.0,0
1182,59.1,9.781,-28.995,38.22,290.868,-20.892,21.03,281.204,-1,0.75,-0.018,0.0,0
1183,59.15,9.652,-29.513,38.81,290.573,-20.891,21.37,281.053,-1,0.75,-0.007,0.0,0
1184,59.2,9.553,-30.045,39.25,290.272,-20.889,21.92,280.868,-1,0.277,-0.003,0.0,0
1185,59.25,9.48,-30.587,39.47,289.965,-20.889,22.12,280.653,-1,0.0,0.008,0.0,0
1186,59.3,9.43,-31.132,39.45,289.657,-20.888,22.25,280.414,-1,0.05,-0.001,0.0,0
1187,59.35,9.399,-31.677,39.26,289.349,-20.888,22.08,280.157,-1,0.045,0.005,0.0,0
1188,59.4,9.386,-32.219,38.96,289.043,-20.888,21.97,279.887,-1,0.039,0.0,0.0,0
1189,59.45,9.385,-32.758,38.66,288.741,-20.888,21.62,279.608,-1,0.034,0.019,0.0,0
1190,59.5,9.396,-33.292,38.4,288.442,-20.889,21.4,279.322,-1,0.031,0.008,0.0,0
1191,59.55,9.411,-33.824,38.22,288.149,-20.891,20.97,279.038,-1,0.374,0.01,0.0,0
1192,59.6,9.427,-34.353,38.14,287.859,-20.892,20.79,278.757,-1,0.75,0.003,0.0,0
1193,59.65,9.446,-34.883,38.15,287.572,-20.894,20.61,278.478,-1,0.75,0.014,0.0,0
1194,59.7,9.467,-35.413,38.23,287.285,-20.896,20.79,278.197,-1,0.75,0.006,0.0,0
1195,59.75,9.488,-35.944,38.35,286.994,-20.898,20.98,277.914,-1,0.75,0.012,0.0,0
1196,59.8,9.51,-36.478,38.48,286.699,-20.901,21.48,277.627,-1,0.75,0.008,0.0,0
1197,59.85,9.532,-37.013,38.6,286.397,-20.904,21.88,277.334,-1,0.091,0.017,0.0,0
1198,59.9,9.554,-37.549,38.68,286.09,-20.908,22.23,277.037,-1,0.023,0.005,0.0,0
1199,59.95,9.574,-38.086,38.71,285.781,-20.911,22.2,276.741,-1,0.053,0.004,0.0,0
1200,60.0,9.592,-38.623,38.7,285.473,-20.915,22.19,276.449,-1,0.046,-0.003,0.0,0
1201,60.05,9.608,-39.16,38.67,285.167,-20.918,21.92,276.162,-1,0.04,0.004,0.0,0
1202,60.1,9.623,-39.697,38.62,284.864,-20.92,21.74,275.881,-1,0.034,-0.01,0.0,0
1203,60.15,9.637,-40.233,38.57,284.566,-20.923,21.34,275.605,-1,0.03,0.007,0.0,0
1204,60.2,9.651,-40.768,38.52,284.271,-20.926,21.09,275.336,-1,0.463,-0.007,0.0,0
1205,60.25,9.663,-41.302,38.49,283.982,-20.929,20.74,275.074,-1,0.75,0.012,0.0,0
1206,60.3,9.675,-41.837,38.48,283.694,-20.932,20.72,274.815,-1,0.75,-0.006,0.0,0
1207,60.35,9.687,-42.371,38.48,283.406,-20.934,20.74,274.557,-1,0.75,0.006,0.0,0
1208,60.4,9.698,-42.905,38.49,283.115,-20.937,21.09,274.298,-1,0.75,-0.003,0.0,0
1209,60.45,9.708,-43.44,38.51,282.82,-20.941,21.41,274.037,-1,0.668,0.007,0.0,0
1210,60.5,9.717,-43.975,38.53,282.518,-20.944,21.9,273.772,-1,0.235,-0.005,0.0,0
1211,60.55,9.725,-44.51,38.55,282.213,-20.947,22.04,273.504,-1,0.002,0.012,0.0,0
1212,60.6,9.733,-45.046,38.56,281.906,-20.951,22.12,273.237,-1,0.051,0.003,0.0,0
1213,60.65,9.741,-45.581,38.57,281.6,-20.954,21.92,272.973,-1,0.045,-0.005,0.0,0
1214,60.7,9.748,-46.117,38.57,281.297,-20.956,21.78,272.712,-1,0.039,-0.04,0.0,0
1215,60.75,9.754,-46.652,38.57,280.997,-20.956,21.43,272.457,-1,0.033,-0.014,0.0,0
1216,60.8,9.761,-47.188,38.56,280.702,-20.955,21.2,272.208,-1,0.32,-0.04,0.0,0
1217,60.85,9.767,-47.723,38.55,280.41,-20.952,20.87,271.964,-1,0.651,-0.04,0.0,0
1218,60.9,9.773,-48.259,38.54,280.12,-20.949,20.86,271.724,-1,0.75,-0.005,0.0,0
1219,60.95,9.778,-48.794,38.53,279.831,-20.948,20.9,271.484,-1,0.75,0.007,0.0,0
1220,61.0,9.783,-49.329,38.53,279.538,-20.947,21.26,271.243,-1,0.75,0.001,0.0,0
1221,61.05,9.788,-49.864,38.53,279.24,-20.947,21.56,270.999,-1,0.425,0.019,0.0,0
1222,61.1,9.793,-50.399,38.53,278.937,-20.949,21.91,270.75,-1,0.025,0.026,0.0,0
1223,61.15,9.798,-50.935,38.54,278.633,-20.952,21.89,270.502,-1,0.038,0.033,0.0,0
1224,61.2,9.802,-51.47,38.54,278.329,-20.956,21.88,270.255,-1,0.048,0.023,0.0,0
1225,61.25,9.807,-52.005,38.54,278.027,-20.961,21.62,270.011,-1,0.045,0.021,0.0,0
1226,61.3,9.811,-52.54,38.55,277.728,-20.965,21.45,269.771,-1,0.039,0.016,0.0,0
1227,61.35,9.816,-53.076,38.55,277.434,-20.971,21.07,269.537,-1,0.293,0.028,0.0,0
1228,61.4,9.82,-53.611,38.55,277.143,-20.978,20.92,269.307,-1,0.75,0.027,0.0,0
1229,61.45,9.824,-54.147,38.55,276.854,-20.986,20.74,269.081,-1,0.75,0.043,0.0,0
1230,61.5,9.828,-54.682,38.55,276.565,-20.996,20.93,268.855,-1,0.75,0.037,0.0,0
1231,61.55,9.832,-55.217,38.54,276.273,-21.008,21.13,268.628,-1,0.75,0.047,0.0,0
1232,61.6,9.836,-55.752,38.54,275.976,-21.021,21.6,268.396,-1,0.649,0.047,0.0,0
1233,61.65,9.84,-56.288,38.54,275.673,-21.038,21.93,268.16,-1,0.0,0.059,0.0,0
1234,61.7,9.844,-56.823,38.54,275.367,-21.056,22.19,267.921,-1,0.045,0.053,0.0,0
1235,61.75,9.848,-57.358,38.54,275.06,-21.076,22.12,267.682,-1,0.045,0.044,0.0,0
1236,61.8,9.852,-57.894,38.54,274.753,-21.095,22.07,267.446,-1,0.044,0.02,0.0,0
1237,61.85,9.855,-58.429,38.54,274.45,-21.114,21.77,267.213,-1,0.041,0.015,0.0,0
1238,61.9,9.859,-58.964,38.54,274.15,-21.133,21.58,266.984,-1,0.036,0.011,0.0,0
1239,61.95,9.863,-59.499,38.54,273.854,-21.147,21.12,266.763,-1,0.066,-0.162,0.0,0
1240,62.0,9.867,-60.035,38.54,273.564,-21.153,20.81,266.548,-1,0.75,-0.142,0.0,0
1241,62.05,9.87,-60.57,38.54,273.278,-21.153,20.48,266.34,-1,0.75,-0.122,0.0,0
1242,62.1,9.874,-61.105,38.54,272.994,-21.15,20.48,266.136,-1,0.75,-0.109,0.0,0
1243,62.15,9.878,-61.641,38.54,272.709,-21.145,20.53,265.933,-1,0.75,-0.087,0.0,0
1244,62.2,9.881,-62.176,38.54,272.422,-21.137,20.9,265.728,-1,0.75,-0.095,0.0,0
1245,62.25,9.885,-62.711,38.54,272.129,-21.127,21.26,265.52,-1,0.75,-0.075,0.0,0
1246,62.3,9.889,-63.247,38.54,271.829,-21.114,21.82,265.307,-1,0.452,-0.087,0.0,0
1247,62.35,9.892,-63.782,38.54,271.524,-21.1,22.11,265.09,-1,0.0,-0.054,0.0,0
1248,62.4,9.896,-64.317,38.54,271.215,-21.085,22.3,264.871,-1,0.054,-0.057,0.0,0
1249,62.45,9.9,-64.853,38.54,270.907,-21.068,22.18,264.654,-1,0.049,-0.052,0.0,0
1250,62.5,9.903,-65.388,38.54,270.6,-21.051,22.09,264.44,-1,0.043,-0.043,0.0,0
1251,62.55,9.907,-65.923,38.54,270.296,-21.033,21.78,264.231,-1,0.039,-0.034,0.0,0
1252,62.6,9.91,-66.458,38.54,269.996,-21.014,21.57,264.026,-1,0.035,-0.037,0.0,0
1253,62.65,9.914,-66.994,38.54,269.701,-20.994,21.15,263.828,-1,0.098,-0.034,0.0,0
1254,62.7,9.918,-67.529,38.54,269.41,-20.974,20.92,263.635,-1,0.75,-0.031,0.0,0
1255,62.75,9.921,-68.064,38.54,269.123,-20.954,20.6,263.448,-1,0.75,-0.025,0.0,0
1256,62.8,9.925,-68.6,38.54,268.837,-20.933,20.63,263.264,-1,0.75,-0.019,0.0,0
1257,62.85,9.928,-69.135,38.54,268.551,-20.913,20.69,263.08,-1,0.75,-0.003,0.0,0
1258,62.9,9.932,-69.67,38.54,268.262,-20.893,21.08,262.894,-1,0.75,0.001,0.0,0
1259,62.95,9.936,-70.206,38.54,267.966,-20.873,21.43,262.704,-1,0.68,0.008,0.0,0
1260,63.0,9.939,-70.741,38.54,267.665,-20.855,21.95,262.509,-1,0.199,0.018,0.0,0
1261,63.05,9.943,-71.276,38.54,267.359,-20.839,22.09,262.311,-1,0.011,0.068,0.0,0
1262,63.1,9.946,-71.811,38.54,267.052,-20.826,22.18,262.112,-1,0.052,0.048,0.0,0
1263,63.15,9.95,-72.347,38.54,266.745,-20.814,21.99,261.915,-1,0.045,0.038,0.0,0
1264,63.2,9.954,-72.882,38.54,266.441,-20.803,21.86,261.721,-1,0.039,0.047,0.0,0
1265,63.25,9.957,-73.417,38.54,266.141,-20.795,21.5,261.532,-1,0.034,0.057,0.0,0
1266,63.3,9.961,-73.953,38.54,265.844,-20.789,21.28,261.348,-1,0.209,0.063,0.0,0
1267,63.35,9.964,-74.488,38.54,265.552,-20.785,20.92,261.168,-1,0.56,0.046,0.0,0
1268,63.4,9.968,-75.023,38.54,265.262,-20.782,20.85,260.993,-1,0.75,0.043,0.0,0
1269,63.45,9.972,-75.559,38.54,264.973,-20.779,20.82,260.819,-1,0.75,0.022,0.0,0
1270,63.5,9.975,-76.094,38.54,264.681,-20.777,21.13,260.644,-1,0.75,0.021,0.0,0
1271,63.55,9.979,-76.629,38.54,264.386,-20.775,21.4,260.466,-1,0.624,0.036,0.0,0
1272,63.6,9.982,-77.164,38.54,264.085,-20.775,21.83,260.284,-1,0.254,0.043,0.0,0
1273,63.65,9.986,-77.7,38.54,263.78,-20.776,21.93,260.1,-1,0.0,0.027,0.0,0
1274,63.7,9.989,-78.235,38.54,263.475,-20.776,22.0,259.916,-1,0.051,-0.004,0.0,0
1275,63.75,9.993,-78.77,38.54,263.171,-20.775,21.78,259.736,-1,0.047,0.006,0.0,0
1276,63.8,9.996,-79.306,38.54,262.87,-20.775,21.65,259.559,-1,0.04,0.006,0.0,0
1277,63.85,10.0,-79.841,38.54,262.572,-20.774,21.28,259.387,-1,0.034,-0.007,0.0,0
1278,63.9,10.003,-80.376,38.54,262.278,-20.773,21.06,259.22,-1,0.555,0.004,0.0,0
1279,63.95,10.007,-80.912,38.54,261.989,-20.772,20.73,259.059,-1,0.75,-0.006,0.0,0
1280,64.0,10.01,-81.447,38.54,261.701,-20.771,20.73,258.901,-1,0.75,-0.007,0.0,0
1281,64.05,10.014,-81.982,38.54,261.413,-20.77,20.77,258.744,-1,0.75,0.01,0.0,0
1282,64.1,10.018,-82.518,38.54,261.121,-20.769,21.13,258.585,-1,0.75,0.006,0.0,0
1283,64.15,10.021,-83.053,38.54,260.825,-20.769,21.45,258.422,-1,0.595,0.006,0.0,0
1284,64.2,10.025,-83.588,38.54,260.523,-20.769,21.9,258.255,-1,0.166,0.01,0.0,0
1285,64.25,10.028,-84.123,38.54,260.218,-20.769,21.99,258.087,-1,0.01,-0.002,0.0,0
1286,64.3,10.032,-84.659,38.54,259.912,-20.769,22.04,257.919,-1,0.05,0.002,0.0,0
1287,64.35,10.035,-85.194,38.54,259.608,-20.769,21.82,257.754,-1,0.048,-0.003,0.0,0
1288,64.4,10.039,-85.729,38.54,259.306,-20.768,21.67,257.593,-1,0.043,-0.011,0.0,0
1289,64.45,10.042,-86.265,38.54,259.008,-20.766,21.31,257.437,-1,0.038,-0.006,0.0,0
1290,64.5,10.046,-86.8,38.54,258.714,-20.765,21.08,257.287,-1,0.525,-0.011,0.0,0
1291,64.55,10.05,-87.335,38.54,258.424,-20.763,20.75,257.142,-1,0.75,-0.002,0.0,0
1292,64.6,10.053,-87.871,38.54,258.136,-20.761,20.75,257.0,-1,0.75,-0.009,0.0,0
1293,64.65,10.057,-88.406,38.54,257.848,-20.759,20.79,256.859,-1,0.75,0.005,0.0,0
1294,64.7,10.06,-88.941,38.54,257.556,-20.758,21.16,256.716,-1,0.75,0.001,0.0,0
1295,64.75,10.064,-89.476,38.54,257.259,-20.756,21.48,256.57,-1,0.562,-0.009,0.0,0
1296,64.8,10.068,-90.012,38.54,256.957,-20.755,21.9,256.42,-1,0.14,0.006,0.0,0
1297,64.85,10.071,-90.547,38.54,256.652,-20.754,21.97,256.268,-1,0.02,0.008,0.0,0
1298,64.9,10.075,-91.082,38.54,256.347,-20.752,22.0,256.118,-1,0.053,-0.004,0.0,0
1299,64.95,10.078,-91.618,38.54,256.043,-20.751,21.78,255.97,-1,0.049,0.002,0.0,0
1300,65.0,10.082,-92.153,38.54,255.742,-20.75,21.63,255.827,-1,0.043,0.008,0.0,0
1301,65.05,10.085,-92.688,38.54,255.445,-20.749,21.26,255.688,-1,0.037,-0.01,0.0,0
1302,65.1,10.089,-93.224,38.54,255.151,-20.747,21.03,255.555,-1,0.605,-0.012,0.0,0
1303,65.15,10.093,-93.759,38.54,254.862,-20.745,20.7,255.427,-1,0.75,0.005,0.0,0
1304,65.2,10.097,-94.294,38.54,254.575,-20.742,20.7,255.303,-1,0.75,-0.013,0.0,0
1305,65.25,10.101,-94.829,38.54,254.287,-20.74,20.73,255.179,-1,0.75,-0.002,0.0,0
1306,65.3,10.104,-95.365,38.54,253.997,-20.737,21.1,255.054,-1,0.75,-0.007,0.0,0
1307,65.35,10.108,-95.9,38.54,253.701,-20.735,21.43,254.926,-1,0.65,-0.004,0.0,0
1308,65.4,10.113,-96.435,38.54,253.399,-20.732,21.91,254.793,-1,0.209,-0.003,0.0,0
1309,65.45,10.117,-96.971,38.54,253.093,-20.729,22.04,254.658,-1,0.008,-0.001,0.0,0
1310,65.5,10.121,-97.506,38.54,252.787,-20.726,22.11,254.523,-1,0.054,0.004,0.0,0
1311,65.55,10.125,-98.041,38.54,252.481,-20.725,21.91,254.39,-1,0.051,0.014,0.0,0
1312,65.6,10.131,-98.577,38.54,252.178,-20.723,21.78,254.26,-1,0.045,0.005,0.0,0
1313,65.65,10.138,-99.112,38.54,251.878,-20.722,21.42,254.133,-1,0.039,0.008,0.0,0
1314,65.7,10.145,-99.647,38.54,251.583,-20.722,21.21,254.01,-1,0.329,0.016,0.0,0
1315,65.75,10.154,-100.182,38.54,251.291,-20.72,20.88,253.892,-1,0.643,-0.016,0.0,0
1316,65.8,10.163,-100.717,38.54,251.001,-20.719,20.88,253.777,-1,0.75,0.01,0.0,0
1317,65.85,10.173,-101.253,38.54,250.711,-20.718,20.92,253.662,-1,0.75,0.0,0.0,0
1318,65.9,10.183,-101.788,38.54,250.418,-20.717,21.29,253.545,-1,0.75,-0.003,0.0,0
1319,65.95,10.194,-102.323,38.54,250.119,-20.716,21.59,253.425,-1,0.382,0.007,0.0,0
1320,66.0,10.204,-102.858,38.54,249.816,-20.715,21.92,253.301,-1,0.0,0.006,0.0,0
1321,66.05,10.218,-103.393,38.53,249.512,-20.715,21.89,253.174,-1,0.049,0.011,0.0,0
1322,66.1,10.236,-103.928,38.53,249.208,-20.715,21.88,253.045,-1,0.048,0.004,0.0,0
1323,66.15,10.256,-104.463,38.53,248.906,-20.715,21.61,252.918,-1,0.044,0.007,0.0,0
1324,66.2,10.278,-104.998,38.54,248.607,-20.715,21.43,252.794,-1,0.038,-0.005,0.0,0
1325,66.25,10.301,-105.532,38.54,248.313,-20.715,21.06,252.673,-1,0.312,0.001,0.0,0
1326,66.3,10.326,-106.067,38.54,248.022,-20.714,20.9,252.556,-1,0.75,-0.017,0.0,0
1327,66.35,10.352,-106.602,38.55,247.733,-20.713,20.74,252.442,-1,0.75,0.004,0.0,0
1328,66.4,10.379,-107.136,38.55,247.444,-20.711,20.93,252.327,-1,0.75,-0.028,0.0,0
1329,66.45,10.407,-107.671,38.55,247.151,-20.708,21.14,252.212,-1,0.75,-0.009,0.0,0
1330,66.5,10.439,-108.205,38.52,246.854,-20.705,21.62,252.088,-1,0.624,0.001,0.0,0
1331,66.55,10.478,-108.739,38.51,246.551,-20.704,21.93,251.954,-1,0.0,0.006,0.0,0
1332,66.6,10.52,-109.272,38.51,246.244,-20.702,22.18,251.814,-1,0.045,-0.004,0.0,0
1333,66.65,10.566,-109.805,38.52,245.936,-20.7,22.1,251.672,-1,0.045,0.01,0.0,0
1334,66.7,10.62,-110.337,38.48,245.63,-20.699,22.04,251.524,-1,0.043,-0.001,0.0,0
1335,66.75,10.683,-110.867,38.48,245.326,-20.698,21.74,251.372,-1,0.041,0.022,0.0,0
1336,66.8,10.753,-111.397,38.5,245.026,-20.698,21.54,251.218,-1,0.036,0.002,0.0,0
1337,66.85,10.833,-111.925,38.43,244.73,-20.698,21.14,251.058,-1,0.135,0.01,0.0,0
1338,66.9,10.927,-112.45,38.43,244.438,-20.698,20.92,250.891,-1,0.75,-0.002,0.0,0
1339,66.95,11.03,-112.974,38.47,244.15,-20.698,20.64,250.719,-1,0.75,0.01,0.0,0
1340,67.0,11.142,-113.497,38.52,243.863,-20.697,20.7,250.542,-1,0.75,-0.009,0.0,0
1341,67.05,11.26,-114.019,38.56,243.575,-20.697,20.79,250.359,-1,0.75,0.003,0.0,0
1342,67.1,11.384,-114.54,38.59,243.283,-20.696,21.21,250.168,-1,0.75,-0.012,0.0,0
1343,67.15,11.513,-115.061,38.61,242.986,-20.695,21.55,249.969,-1,0.48,0.004,0.0,0
1344,67.2,11.648,-115.58,38.6,242.683,-20.693,21.96,249.761,-1,0.021,-0.007,0.0,0
1345,67.25,11.787,-116.097,38.59,242.377,-20.693,21.98,249.548,-1,0.039,0.013,0.0,0
1346,67.3,11.929,-116.614,38.57,242.072,-20.693,22.0,249.333,-1,0.048,0.002,0.0,0
1347,67.35,12.073,-117.13,38.55,241.768,-20.692,21.76,249.118,-1,0.043,-0.001,0.0,0
1348,67.4,12.22,-117.644,38.54,241.467,-20.692,21.6,248.906,-1,0.037,0.001,0.0,0
1349,67.45,12.368,-118.159,38.52,241.171,-20.691,21.21,248.698,-1,0.041,0.006,0.0,0
1350,67.5,12.517,-118.672,38.52,240.878,-20.69,20.98,248.494,-1,0.673,-0.025,0.0,0
1351,67.55,12.667,-119.186,38.52,240.59,-20.688,20.64,248.295,-1,0.75,0.001,0.0,0
1352,67.6,12.818,-119.699,38.52,240.303,-20.687,20.64,248.098,-1,0.75,-0.007,0.0,0
1353,67.65,12.97,-120.212,38.47,240.016,-20.686,20.67,247.902,-1,0.75,0.008,0.0,0
1354,67.7,13.122,-120.722,38.22,239.726,-20.684,21.04,247.704,-1,0.75,-0.003,0.0,0
1355,67.75,13.273,-121.228,37.83,239.431,-20.684,21.39,247.501,-1,0.747,0.013,0.0,0
1356,67.8,13.422,-121.728,37.41,239.13,-20.683,21.94,247.293,-1,0.262,-0.007,0.0,0
1357,67.85,13.57,-122.223,37.04,238.823,-20.682,22.15,247.082,-1,0.001,0.003,0.0,0
1358,67.9,13.717,-122.713,36.76,238.514,-20.681,22.27,246.869,-1,0.057,-0.003,0.0,0
1359,67.95,13.863,-123.201,36.62,238.206,-20.68,22.1,246.658,-1,0.052,0.015,0.0,0
1360,68.0,14.009,-123.688,36.6,237.9,-20.679,21.99,246.45,-1,0.046,-0.013,0.0,0
1361,68.05,14.156,-124.175,36.7,237.597,-20.679,21.65,246.247,-1,0.04,0.013,0.0,0
1362,68.1,14.303,-124.665,36.87,237.298,-20.678,21.43,246.049,-1,0.034,-0.006,0.0,0
1363,68.15,14.449,-125.157,36.96,237.004,-20.677,21.01,245.859,-1,0.315,-0.009,0.0,0
1364,68.2,14.595,-125.647,36.71,236.714,-20.676,20.84,245.674,-1,0.75,0.004,0.0,0
1365,68.25,14.739,-126.133,36.26,236.426,-20.675,20.65,245.493,-1,0.75,0.005,0.0,0
1366,68.3,14.88,-126.611,35.72,236.138,-20.675,20.82,245.312,-1,0.75,0.013,0.0,0
1367,68.35,15.018,-127.083,35.16,235.848,-20.676,21.01,245.129,-1,0.75,0.012,0.0,0
1368,68.4,15.155,-127.547,34.6,235.552,-20.676,21.5,244.941,-1,0.75,0.007,0.0,0
1369,68.45,15.288,-128.004,34.13,235.25,-20.678,21.9,244.749,-1,0.057,0.018,0.0,0
1370,68.5,15.421,-128.456,33.8,234.942,-20.68,22.25,244.552,-1,0.028,0.007,0.0,0
1371,68.55,15.552,-128.905,33.66,234.633,-20.681,22.23,244.355,-1,0.051,0.001,0.0,0
1372,68.6,15.683,-129.354,33.7,234.325,-20.683,22.21,244.159,-1,0.045,0.001,0.0,0
1373,68.65,15.81,-129.806,33.84,234.019,-20.684,21.94,243.972,-1,0.039,0.009,0.0,0
1374,68.7,15.932,-130.261,34.04,233.715,-20.686,21.76,243.795,-1,0.032,-0.002,0.0,0
1375,68.75,16.052,-130.721,34.24,233.416,-20.687,21.36,243.629,-1,0.029,-0.019,0.0,0
1376,68.8,16.168,-131.183,34.41,233.122,-20.686,21.1,243.472,-1,0.437,-0.025,0.0,0
1377,68.85,16.278,-131.649,34.45,232.832,-20.683,20.75,243.329,-1,0.75,-0.041,0.0,0
1378,68.9,16.38,-132.116,34.46,232.544,-20.678,20.72,243.198,-1,0.75,-0.039,0.0,0
1379,68.95,16.475,-132.585,34.43,232.257,-20.674,20.74,243.076,-1,0.75,-0.015,0.0,0
1380,69.0,16.56,-133.054,34.26,231.966,-20.672,21.08,242.96,-1,0.75,0.034,0.0,0
1381,69.05,16.628,-133.523,34.1,231.671,-20.672,21.4,242.855,-1,0.684,0.031,0.0,0
1382,69.1,16.684,-133.992,34.02,231.369,-20.674,21.9,242.757,-1,0.247,0.024,0.0,0
1383,69.15,16.728,-134.462,34.02,231.063,-20.676,22.04,242.667,-1,0.0,0.023,0.0,0
1384,69.2,16.757,-134.933,33.96,230.756,-20.679,22.14,242.589,-1,0.05,0.018,0.0,0
1385,69.25,16.773,-135.404,34.02,230.45,-20.682,21.95,242.527,-1,0.045,0.015,0.0,0
1386,69.3,16.777,-135.877,34.11,230.147,-20.685,21.82,242.478,-1,0.038,0.005,0.0,0
1387,69.35,16.767,-136.35,34.12,229.846,-20.688,21.46,242.447,-1,0.033,0.019,0.0,0
1388,69.4,16.743,-136.823,34.19,229.55,-20.691,21.24,242.433,-1,0.257,-0.005,0.0,0
1389,69.45,16.708,-137.297,34.27,229.258,-20.694,20.9,242.433,-1,0.587,0.012,0.0,0
1390,69.5,16.658,-137.77,34.22,228.968,-20.697,20.86,242.449,-1,0.75,-0.002,0.0,0
1391,69.55,16.594,-138.241,34.24,228.679,-20.7,20.86,242.478,-1,0.75,0.003,0.0,0
1392,69.6,16.52,-138.71,34.25,228.387,-20.702,21.19,242.515,-1,0.75,-0.007,0.0,0
1393,69.65,16.431,-139.176,34.17,228.09,-20.705,21.48,242.559,-1,0.525,0.004,0.0,0
1394,69.7,16.328,-139.639,34.15,227.788,-20.708,21.86,242.611,-1,0.142,0.008,0.0,0
1395,69.75,16.214,-140.099,34.17,227.484,-20.712,21.9,242.669,-1,0.016,0.013,0.0,0
1396,69.8,16.086,-140.555,34.09,227.18,-20.718,21.91,242.737,-1,0.049,0.027,0.0,0
1397,69.85,15.944,-141.006,34.11,226.877,-20.724,21.67,242.818,-1,0.045,0.025,0.0,0
1398,69.9,15.792,-141.455,34.15,226.578,-20.731,21.51,242.909,-1,0.039,0.019,0.0,0
1399,69.95,15.626,-141.898,34.11,226.282,-20.739,21.15,243.014,-1,0.184,0.021,0.0,0
1400,70.0,15.446,-142.336,34.14,225.99,-20.747,20.97,243.131,-1,0.75,0.022,0.0,0
1401,70.05,15.255,-142.77,34.2,225.701,-20.756,20.74,243.259,-1,0.75,0.029,0.0,0
1402,70.1,15.051,-143.198,34.15,225.413,-20.767,20.85,243.396,-1,0.75,0.027,0.0,0
1403,70.15,14.834,-143.62,34.19,225.122,-20.778,21.0,243.539,-1,0.75,0.037,0.0,0
1404,70.2,14.606,-144.036,34.24,224.827,-20.792,21.45,243.684,-1,0.75,0.038,0.0,0
1405,70.25,14.366,-144.446,34.19,224.526,-20.807,21.82,243.832,-1,0.128,0.041,0.0,0
1406,70.3,14.113,-144.847,34.21,224.221,-20.823,22.16,243.982,-1,0.005,0.036,0.0,0
1407,70.35,13.85,-145.243,34.26,223.914,-20.841,22.12,244.137,-1,0.047,0.027,0.0,0
1408,70.4,13.575,-145.63,34.2,223.607,-20.858,22.09,244.298,-1,0.046,0.01,0.0,0
1409,70.45,13.287,-146.008,34.23,223.303,-20.874,21.81,244.468,-1,0.043,0.009,0.0,0
1410,70.5,12.991,-146.379,34.28,223.002,-20.891,21.63,244.647,-1,0.039,0.009,0.0,0
1411,70.55,12.683,-146.741,34.23,222.705,-20.907,21.23,244.834,-1,0.033,-0.002,0.0,0
1412,70.6,12.363,-147.093,34.27,222.413,-20.923,20.99,245.03,-1,0.644,0.009,0.0,0
1413,70.65,12.035,-147.437,34.33,222.125,-20.939,20.64,245.234,-1,0.75,-0.007,0.0,0
1414,70.7,11.696,-147.771,34.29,221.839,-20.95,20.56,245.446,-1,0.75,-0.153,0.0,0
1415,70.75,11.346,-148.094,34.33,221.554,-20.955,20.57,245.666,-1,0.75,-0.109,0.0,0
1416,70.8,10.986,-148.405,34.28,221.266,-20.955,20.91,245.889,-1,0.75,-0.117,0.0,0
1417,70.85,10.615,-148.704,34.35,220.973,-20.952,21.25,246.112,-1,0.75,-0.092,0.0,0
1418,70.9,10.236,-148.994,34.43,220.673,-20.946,21.81,246.333,-1,0.476,-0.095,0.0,0
1419,70.95,9.848,-149.272,34.42,220.368,-20.937,22.09,246.553,-1,0.0,-0.085,0.0,0
1420,71.0,9.45,-149.537,34.47,220.059,-20.926,22.29,246.773,-1,0.054,-0.082,0.0,0
1421,71.05,9.045,-149.793,34.55,219.751,-20.913,22.17,246.996,-1,0.05,-0.085,0.0,0
1422,71.1,8.632,-150.036,34.5,219.444,-20.898,22.1,247.221,-1,0.044,-0.068,0.0,0
1423,71.15,8.212,-150.266,34.53,219.14,-20.882,21.78,247.449,-1,0.038,-0.046,0.0,0
1424,71.2,7.786,-150.486,34.57,218.84,-20.864,21.57,247.681,-1,0.034,-0.073,0.0,0
1425,71.25,7.354,-150.692,34.51,218.545,-20.844,21.16,247.916,-1,0.107,-0.062,0.0,0
1426,71.3,6.915,-150.886,34.53,218.254,-20.824,20.93,248.153,-1,0.75,-0.025,0.0,0
1427,71.35,6.472,-151.068,34.58,217.966,-20.805,20.62,248.392,-1,0.75,-0.023,0.0,0
1428,71.4,6.024,-151.237,34.52,217.681,-20.786,20.65,248.629,-1,0.75,-0.018,0.0,0
1429,71.45,5.57,-151.392,34.55,217.394,-20.767,20.72,248.862,-1,0.75,-0.011,0.0,0
1430,71.5,5.113,-151.537,34.6,217.104,-20.748,21.12,249.09,-1,0.75,-0.002,0.0,0
1431,71.55,4.651,-151.667,34.55,216.808,-20.729,21.46,249.31,-1,0.622,-0.005,0.0,0
1432,71.6,4.185,-151.783,34.58,216.507,-20.709,21.94,249.521,-1,0.156,-0.008,0.0,0
1433,71.65,3.717,-151.887,34.64,216.201,-20.69,22.05,249.725,-1,0.019,0.033,0.0,0
1434,71.7,3.245,-151.978,34.59,215.895,-20.674,22.11,249.921,-1,0.051,0.033,0.0,0
1435,71.75,2.771,-152.053,34.62,215.59,-20.66,21.9,250.112,-1,0.045,0.037,0.0,0
1436,71.8,2.294,-152.117,34.66,215.287,-20.647,21.76,250.3,-1,0.039,0.046,0.0,0
1437,71.85,1.816,-152.167,34.6,214.988,-20.637,21.39,250.484,-1,0.034,0.047,0.0,0
1438,71.9,1.337,-152.201,34.62,214.693,-20.629,21.16,250.663,-1,0.382,0.06,0.0,0
1439,71.95,0.857,-152.224,34.66,214.402,-20.622,20.84,250.839,-1,0.714,0.046,0.0,0
1440,72.0,0.377,-152.232,34.6,214.113,-20.618,20.83,251.009,-1,0.75,0.049,0.0,0
1441,72.05,-0.103,-152.225,34.62,213.823,-20.614,20.87,251.169,-1,0.75,0.038,0.0,0
1442,72.1,-0.582,-152.202,34.54,213.531,-20.61,21.24,251.318,-1,0.75,0.024,0.0,0
1443,72.15,-1.06,-152.163,34.57,213.233,-20.607,21.54,251.453,-1,0.456,0.025,0.0,0
1444,72.2,-1.538,-152.112,34.63,212.931,-20.604,21.91,251.577,-1,0.048,0.03,0.0,0
1445,72.25,-2.013,-152.045,34.59,212.626,-20.602,21.91,251.689,-1,0.038,0.019,0.0,0
1446,72.3,-2.486,-151.964,34.63,212.322,-20.6,21.92,251.791,-1,0.051,0.017,0.0,0
1447,72.35,-2.958,-151.871,34.69,212.019,-20.599,21.66,251.888,-1,0.046,0.025,0.0,0
1448,72.4,-3.427,-151.764,34.63,211.72,-20.598,21.5,251.977,-1,0.04,0.004,0.0,0
1449,72.45,-3.892,-151.642,34.65,211.424,-20.597,21.13,252.059,-1,0.209,0.01,0.0,0
1450,72.5,-4.355,-151.51,34.68,211.132,-20.595,20.95,252.137,-1,0.75,-0.011,0.0,0
1451,72.55,-4.812,-151.363,34.61,210.843,-20.594,20.74,252.207,-1,0.75,0.009,0.0,0
1452,72.6,-5.265,-151.203,34.62,210.555,-20.591,20.87,252.265,-1,0.75,-0.011,0.0,0
1453,72.65,-5.715,-151.033,34.65,210.264,-20.589,21.03,252.313,-1,0.75,0.004,0.0,0
1454,72.7,-6.158,-150.849,34.59,209.968,-20.587,21.5,252.346,-1,0.75,-0.004,0.0,0
1455,72.75,-6.596,-150.651,34.6,209.666,-20.585,21.88,252.362,-1,0.059,0.002,0.0,0
1456,72.8,-7.03,-150.444,34.64,209.359,-20.582,22.22,252.365,-1,0.019,-0.005,0.0,0
1457,72.85,-7.456,-150.224,34.59,209.05,-20.581,22.18,252.353,-1,0.047,0.03,0.0,0
1458,72.9,-7.876,-149.99,34.63,208.743,-20.579,22.15,252.331,-1,0.046,-0.029,0.0,0
1459,72.95,-8.291,-149.747,34.69,208.437,-20.576,21.87,252.302,-1,0.043,-0.001,0.0,0
1460,73.0,-8.699,-149.491,34.65,208.135,-20.573,21.69,252.263,-1,0.038,-0.015,0.0,0
1461,73.05,-9.098,-149.223,34.69,207.837,-20.569,21.29,252.216,-1,0.032,-0.003,0.0,0
1462,73.1,-9.492,-148.945,34.74,207.543,-20.565,21.04,252.162,-1,0.538,-0.013,0.0,0
1463,73.15,-9.877,-148.656,34.72,207.254,-20.561,20.69,252.099,-1,0.75,-0.013,0.0,0
1464,73.2,-10.253,-148.353,34.89,206.967,-20.556,20.67,252.026,-1,0.75,-0.025,0.0,0
1465,73.25,-10.622,-148.037,35.06,206.68,-20.552,20.69,251.938,-1,0.75,0.022,0.0,0
1466,73.3,-10.982,-147.706,35.42,206.39,-20.546,21.04,251.834,-1,0.75,-0.029,0.0,0
1467,73.35,-11.339,-147.362,35.97,206.095,-20.542,21.37,251.716,-1,0.744,0.026,0.0,0
1468,73.4,-11.689,-147.0,36.56,205.794,-20.538,21.92,251.578,-1,0.281,-0.004,0.0,0
1469,73.45,-12.035,-146.62,37.34,205.487,-20.534,22.11,251.423,-1,0.0,0.009,0.0,0
1470,73.5,-12.378,-146.223,38.16,205.179,-20.53,22.24,251.257,-1,0.05,-0.003,0.0,0
1471,73.55,-12.716,-145.807,38.81,204.872,-20.527,22.07,251.076,-1,0.046,0.006,0.0,0
1472,73.6,-13.044,-145.375,39.3,204.566,-20.523,21.96,250.883,-1,0.04,0.008,0.0,0
1473,73.65,-13.365,-144.931,39.5,204.264,-20.52,21.61,250.68,-1,0.035,0.007,0.0,0
1474,73.7,-13.671,-144.478,39.33,203.966,-20.517,21.39,250.464,-1,0.031,-0.003,0.0,0
1475,73.75,-13.962,-144.018,39.11,203.672,-20.514,20.96,250.236,-1,0.387,0.004,0.0,0
1476,73.8,-14.235,-143.553,38.7,203.383,-20.51,20.79,249.994,-1,0.75,-0.004,0.0,0
1477,73.85,-14.489,-143.083,38.42,203.096,-20.507,20.6,249.736,-1,0.75,0.001,0.0,0
1478,73.9,-14.729,-142.608,38.23,202.808,-20.504,20.78,249.463,-1,0.75,0.002,0.0,0
1479,73.95,-14.95,-142.129,38.03,202.518,-20.501,20.97,249.171,-1,0.75,-0.004,0.0,0
1480,74.0,-15.156,-141.643,38.02,202.223,-20.498,21.47,248.856,-1,0.75,0.017,0.0,0
1481,74.05,-15.343,-141.15,38.01,201.921,-20.495,21.87,248.518,-1,0.103,-0.002,0.0,0
1482,74.1,-15.513,-140.649,38.15,201.614,-20.494,22.22,248.156,-1,0.021,0.027,0.0,0
1483,74.15,-15.67,-140.142,38.36,201.306,-20.494,22.19,247.778,-1,0.053,0.022,0.0,0
1484,74.2,-15.81,-139.627,38.45,200.998,-20.494,22.18,247.383,-1,0.047,0.005,0.0,0
1485,74.25,-15.933,-139.107,38.59,200.692,-20.494,21.9,246.973,-1,0.041,0.025,0.0,0
1486,74.3,-16.039,-138.582,38.57,200.389,-20.495,21.73,246.547,-1,0.034,0.004,0.0,0
1487,74.35,-16.126,-138.054,38.62,200.091,-20.495,21.33,246.109,-1,0.03,0.011,0.0,0
1488,74.4,-16.199,-137.522,38.64,199.796,-20.496,21.08,245.661,-1,0.484,-0.0,0.0,0
1489,74.45,-16.254,-136.99,38.48,199.507,-20.497,20.73,245.201,-1,0.75,0.011,0.0,0
1490,74.5,-16.287,-136.458,38.39,199.219,-20.497,20.71,244.724,-1,0.75,-0.009,0.0,0
1491,74.55,-16.302,-135.926,38.39,198.932,-20.498,20.73,244.232,-1,0.75,0.013,0.0,0
1492,74.6,-16.303,-135.393,38.42,198.641,-20.498,21.08,243.724,-1,0.75,-0.005,0.0,0
1493,74.65,-16.29,-134.859,38.48,198.346,-20.498,21.4,243.201,-1,0.684,-0.001,0.0,0
1494,74.7,-16.262,-134.326,38.45,198.044,-20.498,21.9,242.66,-1,0.244,-0.021,0.0,0
1495,74.75,-16.218,-133.794,38.49,197.738,-20.497,22.05,242.102,-1,0.001,0.003,0.0,0
1496,74.8,-16.163,-133.262,38.53,197.431,-20.496,22.14,241.534,-1,0.052,-0.006,0.0,0
1497,74.85,-16.096,-132.731,38.54,197.125,-20.496,21.95,240.957,-1,0.046,0.006,0.0,0
1498,74.9,-16.019,-132.201,38.57,196.821,-20.494,21.82,240.373,-1,0.04,-0.017,0.0,0
1499,74.95,-15.933,-131.672,38.59,196.521,-20.49,21.45,239.788,-1,0.034,-0.073,0.0,0
