################################################################
# CHROMA-KEY CAPTURE — 2026-06-02 20:26:19
################################################################
  towns          : Town01
  weather        : ClearNoon CloudyNoon WetNoon MidRainyNoon
  sun_alts       : 70 55 40 25
  distances      : 6 10 14 18
  lateral_offs   : -1 0 1
  heading_offs   : -5 0 5
  npc_count      : 15  (radius 80 m)
  npc_scattered  : 30  (random across map)
  spawn_pool     : 6
  leader         : vehicle.carlamotors.carlacola
  follower       : vehicle.tesla.model3
  max_frames     : 99999
  shuffle        : 1
  continuous     : 1  (per-town: 50)
  sun_range      : 25 70
  dist_range     : 6 18
  heading_range  : -5 5
  seed           : 21071
  log            : data/chroma_key_dataset/capture_20260602_202607/run_capture.log

Connecting to CARLA at localhost:2000 (timeout=180s) ...
Continuous sampling: 50 attempts across 1 towns (50/town)
Sampled : 50 frame(s) (shuffled)
   Town01                50
Out     : data/chroma_key_dataset/capture_20260602_202607


--- Loading Town01 ---
WARNING: Version mismatch detected: You are trying to connect to a simulator that might be incompatible with this API 
WARNING: Client API version     = 0.9.15 
WARNING: Simulator API version  = 0.9.15.2 
  warmup: 100 ticks
  [SKIP] 000001: no valid lane at shift=+1 from follower lane
  [SKIP] 000002: no valid lane at shift=-1 from follower lane
  [SKIP] 000003: no valid lane at shift=+1 from follower lane
  [SKIP] 000004: no valid lane at shift=+1 from follower lane
  [SKIP] 000005: no valid lane at shift=+1 from follower lane
  [..] 000006: spawn follower
  [..] 000006: spawn leader
  [..] 000006: spawn NPCs (near=15, scattered=30)
  [..] 000006: spawn camera
  [..] 000006: settle (no listener)
  [..] 000006: tick 10/50
  [..] 000006: tick 20/50
  [..] 000006: tick 30/50
  [..] 000006: tick 40/50
  [..] 000006: tick 50/50
  [..] 000006: cam.listen (skip 20 stale frames)
  [OK] 000006.png  (Town01, MidRainyNoon, sun=38°, dist=12m, lat=+0.0, hdg=+3°, npcs=45)
  [..] 000006: finally start
  [..] 000006: drain tick
  [..] 000006: destroy cam
  [..] 000006: destroy 45 npcs
  [..] 000006: destroy leader
  [..] 000006: destroy follower
  [..] 000006: post-cleanup tick
  [..] 000006: finally end
  [SKIP] 000007: no valid lane at shift=-1 from follower lane
  [..] 000008: spawn follower
  [..] 000008: spawn leader
  [..] 000008: spawn NPCs (near=15, scattered=30)
  [..] 000008: spawn camera
  [..] 000008: settle (no listener)
  [..] 000008: tick 10/50
  [..] 000008: tick 20/50
  [..] 000008: tick 30/50
  [..] 000008: tick 40/50
  [..] 000008: tick 50/50
  [..] 000008: cam.listen (skip 20 stale frames)
  [OK] 000008.png  (Town01, CloudyNoon, sun=57°, dist=6m, lat=+0.0, hdg=-2°, npcs=41)
  [..] 000008: finally start
  [..] 000008: drain tick
  [..] 000008: destroy cam
  [..] 000008: destroy 41 npcs
  [..] 000008: destroy leader
  [..] 000008: destroy follower
  [..] 000008: post-cleanup tick
  [..] 000008: finally end
  [SKIP] 000009: no valid lane at shift=+1 from follower lane
  [SKIP] 000010: no valid lane at shift=-1 from follower lane
  [SKIP] 000011: no valid lane at shift=-1 from follower lane
  [SKIP] 000012: no valid lane at shift=+1 from follower lane
  [..] 000013: spawn follower
  [..] 000013: spawn leader
  [..] 000013: spawn NPCs (near=15, scattered=30)
  [..] 000013: spawn camera
  [..] 000013: settle (no listener)
  [..] 000013: tick 10/50
  [..] 000013: tick 20/50
  [..] 000013: tick 30/50
  [..] 000013: tick 40/50
  [..] 000013: tick 50/50
  [..] 000013: cam.listen (skip 20 stale frames)
  [OK] 000013.png  (Town01, WetNoon, sun=30°, dist=15m, lat=+0.0, hdg=+4°, npcs=41)
  [..] 000013: finally start
  [..] 000013: drain tick
  [..] 000013: destroy cam
  [..] 000013: destroy 41 npcs
  [..] 000013: destroy leader
  [..] 000013: destroy follower
  [..] 000013: post-cleanup tick
  [..] 000013: finally end
  [..] 000014: spawn follower
  [..] 000014: spawn leader
  [..] 000014: spawn NPCs (near=15, scattered=30)
  [..] 000014: spawn camera
  [..] 000014: settle (no listener)
  [..] 000014: tick 10/50
  [..] 000014: tick 20/50
  [..] 000014: tick 30/50
  [..] 000014: tick 40/50
  [..] 000014: tick 50/50
  [..] 000014: cam.listen (skip 20 stale frames)
  [OK] 000014.png  (Town01, WetNoon, sun=34°, dist=15m, lat=+0.0, hdg=+1°, npcs=45)
  [..] 000014: finally start
  [..] 000014: drain tick
  [..] 000014: destroy cam
  [..] 000014: destroy 45 npcs
  [..] 000014: destroy leader
  [..] 000014: destroy follower
  [..] 000014: post-cleanup tick
  [..] 000014: finally end
  [..] 000015: spawn follower
  [..] 000015: spawn leader
  [..] 000015: spawn NPCs (near=15, scattered=30)
  [..] 000015: spawn camera
  [..] 000015: settle (no listener)
  [..] 000015: tick 10/50
  [..] 000015: tick 20/50
  [..] 000015: tick 30/50
  [..] 000015: tick 40/50
  [..] 000015: tick 50/50
  [..] 000015: cam.listen (skip 20 stale frames)
  [OK] 000015.png  (Town01, ClearNoon, sun=34°, dist=12m, lat=+0.0, hdg=-3°, npcs=45)
  [..] 000015: finally start
  [..] 000015: drain tick
  [..] 000015: destroy cam
  [..] 000015: destroy 45 npcs
  [..] 000015: destroy leader
  [..] 000015: destroy follower
  [..] 000015: post-cleanup tick
  [..] 000015: finally end
  [SKIP] 000016: no valid lane at shift=+1 from follower lane
  [..] 000017: spawn follower
  [..] 000017: spawn leader
  [..] 000017: spawn NPCs (near=15, scattered=30)
  [..] 000017: spawn camera
  [..] 000017: settle (no listener)
  [..] 000017: tick 10/50
  [..] 000017: tick 20/50
  [..] 000017: tick 30/50
  [..] 000017: tick 40/50
  [..] 000017: tick 50/50
  [..] 000017: cam.listen (skip 20 stale frames)
  [OK] 000017.png  (Town01, ClearNoon, sun=31°, dist=17m, lat=+0.0, hdg=-4°, npcs=45)
  [..] 000017: finally start
  [..] 000017: drain tick
  [..] 000017: destroy cam
  [..] 000017: destroy 45 npcs
  [..] 000017: destroy leader
  [..] 000017: destroy follower
  [..] 000017: post-cleanup tick
  [..] 000017: finally end
  [SKIP] 000018: no valid lane at shift=+1 from follower lane
  [..] 000019: spawn follower
  [..] 000019: spawn leader
  [..] 000019: spawn NPCs (near=15, scattered=30)
  [..] 000019: spawn camera
  [..] 000019: settle (no listener)
  [..] 000019: tick 10/50
  [..] 000019: tick 20/50
  [..] 000019: tick 30/50
  [..] 000019: tick 40/50
  [..] 000019: tick 50/50
  [..] 000019: cam.listen (skip 20 stale frames)
  [OK] 000019.png  (Town01, CloudyNoon, sun=35°, dist=16m, lat=+0.0, hdg=-4°, npcs=40)
  [..] 000019: finally start
  [..] 000019: drain tick
  [..] 000019: destroy cam
  [..] 000019: destroy 40 npcs
  [..] 000019: destroy leader
  [..] 000019: destroy follower
  [..] 000019: post-cleanup tick
  [..] 000019: finally end
  [SKIP] 000020: no valid lane at shift=+1 from follower lane
  [SKIP] 000021: no valid lane at shift=-1 from follower lane
  [SKIP] 000022: no valid lane at shift=-1 from follower lane
  [SKIP] 000023: no valid lane at shift=+1 from follower lane
  [SKIP] 000024: no valid lane at shift=-1 from follower lane
  [SKIP] 000025: no valid lane at shift=+1 from follower lane
  [SKIP] 000026: no valid lane at shift=-1 from follower lane
  [SKIP] 000027: no valid lane at shift=-1 from follower lane
  [SKIP] 000028: no valid lane at shift=+1 from follower lane
  [SKIP] 000029: no valid lane at shift=+1 from follower lane
  [SKIP] 000030: no valid lane at shift=+1 from follower lane
  [SKIP] 000031: no valid lane at shift=+1 from follower lane
  [..] 000032: spawn follower
  [..] 000032: spawn leader
  [..] 000032: spawn NPCs (near=15, scattered=30)
  [..] 000032: spawn camera
  [..] 000032: settle (no listener)
  [..] 000032: tick 10/50
  [..] 000032: tick 20/50
  [..] 000032: tick 30/50
  [..] 000032: tick 40/50
  [..] 000032: tick 50/50
  [..] 000032: cam.listen (skip 20 stale frames)
  [OK] 000032.png  (Town01, CloudyNoon, sun=37°, dist=18m, lat=+0.0, hdg=+2°, npcs=40)
  [..] 000032: finally start
  [..] 000032: drain tick
  [..] 000032: destroy cam
  [..] 000032: destroy 40 npcs
  [..] 000032: destroy leader
  [..] 000032: destroy follower
  [..] 000032: post-cleanup tick
  [..] 000032: finally end
  [SKIP] 000033: no valid lane at shift=-1 from follower lane
  [SKIP] 000034: no valid lane at shift=+1 from follower lane
  [SKIP] 000035: no valid lane at shift=+1 from follower lane
  [SKIP] 000036: no valid lane at shift=-1 from follower lane
  [SKIP] 000037: no valid lane at shift=-1 from follower lane
  [..] 000038: spawn follower
  [..] 000038: spawn leader
  [..] 000038: spawn NPCs (near=15, scattered=30)
  [..] 000038: spawn camera
  [..] 000038: settle (no listener)
  [..] 000038: tick 10/50
  [..] 000038: tick 20/50
  [..] 000038: tick 30/50
  [..] 000038: tick 40/50
  [..] 000038: tick 50/50
  [..] 000038: cam.listen (skip 20 stale frames)
  [OK] 000038.png  (Town01, MidRainyNoon, sun=42°, dist=11m, lat=+0.0, hdg=+3°, npcs=45)
  [..] 000038: finally start
  [..] 000038: drain tick
  [..] 000038: destroy cam
  [..] 000038: destroy 45 npcs
  [..] 000038: destroy leader
  [..] 000038: destroy follower
  [..] 000038: post-cleanup tick
  [..] 000038: finally end
  [SKIP] 000039: no valid lane at shift=+1 from follower lane
  [..] 000040: spawn follower
  [..] 000040: spawn leader
  [..] 000040: spawn NPCs (near=15, scattered=30)
  [..] 000040: spawn camera
  [..] 000040: settle (no listener)
  [..] 000040: tick 10/50
  [..] 000040: tick 20/50
  [..] 000040: tick 30/50
  [..] 000040: tick 40/50
  [..] 000040: tick 50/50
  [..] 000040: cam.listen (skip 20 stale frames)
  [OK] 000040.png  (Town01, CloudyNoon, sun=69°, dist=16m, lat=+0.0, hdg=+0°, npcs=45)
  [..] 000040: finally start
  [..] 000040: drain tick
  [..] 000040: destroy cam
  [..] 000040: destroy 45 npcs
  [..] 000040: destroy leader
  [..] 000040: destroy follower
  [..] 000040: post-cleanup tick
  [..] 000040: finally end
  [SKIP] 000041: no valid lane at shift=-1 from follower lane
  [..] 000042: spawn follower
  [..] 000042: spawn leader
  [..] 000042: spawn NPCs (near=15, scattered=30)
  [..] 000042: spawn camera
  [..] 000042: settle (no listener)
  [..] 000042: tick 10/50
  [..] 000042: tick 20/50
  [..] 000042: tick 30/50
  [..] 000042: tick 40/50
  [..] 000042: tick 50/50
  [..] 000042: cam.listen (skip 20 stale frames)
  [OK] 000042.png  (Town01, CloudyNoon, sun=59°, dist=15m, lat=+0.0, hdg=+5°, npcs=45)
  [..] 000042: finally start
  [..] 000042: drain tick
  [..] 000042: destroy cam
  [..] 000042: destroy 45 npcs
  [..] 000042: destroy leader
  [..] 000042: destroy follower
  [..] 000042: post-cleanup tick
  [..] 000042: finally end
  [SKIP] 000043: no valid lane at shift=+1 from follower lane
  [SKIP] 000044: no valid lane at shift=-1 from follower lane
  [..] 000045: spawn follower
  [..] 000045: spawn leader
  [..] 000045: spawn NPCs (near=15, scattered=30)
  [..] 000045: spawn camera
  [..] 000045: settle (no listener)
  [..] 000045: tick 10/50
  [..] 000045: tick 20/50
  [..] 000045: tick 30/50
  [..] 000045: tick 40/50
  [..] 000045: tick 50/50
  [..] 000045: cam.listen (skip 20 stale frames)
  [OK] 000045.png  (Town01, MidRainyNoon, sun=31°, dist=18m, lat=+0.0, hdg=-5°, npcs=45)
  [..] 000045: finally start
  [..] 000045: drain tick
  [..] 000045: destroy cam
  [..] 000045: destroy 45 npcs
  [..] 000045: destroy leader
  [..] 000045: destroy follower
  [..] 000045: post-cleanup tick
  [..] 000045: finally end
  [SKIP] 000046: no valid lane at shift=-1 from follower lane
  [..] 000047: spawn follower
  [..] 000047: spawn leader
  [..] 000047: spawn NPCs (near=15, scattered=30)
  [..] 000047: spawn camera
  [..] 000047: settle (no listener)
  [..] 000047: tick 10/50
  [..] 000047: tick 20/50
  [..] 000047: tick 30/50
  [..] 000047: tick 40/50
  [..] 000047: tick 50/50
  [..] 000047: cam.listen (skip 20 stale frames)
  [OK] 000047.png  (Town01, ClearNoon, sun=28°, dist=16m, lat=+0.0, hdg=-4°, npcs=45)
  [..] 000047: finally start
  [..] 000047: drain tick
  [..] 000047: destroy cam
  [..] 000047: destroy 45 npcs
  [..] 000047: destroy leader
  [..] 000047: destroy follower
  [..] 000047: post-cleanup tick
  [..] 000047: finally end
  [..] 000048: spawn follower
  [..] 000048: spawn leader
  [..] 000048: spawn NPCs (near=15, scattered=30)
  [..] 000048: spawn camera
  [..] 000048: settle (no listener)
  [..] 000048: tick 10/50
  [..] 000048: tick 20/50
  [..] 000048: tick 30/50
  [..] 000048: tick 40/50
  [..] 000048: tick 50/50
  [..] 000048: cam.listen (skip 20 stale frames)
  [OK] 000048.png  (Town01, CloudyNoon, sun=35°, dist=9m, lat=+0.0, hdg=-4°, npcs=41)
  [..] 000048: finally start
  [..] 000048: drain tick
  [..] 000048: destroy cam
  [..] 000048: destroy 41 npcs
  [..] 000048: destroy leader
  [..] 000048: destroy follower
  [..] 000048: post-cleanup tick
  [..] 000048: finally end
  [SKIP] 000049: no valid lane at shift=-1 from follower lane
  [SKIP] 000050: no valid lane at shift=-1 from follower lane

Done. 50 frame(s) attempted → data/chroma_key_dataset/capture_20260602_202607
Index: data/chroma_key_dataset/capture_20260602_202607/captures_index.csv
[20:26:45] DONE
################################################################
# CHROMA-KEY CAPTURE — 2026-06-02 20:26:57
################################################################
  towns          : Town03
  weather        : ClearNoon CloudyNoon WetNoon MidRainyNoon
  sun_alts       : 70 55 40 25
  distances      : 6 10 14 18
  lateral_offs   : -1 0 1
  heading_offs   : -5 0 5
  npc_count      : 15  (radius 80 m)
  npc_scattered  : 30  (random across map)
  spawn_pool     : 6
  leader         : vehicle.carlamotors.carlacola
  follower       : vehicle.tesla.model3
  max_frames     : 99999
  shuffle        : 1
  continuous     : 1  (per-town: 50)
  sun_range      : 25 70
  dist_range     : 6 18
  heading_range  : -5 5
  seed           : 9873
  log            : data/chroma_key_dataset/capture_20260602_202607/run_capture.log

Connecting to CARLA at localhost:2000 (timeout=180s) ...
Continuous sampling: 50 attempts across 1 towns (50/town)
Sampled : 50 frame(s) (shuffled)
   Town03                50
Out     : data/chroma_key_dataset/capture_20260602_202607

[resume] appending to existing run, starting frame_id 000049

--- Loading Town03 ---
WARNING: Version mismatch detected: You are trying to connect to a simulator that might be incompatible with this API 
WARNING: Client API version     = 0.9.15 
WARNING: Simulator API version  = 0.9.15.2 
  warmup: 100 ticks
  [..] 000049: spawn follower
  [..] 000049: spawn leader
  [..] 000049: spawn NPCs (near=15, scattered=30)
  [..] 000049: spawn camera
  [..] 000049: settle (no listener)
  [..] 000049: tick 10/50
  [..] 000049: tick 20/50
  [..] 000049: tick 30/50
  [..] 000049: tick 40/50
  [..] 000049: tick 50/50
  [..] 000049: cam.listen (skip 20 stale frames)
  [OK] 000049.png  (Town03, WetNoon, sun=59°, dist=11m, lat=-1.0, hdg=-4°, npcs=45)
  [..] 000049: finally start
  [..] 000049: drain tick
  [..] 000049: destroy cam
  [..] 000049: destroy 45 npcs
  [..] 000049: destroy leader
  [..] 000049: destroy follower
  [..] 000049: post-cleanup tick
  [..] 000049: finally end
  [SKIP] 000050: no valid lane at shift=+1 from follower lane
  [..] 000051: spawn follower
  [..] 000051: spawn leader
  [..] 000051: spawn NPCs (near=15, scattered=30)
  [..] 000051: spawn camera
  [..] 000051: settle (no listener)
  [..] 000051: tick 10/50
  [..] 000051: tick 20/50
  [..] 000051: tick 30/50
  [..] 000051: tick 40/50
  [..] 000051: tick 50/50
  [..] 000051: cam.listen (skip 20 stale frames)
  [OK] 000051.png  (Town03, WetNoon, sun=57°, dist=10m, lat=+0.0, hdg=-4°, npcs=45)
  [..] 000051: finally start
  [..] 000051: drain tick
  [..] 000051: destroy cam
  [..] 000051: destroy 45 npcs
  [..] 000051: destroy leader
  [..] 000051: destroy follower
  [..] 000051: post-cleanup tick
  [..] 000051: finally end
  [SKIP] 000052: no valid lane at shift=+1 from follower lane
  [..] 000053: spawn follower
  [..] 000053: spawn leader
  [..] 000053: spawn NPCs (near=15, scattered=30)
  [..] 000053: spawn camera
  [..] 000053: settle (no listener)
  [..] 000053: tick 10/50
  [..] 000053: tick 20/50
  [..] 000053: tick 30/50
  [..] 000053: tick 40/50
  [..] 000053: tick 50/50
  [..] 000053: cam.listen (skip 20 stale frames)
  [OK] 000053.png  (Town03, CloudyNoon, sun=46°, dist=14m, lat=+0.0, hdg=+5°, npcs=45)
  [..] 000053: finally start
  [..] 000053: drain tick
  [..] 000053: destroy cam
  [..] 000053: destroy 45 npcs
  [..] 000053: destroy leader
  [..] 000053: destroy follower
  [..] 000053: post-cleanup tick
  [..] 000053: finally end
  [..] 000054: spawn follower
  [..] 000054: spawn leader
  [..] 000054: spawn NPCs (near=15, scattered=30)
  [..] 000054: spawn camera
  [..] 000054: settle (no listener)
  [..] 000054: tick 10/50
  [..] 000054: tick 20/50
  [..] 000054: tick 30/50
  [..] 000054: tick 40/50
  [..] 000054: tick 50/50
  [..] 000054: cam.listen (skip 20 stale frames)
  [OK] 000054.png  (Town03, ClearNoon, sun=48°, dist=8m, lat=+0.0, hdg=-3°, npcs=45)
  [..] 000054: finally start
  [..] 000054: drain tick
  [..] 000054: destroy cam
  [..] 000054: destroy 45 npcs
  [..] 000054: destroy leader
  [..] 000054: destroy follower
  [..] 000054: post-cleanup tick
  [..] 000054: finally end
  [SKIP] 000055: no valid lane at shift=+1 from follower lane
  [SKIP] 000056: no valid lane at shift=+1 from follower lane
  [..] 000057: spawn follower
  [..] 000057: spawn leader
  [..] 000057: spawn NPCs (near=15, scattered=30)
  [..] 000057: spawn camera
  [..] 000057: settle (no listener)
  [..] 000057: tick 10/50
  [..] 000057: tick 20/50
  [..] 000057: tick 30/50
  [..] 000057: tick 40/50
  [..] 000057: tick 50/50
  [..] 000057: cam.listen (skip 20 stale frames)
  [OK] 000057.png  (Town03, WetNoon, sun=52°, dist=16m, lat=+0.0, hdg=+3°, npcs=45)
  [..] 000057: finally start
  [..] 000057: drain tick
  [..] 000057: destroy cam
  [..] 000057: destroy 45 npcs
  [..] 000057: destroy leader
  [..] 000057: destroy follower
  [..] 000057: post-cleanup tick
  [..] 000057: finally end
  [..] 000058: spawn follower
  [..] 000058: spawn leader
  [..] 000058: spawn NPCs (near=15, scattered=30)
  [..] 000058: spawn camera
  [..] 000058: settle (no listener)
  [..] 000058: tick 10/50
  [..] 000058: tick 20/50
  [..] 000058: tick 30/50
  [..] 000058: tick 40/50
  [..] 000058: tick 50/50
  [..] 000058: cam.listen (skip 20 stale frames)
  [OK] 000058.png  (Town03, ClearNoon, sun=35°, dist=17m, lat=+0.0, hdg=+4°, npcs=45)
  [..] 000058: finally start
  [..] 000058: drain tick
  [..] 000058: destroy cam
  [..] 000058: destroy 45 npcs
  [..] 000058: destroy leader
  [..] 000058: destroy follower
  [..] 000058: post-cleanup tick
  [..] 000058: finally end
  [SKIP] 000059: no valid lane at shift=+1 from follower lane
  [SKIP] 000060: no valid lane at shift=+1 from follower lane
  [SKIP] 000061: no valid lane at shift=+1 from follower lane
  [..] 000062: spawn follower
  [..] 000062: spawn leader
  [..] 000062: spawn NPCs (near=15, scattered=30)
  [..] 000062: spawn camera
  [..] 000062: settle (no listener)
  [..] 000062: tick 10/50
  [..] 000062: tick 20/50
  [..] 000062: tick 30/50
  [..] 000062: tick 40/50
  [..] 000062: tick 50/50
  [..] 000062: cam.listen (skip 20 stale frames)
  [OK] 000062.png  (Town03, CloudyNoon, sun=62°, dist=18m, lat=+0.0, hdg=+2°, npcs=45)
  [..] 000062: finally start
  [..] 000062: drain tick
  [..] 000062: destroy cam
  [..] 000062: destroy 45 npcs
  [..] 000062: destroy leader
  [..] 000062: destroy follower
  [..] 000062: post-cleanup tick
  [..] 000062: finally end
  [SKIP] 000063: no valid lane at shift=+1 from follower lane
  [..] 000064: spawn follower
  [..] 000064: spawn leader
  [..] 000064: spawn NPCs (near=15, scattered=30)
  [..] 000064: spawn camera
  [..] 000064: settle (no listener)
  [..] 000064: tick 10/50
  [..] 000064: tick 20/50
  [..] 000064: tick 30/50
  [..] 000064: tick 40/50
  [..] 000064: tick 50/50
  [..] 000064: cam.listen (skip 20 stale frames)
  [OK] 000064.png  (Town03, WetNoon, sun=63°, dist=14m, lat=+0.0, hdg=+0°, npcs=45)
  [..] 000064: finally start
  [..] 000064: drain tick
  [..] 000064: destroy cam
  [..] 000064: destroy 45 npcs
  [..] 000064: destroy leader
  [..] 000064: destroy follower
  [..] 000064: post-cleanup tick
  [..] 000064: finally end
  [SKIP] 000065: no valid lane at shift=-1 from follower lane
  [SKIP] 000066: no valid lane at shift=+1 from follower lane
  [SKIP] 000067: no valid lane at shift=+1 from follower lane
  [SKIP] 000068: no valid lane at shift=+1 from follower lane
  [..] 000069: spawn follower
  [..] 000069: spawn leader
  [..] 000069: spawn NPCs (near=15, scattered=30)
  [..] 000069: spawn camera
  [..] 000069: settle (no listener)
  [..] 000069: tick 10/50
  [..] 000069: tick 20/50
  [..] 000069: tick 30/50
  [..] 000069: tick 40/50
  [..] 000069: tick 50/50
  [..] 000069: cam.listen (skip 20 stale frames)
  [OK] 000069.png  (Town03, MidRainyNoon, sun=39°, dist=8m, lat=-1.0, hdg=+2°, npcs=45)
  [..] 000069: finally start
  [..] 000069: drain tick
  [..] 000069: destroy cam
  [..] 000069: destroy 45 npcs
  [..] 000069: destroy leader
  [..] 000069: destroy follower
  [..] 000069: post-cleanup tick
  [..] 000069: finally end
  [SKIP] 000070: no valid lane at shift=+1 from follower lane
  [SKIP] 000071: no valid lane at shift=+1 from follower lane
  [SKIP] 000072: no valid lane at shift=+1 from follower lane
  [..] 000073: spawn follower
  [..] 000073: spawn leader
  [..] 000073: spawn NPCs (near=15, scattered=30)
  [..] 000073: spawn camera
  [..] 000073: settle (no listener)
  [..] 000073: tick 10/50
  [..] 000073: tick 20/50
  [..] 000073: tick 30/50
  [..] 000073: tick 40/50
  [..] 000073: tick 50/50
  [..] 000073: cam.listen (skip 20 stale frames)
  [OK] 000073.png  (Town03, CloudyNoon, sun=40°, dist=18m, lat=+0.0, hdg=-5°, npcs=45)
  [..] 000073: finally start
  [..] 000073: drain tick
  [..] 000073: destroy cam
  [..] 000073: destroy 45 npcs
  [..] 000073: destroy leader
  [..] 000073: destroy follower
  [..] 000073: post-cleanup tick
  [..] 000073: finally end
  [SKIP] 000074: no valid lane at shift=+1 from follower lane
  [..] 000075: spawn follower
  [..] 000075: spawn leader
  [..] 000075: spawn NPCs (near=15, scattered=30)
  [..] 000075: spawn camera
  [..] 000075: settle (no listener)
  [..] 000075: tick 10/50
  [..] 000075: tick 20/50
  [..] 000075: tick 30/50
  [..] 000075: tick 40/50
  [..] 000075: tick 50/50
  [..] 000075: cam.listen (skip 20 stale frames)
  [OK] 000075.png  (Town03, MidRainyNoon, sun=57°, dist=10m, lat=+0.0, hdg=-2°, npcs=45)
  [..] 000075: finally start
  [..] 000075: drain tick
  [..] 000075: destroy cam
  [..] 000075: destroy 45 npcs
  [..] 000075: destroy leader
  [..] 000075: destroy follower
  [..] 000075: post-cleanup tick
  [..] 000075: finally end
  [..] 000076: spawn follower
  [..] 000076: spawn leader
  [..] 000076: spawn NPCs (near=15, scattered=30)
  [..] 000076: spawn camera
  [..] 000076: settle (no listener)
  [..] 000076: tick 10/50
  [..] 000076: tick 20/50
  [..] 000076: tick 30/50
  [..] 000076: tick 40/50
  [..] 000076: tick 50/50
  [..] 000076: cam.listen (skip 20 stale frames)
  [OK] 000076.png  (Town03, WetNoon, sun=29°, dist=11m, lat=-1.0, hdg=-1°, npcs=45)
  [..] 000076: finally start
  [..] 000076: drain tick
  [..] 000076: destroy cam
  [..] 000076: destroy 45 npcs
  [..] 000076: destroy leader
  [..] 000076: destroy follower
  [..] 000076: post-cleanup tick
  [..] 000076: finally end
  [SKIP] 000077: no valid lane at shift=-1 from follower lane
  [SKIP] 000078: no valid lane at shift=-1 from follower lane
  [..] 000079: spawn follower
  [..] 000079: spawn leader
  [..] 000079: spawn NPCs (near=15, scattered=30)
  [..] 000079: spawn camera
  [..] 000079: settle (no listener)
  [..] 000079: tick 10/50
  [..] 000079: tick 20/50
  [..] 000079: tick 30/50
  [..] 000079: tick 40/50
  [..] 000079: tick 50/50
  [..] 000079: cam.listen (skip 20 stale frames)
  [OK] 000079.png  (Town03, ClearNoon, sun=68°, dist=6m, lat=+0.0, hdg=+5°, npcs=45)
  [..] 000079: finally start
  [..] 000079: drain tick
  [..] 000079: destroy cam
  [..] 000079: destroy 45 npcs
  [..] 000079: destroy leader
  [..] 000079: destroy follower
  [..] 000079: post-cleanup tick
  [..] 000079: finally end
  [SKIP] 000080: no valid lane at shift=+1 from follower lane
  [SKIP] 000081: no valid lane at shift=-1 from follower lane
  [SKIP] 000082: no valid lane at shift=+1 from follower lane
  [SKIP] 000083: no valid lane at shift=-1 from follower lane
  [..] 000084: spawn follower
  [..] 000084: spawn leader
  [..] 000084: spawn NPCs (near=15, scattered=30)
  [..] 000084: spawn camera
  [..] 000084: settle (no listener)
  [..] 000084: tick 10/50
  [..] 000084: tick 20/50
  [..] 000084: tick 30/50
  [..] 000084: tick 40/50
  [..] 000084: tick 50/50
  [..] 000084: cam.listen (skip 20 stale frames)
  [OK] 000084.png  (Town03, ClearNoon, sun=44°, dist=7m, lat=-1.0, hdg=-5°, npcs=45)
  [..] 000084: finally start
  [..] 000084: drain tick
  [..] 000084: destroy cam
  [..] 000084: destroy 45 npcs
  [..] 000084: destroy leader
  [..] 000084: destroy follower
  [..] 000084: post-cleanup tick
  [..] 000084: finally end
  [SKIP] 000085: no valid lane at shift=+1 from follower lane
  [..] 000086: spawn follower
  [..] 000086: spawn leader
  [..] 000086: spawn NPCs (near=15, scattered=30)
  [..] 000086: spawn camera
  [..] 000086: settle (no listener)
  [..] 000086: tick 10/50
  [..] 000086: tick 20/50
  [..] 000086: tick 30/50
  [..] 000086: tick 40/50
  [..] 000086: tick 50/50
  [..] 000086: cam.listen (skip 20 stale frames)
  [OK] 000086.png  (Town03, CloudyNoon, sun=68°, dist=11m, lat=+0.0, hdg=-1°, npcs=45)
  [..] 000086: finally start
  [..] 000086: drain tick
  [..] 000086: destroy cam
  [..] 000086: destroy 45 npcs
  [..] 000086: destroy leader
  [..] 000086: destroy follower
  [..] 000086: post-cleanup tick
  [..] 000086: finally end
  [SKIP] 000087: no valid lane at shift=+1 from follower lane
  [..] 000088: spawn follower
  [..] 000088: spawn leader
  [..] 000088: spawn NPCs (near=15, scattered=30)
  [..] 000088: spawn camera
  [..] 000088: settle (no listener)
  [..] 000088: tick 10/50
  [..] 000088: tick 20/50
  [..] 000088: tick 30/50
  [..] 000088: tick 40/50
  [..] 000088: tick 50/50
  [..] 000088: cam.listen (skip 20 stale frames)
  [OK] 000088.png  (Town03, CloudyNoon, sun=55°, dist=13m, lat=+0.0, hdg=+1°, npcs=45)
  [..] 000088: finally start
  [..] 000088: drain tick
  [..] 000088: destroy cam
  [..] 000088: destroy 45 npcs
  [..] 000088: destroy leader
  [..] 000088: destroy follower
  [..] 000088: post-cleanup tick
  [..] 000088: finally end
  [SKIP] 000089: no valid lane at shift=+1 from follower lane
  [..] 000090: spawn follower
  [..] 000090: spawn leader
  [..] 000090: spawn NPCs (near=15, scattered=30)
  [..] 000090: spawn camera
  [..] 000090: settle (no listener)
  [..] 000090: tick 10/50
  [..] 000090: tick 20/50
  [..] 000090: tick 30/50
  [..] 000090: tick 40/50
  [..] 000090: tick 50/50
  [..] 000090: cam.listen (skip 20 stale frames)
  [OK] 000090.png  (Town03, ClearNoon, sun=63°, dist=8m, lat=+0.0, hdg=-3°, npcs=45)
  [..] 000090: finally start
  [..] 000090: drain tick
  [..] 000090: destroy cam
  [..] 000090: destroy 45 npcs
  [..] 000090: destroy leader
  [..] 000090: destroy follower
  [..] 000090: post-cleanup tick
  [..] 000090: finally end
  [SKIP] 000091: no valid lane at shift=+1 from follower lane
  [..] 000092: spawn follower
  [..] 000092: spawn leader
  [..] 000092: spawn NPCs (near=15, scattered=30)
  [..] 000092: spawn camera
  [..] 000092: settle (no listener)
  [..] 000092: tick 10/50
  [..] 000092: tick 20/50
  [..] 000092: tick 30/50
  [..] 000092: tick 40/50
  [..] 000092: tick 50/50
  [..] 000092: cam.listen (skip 20 stale frames)
  [OK] 000092.png  (Town03, WetNoon, sun=52°, dist=8m, lat=+0.0, hdg=-5°, npcs=45)
  [..] 000092: finally start
  [..] 000092: drain tick
  [..] 000092: destroy cam
  [..] 000092: destroy 45 npcs
  [..] 000092: destroy leader
  [..] 000092: destroy follower
  [..] 000092: post-cleanup tick
  [..] 000092: finally end
  [SKIP] 000093: no valid lane at shift=-1 from follower lane
  [SKIP] 000094: no valid lane at shift=+1 from follower lane
  [..] 000095: spawn follower
  [..] 000095: spawn leader
  [..] 000095: spawn NPCs (near=15, scattered=30)
  [..] 000095: spawn camera
  [..] 000095: settle (no listener)
  [..] 000095: tick 10/50
  [..] 000095: tick 20/50
  [..] 000095: tick 30/50
  [..] 000095: tick 40/50
  [..] 000095: tick 50/50
  [..] 000095: cam.listen (skip 20 stale frames)
  [OK] 000095.png  (Town03, ClearNoon, sun=43°, dist=7m, lat=+1.0, hdg=+2°, npcs=45)
  [..] 000095: finally start
  [..] 000095: drain tick
  [..] 000095: destroy cam
  [..] 000095: destroy 45 npcs
  [..] 000095: destroy leader
  [..] 000095: destroy follower
  [..] 000095: post-cleanup tick
  [..] 000095: finally end
  [SKIP] 000096: no valid lane at shift=-1 from follower lane
  [SKIP] 000097: no valid lane at shift=-1 from follower lane
  [..] 000098: spawn follower
  [..] 000098: spawn leader
  [..] 000098: spawn NPCs (near=15, scattered=30)
  [..] 000098: spawn camera
  [..] 000098: settle (no listener)
  [..] 000098: tick 10/50
  [..] 000098: tick 20/50
  [..] 000098: tick 30/50
  [..] 000098: tick 40/50
  [..] 000098: tick 50/50
  [..] 000098: cam.listen (skip 20 stale frames)
  [OK] 000098.png  (Town03, ClearNoon, sun=49°, dist=11m, lat=+0.0, hdg=-0°, npcs=45)
  [..] 000098: finally start
  [..] 000098: drain tick
  [..] 000098: destroy cam
  [..] 000098: destroy 45 npcs
  [..] 000098: destroy leader
  [..] 000098: destroy follower
  [..] 000098: post-cleanup tick
  [..] 000098: finally end

Done. 98 frame(s) attempted → data/chroma_key_dataset/capture_20260602_202607
Index: data/chroma_key_dataset/capture_20260602_202607/captures_index.csv
[20:27:34] DONE
################################################################
# CHROMA-KEY CAPTURE — 2026-06-02 20:27:46
################################################################
  towns          : Town04
  weather        : ClearNoon CloudyNoon WetNoon MidRainyNoon
  sun_alts       : 70 55 40 25
  distances      : 6 10 14 18
  lateral_offs   : -1 0 1
  heading_offs   : -5 0 5
  npc_count      : 15  (radius 80 m)
  npc_scattered  : 30  (random across map)
  spawn_pool     : 6
  leader         : vehicle.carlamotors.carlacola
  follower       : vehicle.tesla.model3
  max_frames     : 99999
  shuffle        : 1
  continuous     : 1  (per-town: 50)
  sun_range      : 25 70
  dist_range     : 6 18
  heading_range  : -5 5
  seed           : 11527
  log            : data/chroma_key_dataset/capture_20260602_202607/run_capture.log

Connecting to CARLA at localhost:2000 (timeout=180s) ...
Continuous sampling: 50 attempts across 1 towns (50/town)
Sampled : 50 frame(s) (shuffled)
   Town04                50
Out     : data/chroma_key_dataset/capture_20260602_202607

[resume] appending to existing run, starting frame_id 000099

--- Loading Town04 ---
WARNING: Version mismatch detected: You are trying to connect to a simulator that might be incompatible with this API 
WARNING: Client API version     = 0.9.15 
WARNING: Simulator API version  = 0.9.15.2 
  warmup: 100 ticks
  [..] 000099: spawn follower
  [..] 000099: spawn leader
  [..] 000099: spawn NPCs (near=15, scattered=30)
  [..] 000099: spawn camera
  [..] 000099: settle (no listener)
  [..] 000099: tick 10/50
  [..] 000099: tick 20/50
  [..] 000099: tick 30/50
  [..] 000099: tick 40/50
  [..] 000099: tick 50/50
  [..] 000099: cam.listen (skip 20 stale frames)
  [OK] 000099.png  (Town04, MidRainyNoon, sun=37°, dist=10m, lat=+0.0, hdg=+3°, npcs=45)
  [..] 000099: finally start
  [..] 000099: drain tick
  [..] 000099: destroy cam
  [..] 000099: destroy 45 npcs
  [..] 000099: destroy leader
  [..] 000099: destroy follower
  [..] 000099: post-cleanup tick
  [..] 000099: finally end
  [..] 000100: spawn follower
  [..] 000100: spawn leader
  [..] 000100: spawn NPCs (near=15, scattered=30)
  [..] 000100: spawn camera
  [..] 000100: settle (no listener)
  [..] 000100: tick 10/50
  [..] 000100: tick 20/50
  [..] 000100: tick 30/50
  [..] 000100: tick 40/50
  [..] 000100: tick 50/50
  [..] 000100: cam.listen (skip 20 stale frames)
  [OK] 000100.png  (Town04, MidRainyNoon, sun=34°, dist=15m, lat=+0.0, hdg=-2°, npcs=45)
  [..] 000100: finally start
  [..] 000100: drain tick
  [..] 000100: destroy cam
  [..] 000100: destroy 45 npcs
  [..] 000100: destroy leader
  [..] 000100: destroy follower
  [..] 000100: post-cleanup tick
  [..] 000100: finally end
  [..] 000101: spawn follower
  [..] 000101: spawn leader
  [..] 000101: spawn NPCs (near=15, scattered=30)
  [..] 000101: spawn camera
  [..] 000101: settle (no listener)
  [..] 000101: tick 10/50
  [..] 000101: tick 20/50
  [..] 000101: tick 30/50
  [..] 000101: tick 40/50
  [..] 000101: tick 50/50
  [..] 000101: cam.listen (skip 20 stale frames)
  [OK] 000101.png  (Town04, CloudyNoon, sun=69°, dist=12m, lat=+0.0, hdg=+1°, npcs=45)
  [..] 000101: finally start
  [..] 000101: drain tick
  [..] 000101: destroy cam
  [..] 000101: destroy 45 npcs
  [..] 000101: destroy leader
  [..] 000101: destroy follower
  [..] 000101: post-cleanup tick
  [..] 000101: finally end
  [SKIP] 000102: no valid lane at shift=+1 from follower lane
  [..] 000103: spawn follower
  [..] 000103: spawn leader
  [..] 000103: spawn NPCs (near=15, scattered=30)
  [..] 000103: spawn camera
  [..] 000103: settle (no listener)
  [..] 000103: tick 10/50
  [..] 000103: tick 20/50
  [..] 000103: tick 30/50
  [..] 000103: tick 40/50
  [..] 000103: tick 50/50
  [..] 000103: cam.listen (skip 20 stale frames)
  [OK] 000103.png  (Town04, ClearNoon, sun=33°, dist=14m, lat=+0.0, hdg=+4°, npcs=45)
  [..] 000103: finally start
  [..] 000103: drain tick
  [..] 000103: destroy cam
  [..] 000103: destroy 45 npcs
  [..] 000103: destroy leader
  [..] 000103: destroy follower
  [..] 000103: post-cleanup tick
  [..] 000103: finally end
  [SKIP] 000104: no valid lane at shift=+1 from follower lane
  [..] 000105: spawn follower
  [..] 000105: spawn leader
  [..] 000105: spawn NPCs (near=15, scattered=30)
  [..] 000105: spawn camera
  [..] 000105: settle (no listener)
  [..] 000105: tick 10/50
  [..] 000105: tick 20/50
  [..] 000105: tick 30/50
  [..] 000105: tick 40/50
  [..] 000105: tick 50/50
  [..] 000105: cam.listen (skip 20 stale frames)
  [OK] 000105.png  (Town04, WetNoon, sun=56°, dist=14m, lat=+1.0, hdg=-3°, npcs=45)
  [..] 000105: finally start
  [..] 000105: drain tick
  [..] 000105: destroy cam
  [..] 000105: destroy 45 npcs
  [..] 000105: destroy leader
  [..] 000105: destroy follower
  [..] 000105: post-cleanup tick
  [..] 000105: finally end
  [SKIP] 000106: no valid lane at shift=+1 from follower lane
  [..] 000107: spawn follower
  [..] 000107: spawn leader
  [..] 000107: spawn NPCs (near=15, scattered=30)
  [..] 000107: spawn camera
  [..] 000107: settle (no listener)
  [..] 000107: tick 10/50
  [..] 000107: tick 20/50
  [..] 000107: tick 30/50
  [..] 000107: tick 40/50
  [..] 000107: tick 50/50
  [..] 000107: cam.listen (skip 20 stale frames)
  [OK] 000107.png  (Town04, ClearNoon, sun=47°, dist=9m, lat=+0.0, hdg=+4°, npcs=45)
  [..] 000107: finally start
  [..] 000107: drain tick
  [..] 000107: destroy cam
  [..] 000107: destroy 45 npcs
  [..] 000107: destroy leader
  [..] 000107: destroy follower
  [..] 000107: post-cleanup tick
  [..] 000107: finally end
  [..] 000108: spawn follower
  [..] 000108: spawn leader
  [..] 000108: spawn NPCs (near=15, scattered=30)
  [..] 000108: spawn camera
  [..] 000108: settle (no listener)
  [..] 000108: tick 10/50
  [..] 000108: tick 20/50
  [..] 000108: tick 30/50
  [..] 000108: tick 40/50
  [..] 000108: tick 50/50
  [..] 000108: cam.listen (skip 20 stale frames)
  [OK] 000108.png  (Town04, ClearNoon, sun=42°, dist=10m, lat=+0.0, hdg=+3°, npcs=45)
  [..] 000108: finally start
  [..] 000108: drain tick
  [..] 000108: destroy cam
  [..] 000108: destroy 45 npcs
  [..] 000108: destroy leader
  [..] 000108: destroy follower
  [..] 000108: post-cleanup tick
  [..] 000108: finally end
  [..] 000109: spawn follower
  [..] 000109: spawn leader
  [..] 000109: spawn NPCs (near=15, scattered=30)
  [..] 000109: spawn camera
  [..] 000109: settle (no listener)
  [..] 000109: tick 10/50
  [..] 000109: tick 20/50
  [..] 000109: tick 30/50
  [..] 000109: tick 40/50
  [..] 000109: tick 50/50
  [..] 000109: cam.listen (skip 20 stale frames)
  [OK] 000109.png  (Town04, WetNoon, sun=59°, dist=17m, lat=+0.0, hdg=+4°, npcs=45)
  [..] 000109: finally start
  [..] 000109: drain tick
  [..] 000109: destroy cam
  [..] 000109: destroy 45 npcs
  [..] 000109: destroy leader
  [..] 000109: destroy follower
  [..] 000109: post-cleanup tick
  [..] 000109: finally end
  [..] 000110: spawn follower
  [..] 000110: spawn leader
  [..] 000110: spawn NPCs (near=15, scattered=30)
  [..] 000110: spawn camera
  [..] 000110: settle (no listener)
  [..] 000110: tick 10/50
  [..] 000110: tick 20/50
  [..] 000110: tick 30/50
  [..] 000110: tick 40/50
  [..] 000110: tick 50/50
  [..] 000110: cam.listen (skip 20 stale frames)
  [OK] 000110.png  (Town04, MidRainyNoon, sun=26°, dist=8m, lat=-1.0, hdg=+3°, npcs=45)
  [..] 000110: finally start
  [..] 000110: drain tick
  [..] 000110: destroy cam
  [..] 000110: destroy 45 npcs
  [..] 000110: destroy leader
  [..] 000110: destroy follower
  [..] 000110: post-cleanup tick
  [..] 000110: finally end
  [..] 000111: spawn follower
  [..] 000111: spawn leader
  [..] 000111: spawn NPCs (near=15, scattered=30)
  [..] 000111: spawn camera
  [..] 000111: settle (no listener)
  [..] 000111: tick 10/50
  [..] 000111: tick 20/50
  [..] 000111: tick 30/50
  [..] 000111: tick 40/50
  [..] 000111: tick 50/50
  [..] 000111: cam.listen (skip 20 stale frames)
  [OK] 000111.png  (Town04, ClearNoon, sun=61°, dist=11m, lat=-1.0, hdg=-4°, npcs=45)
  [..] 000111: finally start
  [..] 000111: drain tick
  [..] 000111: destroy cam
  [..] 000111: destroy 45 npcs
  [..] 000111: destroy leader
  [..] 000111: destroy follower
  [..] 000111: post-cleanup tick
  [..] 000111: finally end
  [..] 000112: spawn follower
  [..] 000112: spawn leader
  [..] 000112: spawn NPCs (near=15, scattered=30)
  [..] 000112: spawn camera
  [..] 000112: settle (no listener)
  [..] 000112: tick 10/50
  [..] 000112: tick 20/50
  [..] 000112: tick 30/50
  [..] 000112: tick 40/50
  [..] 000112: tick 50/50
  [..] 000112: cam.listen (skip 20 stale frames)
  [OK] 000112.png  (Town04, ClearNoon, sun=39°, dist=9m, lat=-1.0, hdg=-4°, npcs=45)
  [..] 000112: finally start
  [..] 000112: drain tick
  [..] 000112: destroy cam
  [..] 000112: destroy 45 npcs
  [..] 000112: destroy leader
  [..] 000112: destroy follower
  [..] 000112: post-cleanup tick
  [..] 000112: finally end
  [SKIP] 000113: no valid lane at shift=+1 from follower lane
  [..] 000114: spawn follower
  [..] 000114: spawn leader
  [..] 000114: spawn NPCs (near=15, scattered=30)
  [..] 000114: spawn camera
  [..] 000114: settle (no listener)
  [..] 000114: tick 10/50
  [..] 000114: tick 20/50
  [..] 000114: tick 30/50
  [..] 000114: tick 40/50
  [..] 000114: tick 50/50
  [..] 000114: cam.listen (skip 20 stale frames)
  [OK] 000114.png  (Town04, CloudyNoon, sun=57°, dist=9m, lat=-1.0, hdg=-5°, npcs=45)
  [..] 000114: finally start
  [..] 000114: drain tick
  [..] 000114: destroy cam
  [..] 000114: destroy 45 npcs
  [..] 000114: destroy leader
  [..] 000114: destroy follower
  [..] 000114: post-cleanup tick
  [..] 000114: finally end
  [..] 000115: spawn follower
  [..] 000115: spawn leader
  [..] 000115: spawn NPCs (near=15, scattered=30)
  [..] 000115: spawn camera
  [..] 000115: settle (no listener)
  [..] 000115: tick 10/50
  [..] 000115: tick 20/50
  [..] 000115: tick 30/50
  [..] 000115: tick 40/50
  [..] 000115: tick 50/50
  [..] 000115: cam.listen (skip 20 stale frames)
  [OK] 000115.png  (Town04, MidRainyNoon, sun=40°, dist=8m, lat=+0.0, hdg=+3°, npcs=45)
  [..] 000115: finally start
  [..] 000115: drain tick
  [..] 000115: destroy cam
  [..] 000115: destroy 45 npcs
  [..] 000115: destroy leader
  [..] 000115: destroy follower
  [..] 000115: post-cleanup tick
  [..] 000115: finally end
  [..] 000116: spawn follower
  [..] 000116: spawn leader
  [..] 000116: spawn NPCs (near=15, scattered=30)
  [..] 000116: spawn camera
  [..] 000116: settle (no listener)
  [..] 000116: tick 10/50
  [..] 000116: tick 20/50
  [..] 000116: tick 30/50
  [..] 000116: tick 40/50
  [..] 000116: tick 50/50
  [..] 000116: cam.listen (skip 20 stale frames)
  [OK] 000116.png  (Town04, MidRainyNoon, sun=26°, dist=17m, lat=+1.0, hdg=+0°, npcs=45)
  [..] 000116: finally start
  [..] 000116: drain tick
  [..] 000116: destroy cam
  [..] 000116: destroy 45 npcs
  [..] 000116: destroy leader
  [..] 000116: destroy follower
  [..] 000116: post-cleanup tick
  [..] 000116: finally end
  [..] 000117: spawn follower
  [..] 000117: spawn leader
  [..] 000117: spawn NPCs (near=15, scattered=30)
  [..] 000117: spawn camera
  [..] 000117: settle (no listener)
  [..] 000117: tick 10/50
  [..] 000117: tick 20/50
  [..] 000117: tick 30/50
  [..] 000117: tick 40/50
  [..] 000117: tick 50/50
  [..] 000117: cam.listen (skip 20 stale frames)
  [OK] 000117.png  (Town04, ClearNoon, sun=35°, dist=13m, lat=+0.0, hdg=-0°, npcs=45)
  [..] 000117: finally start
  [..] 000117: drain tick
  [..] 000117: destroy cam
  [..] 000117: destroy 45 npcs
  [..] 000117: destroy leader
  [..] 000117: destroy follower
  [..] 000117: post-cleanup tick
  [..] 000117: finally end
  [..] 000118: spawn follower
  [..] 000118: spawn leader
  [..] 000118: spawn NPCs (near=15, scattered=30)
  [..] 000118: spawn camera
  [..] 000118: settle (no listener)
  [..] 000118: tick 10/50
  [..] 000118: tick 20/50
  [..] 000118: tick 30/50
  [..] 000118: tick 40/50
  [..] 000118: tick 50/50
  [..] 000118: cam.listen (skip 20 stale frames)
  [OK] 000118.png  (Town04, CloudyNoon, sun=52°, dist=14m, lat=-1.0, hdg=+0°, npcs=45)
  [..] 000118: finally start
  [..] 000118: drain tick
  [..] 000118: destroy cam
  [..] 000118: destroy 45 npcs
  [..] 000118: destroy leader
  [..] 000118: destroy follower
  [..] 000118: post-cleanup tick
  [..] 000118: finally end
  [..] 000119: spawn follower
  [..] 000119: spawn leader
  [..] 000119: spawn NPCs (near=15, scattered=30)
  [..] 000119: spawn camera
  [..] 000119: settle (no listener)
  [..] 000119: tick 10/50
  [..] 000119: tick 20/50
  [..] 000119: tick 30/50
  [..] 000119: tick 40/50
  [..] 000119: tick 50/50
  [..] 000119: cam.listen (skip 20 stale frames)
  [OK] 000119.png  (Town04, CloudyNoon, sun=27°, dist=14m, lat=+0.0, hdg=+1°, npcs=45)
  [..] 000119: finally start
  [..] 000119: drain tick
  [..] 000119: destroy cam
  [..] 000119: destroy 45 npcs
  [..] 000119: destroy leader
  [..] 000119: destroy follower
  [..] 000119: post-cleanup tick
  [..] 000119: finally end
  [SKIP] 000120: no valid lane at shift=+1 from follower lane
  [..] 000121: spawn follower
  [..] 000121: spawn leader
  [..] 000121: spawn NPCs (near=15, scattered=30)
  [..] 000121: spawn camera
  [..] 000121: settle (no listener)
  [..] 000121: tick 10/50
  [..] 000121: tick 20/50
  [..] 000121: tick 30/50
  [..] 000121: tick 40/50
  [..] 000121: tick 50/50
  [..] 000121: cam.listen (skip 20 stale frames)
  [OK] 000121.png  (Town04, CloudyNoon, sun=32°, dist=11m, lat=+0.0, hdg=-2°, npcs=45)
  [..] 000121: finally start
  [..] 000121: drain tick
  [..] 000121: destroy cam
  [..] 000121: destroy 45 npcs
  [..] 000121: destroy leader
  [..] 000121: destroy follower
  [..] 000121: post-cleanup tick
  [..] 000121: finally end
  [..] 000122: spawn follower
  [..] 000122: spawn leader
  [..] 000122: spawn NPCs (near=15, scattered=30)
  [..] 000122: spawn camera
  [..] 000122: settle (no listener)
  [..] 000122: tick 10/50
  [..] 000122: tick 20/50
  [..] 000122: tick 30/50
  [..] 000122: tick 40/50
  [..] 000122: tick 50/50
  [..] 000122: cam.listen (skip 20 stale frames)
  [OK] 000122.png  (Town04, ClearNoon, sun=40°, dist=10m, lat=+0.0, hdg=+5°, npcs=45)
  [..] 000122: finally start
  [..] 000122: drain tick
  [..] 000122: destroy cam
  [..] 000122: destroy 45 npcs
  [..] 000122: destroy leader
  [..] 000122: destroy follower
  [..] 000122: post-cleanup tick
  [..] 000122: finally end
  [..] 000123: spawn follower
  [..] 000123: spawn leader
  [..] 000123: spawn NPCs (near=15, scattered=30)
  [..] 000123: spawn camera
  [..] 000123: settle (no listener)
  [..] 000123: tick 10/50
  [..] 000123: tick 20/50
  [..] 000123: tick 30/50
  [..] 000123: tick 40/50
  [..] 000123: tick 50/50
  [..] 000123: cam.listen (skip 20 stale frames)
  [OK] 000123.png  (Town04, WetNoon, sun=46°, dist=16m, lat=-1.0, hdg=+2°, npcs=45)
  [..] 000123: finally start
  [..] 000123: drain tick
  [..] 000123: destroy cam
  [..] 000123: destroy 45 npcs
  [..] 000123: destroy leader
  [..] 000123: destroy follower
  [..] 000123: post-cleanup tick
  [..] 000123: finally end
  [..] 000124: spawn follower
  [..] 000124: spawn leader
  [..] 000124: spawn NPCs (near=15, scattered=30)
  [..] 000124: spawn camera
  [..] 000124: settle (no listener)
  [..] 000124: tick 10/50
  [..] 000124: tick 20/50
  [..] 000124: tick 30/50
  [..] 000124: tick 40/50
  [..] 000124: tick 50/50
  [..] 000124: cam.listen (skip 20 stale frames)
  [OK] 000124.png  (Town04, WetNoon, sun=50°, dist=13m, lat=-1.0, hdg=-1°, npcs=45)
  [..] 000124: finally start
  [..] 000124: drain tick
  [..] 000124: destroy cam
  [..] 000124: destroy 45 npcs
  [..] 000124: destroy leader
  [..] 000124: destroy follower
  [..] 000124: post-cleanup tick
  [..] 000124: finally end
  [..] 000125: spawn follower
  [..] 000125: spawn leader
  [..] 000125: spawn NPCs (near=15, scattered=30)
  [..] 000125: spawn camera
  [..] 000125: settle (no listener)
  [..] 000125: tick 10/50
  [..] 000125: tick 20/50
  [..] 000125: tick 30/50
  [..] 000125: tick 40/50
  [..] 000125: tick 50/50
  [..] 000125: cam.listen (skip 20 stale frames)
  [OK] 000125.png  (Town04, ClearNoon, sun=25°, dist=12m, lat=+0.0, hdg=-0°, npcs=45)
  [..] 000125: finally start
  [..] 000125: drain tick
  [..] 000125: destroy cam
  [..] 000125: destroy 45 npcs
  [..] 000125: destroy leader
  [..] 000125: destroy follower
  [..] 000125: post-cleanup tick
  [..] 000125: finally end
  [..] 000126: spawn follower
  [..] 000126: spawn leader
  [..] 000126: spawn NPCs (near=15, scattered=30)
  [..] 000126: spawn camera
  [..] 000126: settle (no listener)
  [..] 000126: tick 10/50
  [..] 000126: tick 20/50
  [..] 000126: tick 30/50
  [..] 000126: tick 40/50
  [..] 000126: tick 50/50
  [..] 000126: cam.listen (skip 20 stale frames)
  [OK] 000126.png  (Town04, MidRainyNoon, sun=27°, dist=14m, lat=+0.0, hdg=+1°, npcs=45)
  [..] 000126: finally start
  [..] 000126: drain tick
  [..] 000126: destroy cam
  [..] 000126: destroy 45 npcs
  [..] 000126: destroy leader
  [..] 000126: destroy follower
  [..] 000126: post-cleanup tick
  [..] 000126: finally end
  [..] 000127: spawn follower
  [..] 000127: spawn leader
  [..] 000127: spawn NPCs (near=15, scattered=30)
  [..] 000127: spawn camera
  [..] 000127: settle (no listener)
  [..] 000127: tick 10/50
  [..] 000127: tick 20/50
  [..] 000127: tick 30/50
  [..] 000127: tick 40/50
  [..] 000127: tick 50/50
  [..] 000127: cam.listen (skip 20 stale frames)
  [OK] 000127.png  (Town04, ClearNoon, sun=41°, dist=13m, lat=+0.0, hdg=+2°, npcs=45)
  [..] 000127: finally start
  [..] 000127: drain tick
  [..] 000127: destroy cam
  [..] 000127: destroy 45 npcs
  [..] 000127: destroy leader
  [..] 000127: destroy follower
  [..] 000127: post-cleanup tick
  [..] 000127: finally end
  [..] 000128: spawn follower
  [..] 000128: spawn leader
  [..] 000128: spawn NPCs (near=15, scattered=30)
  [..] 000128: spawn camera
  [..] 000128: settle (no listener)
  [..] 000128: tick 10/50
  [..] 000128: tick 20/50
  [..] 000128: tick 30/50
  [..] 000128: tick 40/50
  [..] 000128: tick 50/50
  [..] 000128: cam.listen (skip 20 stale frames)
  [OK] 000128.png  (Town04, MidRainyNoon, sun=63°, dist=15m, lat=+1.0, hdg=-3°, npcs=45)
  [..] 000128: finally start
  [..] 000128: drain tick
  [..] 000128: destroy cam
  [..] 000128: destroy 45 npcs
  [..] 000128: destroy leader
  [..] 000128: destroy follower
  [..] 000128: post-cleanup tick
  [..] 000128: finally end
  [..] 000129: spawn follower
  [..] 000129: spawn leader
  [..] 000129: spawn NPCs (near=15, scattered=30)
  [..] 000129: spawn camera
  [..] 000129: settle (no listener)
  [..] 000129: tick 10/50
  [..] 000129: tick 20/50
  [..] 000129: tick 30/50
  [..] 000129: tick 40/50
  [..] 000129: tick 50/50
  [..] 000129: cam.listen (skip 20 stale frames)
  [OK] 000129.png  (Town04, CloudyNoon, sun=45°, dist=16m, lat=+1.0, hdg=+1°, npcs=45)
  [..] 000129: finally start
  [..] 000129: drain tick
  [..] 000129: destroy cam
  [..] 000129: destroy 45 npcs
  [..] 000129: destroy leader
  [..] 000129: destroy follower
  [..] 000129: post-cleanup tick
  [..] 000129: finally end
  [..] 000130: spawn follower
  [..] 000130: spawn leader
  [..] 000130: spawn NPCs (near=15, scattered=30)
  [..] 000130: spawn camera
  [..] 000130: settle (no listener)
  [..] 000130: tick 10/50
  [..] 000130: tick 20/50
  [..] 000130: tick 30/50
  [..] 000130: tick 40/50
  [..] 000130: tick 50/50
  [..] 000130: cam.listen (skip 20 stale frames)
  [OK] 000130.png  (Town04, WetNoon, sun=41°, dist=15m, lat=-1.0, hdg=-1°, npcs=45)
  [..] 000130: finally start
  [..] 000130: drain tick
  [..] 000130: destroy cam
  [..] 000130: destroy 45 npcs
  [..] 000130: destroy leader
  [..] 000130: destroy follower
  [..] 000130: post-cleanup tick
  [..] 000130: finally end
  [SKIP] 000131: no valid lane at shift=+1 from follower lane
  [..] 000132: spawn follower
  [..] 000132: spawn leader
  [..] 000132: spawn NPCs (near=15, scattered=30)
  [..] 000132: spawn camera
  [..] 000132: settle (no listener)
  [..] 000132: tick 10/50
  [..] 000132: tick 20/50
  [..] 000132: tick 30/50
  [..] 000132: tick 40/50
  [..] 000132: tick 50/50
  [..] 000132: cam.listen (skip 20 stale frames)
  [OK] 000132.png  (Town04, WetNoon, sun=39°, dist=7m, lat=+0.0, hdg=+3°, npcs=45)
  [..] 000132: finally start
  [..] 000132: drain tick
  [..] 000132: destroy cam
  [..] 000132: destroy 45 npcs
  [..] 000132: destroy leader
  [..] 000132: destroy follower
  [..] 000132: post-cleanup tick
  [..] 000132: finally end
  [..] 000133: spawn follower
  [..] 000133: spawn leader
  [..] 000133: spawn NPCs (near=15, scattered=30)
  [..] 000133: spawn camera
  [..] 000133: settle (no listener)
  [..] 000133: tick 10/50
  [..] 000133: tick 20/50
  [..] 000133: tick 30/50
  [..] 000133: tick 40/50
  [..] 000133: tick 50/50
  [..] 000133: cam.listen (skip 20 stale frames)
  [OK] 000133.png  (Town04, MidRainyNoon, sun=60°, dist=11m, lat=+1.0, hdg=+3°, npcs=45)
  [..] 000133: finally start
  [..] 000133: drain tick
  [..] 000133: destroy cam
  [..] 000133: destroy 45 npcs
  [..] 000133: destroy leader
  [..] 000133: destroy follower
  [..] 000133: post-cleanup tick
  [..] 000133: finally end
  [SKIP] 000134: no valid lane at shift=+1 from follower lane
  [..] 000135: spawn follower
  [..] 000135: spawn leader
  [..] 000135: spawn NPCs (near=15, scattered=30)
  [..] 000135: spawn camera
  [..] 000135: settle (no listener)
  [..] 000135: tick 10/50
  [..] 000135: tick 20/50
  [..] 000135: tick 30/50
  [..] 000135: tick 40/50
  [..] 000135: tick 50/50
  [..] 000135: cam.listen (skip 20 stale frames)
  [OK] 000135.png  (Town04, ClearNoon, sun=48°, dist=12m, lat=+0.0, hdg=+3°, npcs=45)
  [..] 000135: finally start
  [..] 000135: drain tick
  [..] 000135: destroy cam
  [..] 000135: destroy 45 npcs
  [..] 000135: destroy leader
  [..] 000135: destroy follower
  [..] 000135: post-cleanup tick
  [..] 000135: finally end
  [..] 000136: spawn follower
  [..] 000136: spawn leader
  [..] 000136: spawn NPCs (near=15, scattered=30)
  [..] 000136: spawn camera
  [..] 000136: settle (no listener)
  [..] 000136: tick 10/50
  [..] 000136: tick 20/50
  [..] 000136: tick 30/50
  [..] 000136: tick 40/50
  [..] 000136: tick 50/50
  [..] 000136: cam.listen (skip 20 stale frames)
  [OK] 000136.png  (Town04, WetNoon, sun=49°, dist=8m, lat=+0.0, hdg=-1°, npcs=45)
  [..] 000136: finally start
  [..] 000136: drain tick
  [..] 000136: destroy cam
  [..] 000136: destroy 45 npcs
  [..] 000136: destroy leader
  [..] 000136: destroy follower
  [..] 000136: post-cleanup tick
  [..] 000136: finally end
  [SKIP] 000137: no valid lane at shift=+1 from follower lane
  [..] 000138: spawn follower
  [..] 000138: spawn leader
  [..] 000138: spawn NPCs (near=15, scattered=30)
  [..] 000138: spawn camera
  [..] 000138: settle (no listener)
  [..] 000138: tick 10/50
  [..] 000138: tick 20/50
  [..] 000138: tick 30/50
  [..] 000138: tick 40/50
  [..] 000138: tick 50/50
  [..] 000138: cam.listen (skip 20 stale frames)
  [OK] 000138.png  (Town04, ClearNoon, sun=34°, dist=14m, lat=-1.0, hdg=+2°, npcs=45)
  [..] 000138: finally start
  [..] 000138: drain tick
  [..] 000138: destroy cam
  [..] 000138: destroy 45 npcs
  [..] 000138: destroy leader
  [..] 000138: destroy follower
  [..] 000138: post-cleanup tick
  [..] 000138: finally end
  [..] 000139: spawn follower
  [..] 000139: spawn leader
  [..] 000139: spawn NPCs (near=15, scattered=30)
  [..] 000139: spawn camera
  [..] 000139: settle (no listener)
  [..] 000139: tick 10/50
  [..] 000139: tick 20/50
  [..] 000139: tick 30/50
  [..] 000139: tick 40/50
  [..] 000139: tick 50/50
  [..] 000139: cam.listen (skip 20 stale frames)
  [OK] 000139.png  (Town04, CloudyNoon, sun=39°, dist=14m, lat=+0.0, hdg=+3°, npcs=45)
  [..] 000139: finally start
  [..] 000139: drain tick
  [..] 000139: destroy cam
  [..] 000139: destroy 45 npcs
  [..] 000139: destroy leader
  [..] 000139: destroy follower
  [..] 000139: post-cleanup tick
  [..] 000139: finally end
  [..] 000140: spawn follower
  [..] 000140: spawn leader
  [..] 000140: spawn NPCs (near=15, scattered=30)
  [..] 000140: spawn camera
  [..] 000140: settle (no listener)
  [..] 000140: tick 10/50
  [..] 000140: tick 20/50
  [..] 000140: tick 30/50
  [..] 000140: tick 40/50
  [..] 000140: tick 50/50
  [..] 000140: cam.listen (skip 20 stale frames)
  [OK] 000140.png  (Town04, MidRainyNoon, sun=42°, dist=10m, lat=-1.0, hdg=+4°, npcs=45)
  [..] 000140: finally start
  [..] 000140: drain tick
  [..] 000140: destroy cam
  [..] 000140: destroy 45 npcs
  [..] 000140: destroy leader
  [..] 000140: destroy follower
  [..] 000140: post-cleanup tick
  [..] 000140: finally end
  [SKIP] 000141: no valid lane at shift=-1 from follower lane
  [..] 000142: spawn follower
  [..] 000142: spawn leader
  [..] 000142: spawn NPCs (near=15, scattered=30)
  [..] 000142: spawn camera
  [..] 000142: settle (no listener)
  [..] 000142: tick 10/50
  [..] 000142: tick 20/50
  [..] 000142: tick 30/50
  [..] 000142: tick 40/50
  [..] 000142: tick 50/50
  [..] 000142: cam.listen (skip 20 stale frames)
  [OK] 000142.png  (Town04, MidRainyNoon, sun=36°, dist=15m, lat=-1.0, hdg=-0°, npcs=45)
  [..] 000142: finally start
  [..] 000142: drain tick
  [..] 000142: destroy cam
  [..] 000142: destroy 45 npcs
  [..] 000142: destroy leader
  [..] 000142: destroy follower
  [..] 000142: post-cleanup tick
  [..] 000142: finally end
  [..] 000143: spawn follower
  [..] 000143: spawn leader
  [..] 000143: spawn NPCs (near=15, scattered=30)
  [..] 000143: spawn camera
  [..] 000143: settle (no listener)
  [..] 000143: tick 10/50
  [..] 000143: tick 20/50
  [..] 000143: tick 30/50
  [..] 000143: tick 40/50
  [..] 000143: tick 50/50
  [..] 000143: cam.listen (skip 20 stale frames)
  [OK] 000143.png  (Town04, ClearNoon, sun=30°, dist=13m, lat=+0.0, hdg=-1°, npcs=45)
  [..] 000143: finally start
  [..] 000143: drain tick
  [..] 000143: destroy cam
  [..] 000143: destroy 45 npcs
  [..] 000143: destroy leader
  [..] 000143: destroy follower
  [..] 000143: post-cleanup tick
  [..] 000143: finally end
  [..] 000144: spawn follower
  [..] 000144: spawn leader
  [..] 000144: spawn NPCs (near=15, scattered=30)
  [..] 000144: spawn camera
  [..] 000144: settle (no listener)
  [..] 000144: tick 10/50
  [..] 000144: tick 20/50
  [..] 000144: tick 30/50
  [..] 000144: tick 40/50
  [..] 000144: tick 50/50
  [..] 000144: cam.listen (skip 20 stale frames)
  [OK] 000144.png  (Town04, WetNoon, sun=62°, dist=7m, lat=-1.0, hdg=+2°, npcs=45)
  [..] 000144: finally start
  [..] 000144: drain tick
  [..] 000144: destroy cam
  [..] 000144: destroy 45 npcs
  [..] 000144: destroy leader
  [..] 000144: destroy follower
  [..] 000144: post-cleanup tick
  [..] 000144: finally end
  [..] 000145: spawn follower
  [..] 000145: spawn leader
  [..] 000145: spawn NPCs (near=15, scattered=30)
  [..] 000145: spawn camera
  [..] 000145: settle (no listener)
  [..] 000145: tick 10/50
  [..] 000145: tick 20/50
  [..] 000145: tick 30/50
  [..] 000145: tick 40/50
  [..] 000145: tick 50/50
  [..] 000145: cam.listen (skip 20 stale frames)
  [OK] 000145.png  (Town04, ClearNoon, sun=68°, dist=15m, lat=-1.0, hdg=-3°, npcs=45)
  [..] 000145: finally start
  [..] 000145: drain tick
  [..] 000145: destroy cam
  [..] 000145: destroy 45 npcs
  [..] 000145: destroy leader
  [..] 000145: destroy follower
  [..] 000145: post-cleanup tick
  [..] 000145: finally end
  [..] 000146: spawn follower
  [..] 000146: spawn leader
  [..] 000146: spawn NPCs (near=15, scattered=30)
  [..] 000146: spawn camera
  [..] 000146: settle (no listener)
  [..] 000146: tick 10/50
  [..] 000146: tick 20/50
  [..] 000146: tick 30/50
  [..] 000146: tick 40/50
  [..] 000146: tick 50/50
  [..] 000146: cam.listen (skip 20 stale frames)
  [OK] 000146.png  (Town04, MidRainyNoon, sun=54°, dist=8m, lat=+0.0, hdg=-3°, npcs=45)
  [..] 000146: finally start
  [..] 000146: drain tick
  [..] 000146: destroy cam
  [..] 000146: destroy 45 npcs
  [..] 000146: destroy leader
  [..] 000146: destroy follower
  [..] 000146: post-cleanup tick
  [..] 000146: finally end
  [..] 000147: spawn follower
  [..] 000147: spawn leader
  [..] 000147: spawn NPCs (near=15, scattered=30)
  [..] 000147: spawn camera
  [..] 000147: settle (no listener)
  [..] 000147: tick 10/50
  [..] 000147: tick 20/50
  [..] 000147: tick 30/50
  [..] 000147: tick 40/50
  [..] 000147: tick 50/50
  [..] 000147: cam.listen (skip 20 stale frames)
  [OK] 000147.png  (Town04, ClearNoon, sun=61°, dist=18m, lat=+0.0, hdg=-1°, npcs=45)
  [..] 000147: finally start
  [..] 000147: drain tick
  [..] 000147: destroy cam
  [..] 000147: destroy 45 npcs
  [..] 000147: destroy leader
  [..] 000147: destroy follower
  [..] 000147: post-cleanup tick
  [..] 000147: finally end
  [..] 000148: spawn follower
  [..] 000148: spawn leader
  [..] 000148: spawn NPCs (near=15, scattered=30)
  [..] 000148: spawn camera
  [..] 000148: settle (no listener)
  [..] 000148: tick 10/50
  [..] 000148: tick 20/50
  [..] 000148: tick 30/50
  [..] 000148: tick 40/50
  [..] 000148: tick 50/50
  [..] 000148: cam.listen (skip 20 stale frames)
  [OK] 000148.png  (Town04, CloudyNoon, sun=68°, dist=14m, lat=-1.0, hdg=-1°, npcs=45)
  [..] 000148: finally start
  [..] 000148: drain tick
  [..] 000148: destroy cam
  [..] 000148: destroy 45 npcs
  [..] 000148: destroy leader
  [..] 000148: destroy follower
  [..] 000148: post-cleanup tick
  [..] 000148: finally end

Done. 148 frame(s) attempted → data/chroma_key_dataset/capture_20260602_202607
Index: data/chroma_key_dataset/capture_20260602_202607/captures_index.csv
[20:28:48] DONE
################################################################
# CHROMA-KEY CAPTURE — 2026-06-02 20:29:00
################################################################
  towns          : Town05
  weather        : ClearNoon CloudyNoon WetNoon MidRainyNoon
  sun_alts       : 70 55 40 25
  distances      : 6 10 14 18
  lateral_offs   : -1 0 1
  heading_offs   : -5 0 5
  npc_count      : 15  (radius 80 m)
  npc_scattered  : 30  (random across map)
  spawn_pool     : 6
  leader         : vehicle.carlamotors.carlacola
  follower       : vehicle.tesla.model3
  max_frames     : 99999
  shuffle        : 1
  continuous     : 1  (per-town: 50)
  sun_range      : 25 70
  dist_range     : 6 18
  heading_range  : -5 5
  seed           : 6752
  log            : data/chroma_key_dataset/capture_20260602_202607/run_capture.log

Connecting to CARLA at localhost:2000 (timeout=180s) ...
Continuous sampling: 50 attempts across 1 towns (50/town)
Sampled : 50 frame(s) (shuffled)
   Town05                50
Out     : data/chroma_key_dataset/capture_20260602_202607

[resume] appending to existing run, starting frame_id 000149

--- Loading Town05 ---
WARNING: Version mismatch detected: You are trying to connect to a simulator that might be incompatible with this API 
WARNING: Client API version     = 0.9.15 
WARNING: Simulator API version  = 0.9.15.2 
  warmup: 100 ticks
  [..] 000149: spawn follower
  [..] 000149: spawn leader
  [..] 000149: spawn NPCs (near=15, scattered=30)
  [..] 000149: spawn camera
  [..] 000149: settle (no listener)
  [..] 000149: tick 10/50
  [..] 000149: tick 20/50
  [..] 000149: tick 30/50
  [..] 000149: tick 40/50
  [..] 000149: tick 50/50
  [..] 000149: cam.listen (skip 20 stale frames)
  [OK] 000149.png  (Town05, CloudyNoon, sun=46°, dist=15m, lat=-1.0, hdg=+1°, npcs=45)
  [..] 000149: finally start
  [..] 000149: drain tick
  [..] 000149: destroy cam
  [..] 000149: destroy 45 npcs
  [..] 000149: destroy leader
  [..] 000149: destroy follower
  [..] 000149: post-cleanup tick
  [..] 000149: finally end
  [SKIP] 000150: no valid lane at shift=-1 from follower lane
  [..] 000151: spawn follower
  [..] 000151: spawn leader
  [..] 000151: spawn NPCs (near=15, scattered=30)
  [..] 000151: spawn camera
  [..] 000151: settle (no listener)
  [..] 000151: tick 10/50
  [..] 000151: tick 20/50
  [..] 000151: tick 30/50
  [..] 000151: tick 40/50
  [..] 000151: tick 50/50
  [..] 000151: cam.listen (skip 20 stale frames)
  [OK] 000151.png  (Town05, ClearNoon, sun=36°, dist=11m, lat=-1.0, hdg=-2°, npcs=45)
  [..] 000151: finally start
  [..] 000151: drain tick
  [..] 000151: destroy cam
  [..] 000151: destroy 45 npcs
  [..] 000151: destroy leader
  [..] 000151: destroy follower
  [..] 000151: post-cleanup tick
  [..] 000151: finally end
  [..] 000152: spawn follower
  [..] 000152: spawn leader
  [..] 000152: spawn NPCs (near=15, scattered=30)
  [..] 000152: spawn camera
  [..] 000152: settle (no listener)
  [..] 000152: tick 10/50
  [..] 000152: tick 20/50
  [..] 000152: tick 30/50
  [..] 000152: tick 40/50
  [..] 000152: tick 50/50
  [..] 000152: cam.listen (skip 20 stale frames)
  [OK] 000152.png  (Town05, MidRainyNoon, sun=33°, dist=12m, lat=+0.0, hdg=-0°, npcs=45)
  [..] 000152: finally start
  [..] 000152: drain tick
  [..] 000152: destroy cam
  [..] 000152: destroy 45 npcs
  [..] 000152: destroy leader
  [..] 000152: destroy follower
  [..] 000152: post-cleanup tick
  [..] 000152: finally end
  [..] 000153: spawn follower
  [..] 000153: spawn leader
  [..] 000153: spawn NPCs (near=15, scattered=30)
  [..] 000153: spawn camera
  [..] 000153: settle (no listener)
  [..] 000153: tick 10/50
  [..] 000153: tick 20/50
  [..] 000153: tick 30/50
  [..] 000153: tick 40/50
  [..] 000153: tick 50/50
  [..] 000153: cam.listen (skip 20 stale frames)
  [OK] 000153.png  (Town05, ClearNoon, sun=44°, dist=14m, lat=-1.0, hdg=+0°, npcs=45)
  [..] 000153: finally start
  [..] 000153: drain tick
  [..] 000153: destroy cam
  [..] 000153: destroy 45 npcs
  [..] 000153: destroy leader
  [..] 000153: destroy follower
  [..] 000153: post-cleanup tick
  [..] 000153: finally end
  [..] 000154: spawn follower
  [..] 000154: spawn leader
  [..] 000154: spawn NPCs (near=15, scattered=30)
  [..] 000154: spawn camera
  [..] 000154: settle (no listener)
  [..] 000154: tick 10/50
  [..] 000154: tick 20/50
  [..] 000154: tick 30/50
  [..] 000154: tick 40/50
  [..] 000154: tick 50/50
  [..] 000154: cam.listen (skip 20 stale frames)
  [OK] 000154.png  (Town05, WetNoon, sun=55°, dist=7m, lat=-1.0, hdg=+2°, npcs=45)
  [..] 000154: finally start
  [..] 000154: drain tick
  [..] 000154: destroy cam
  [..] 000154: destroy 45 npcs
  [..] 000154: destroy leader
  [..] 000154: destroy follower
  [..] 000154: post-cleanup tick
  [..] 000154: finally end
  [..] 000155: spawn follower
  [..] 000155: spawn leader
  [..] 000155: spawn NPCs (near=15, scattered=30)
  [..] 000155: spawn camera
  [..] 000155: settle (no listener)
  [..] 000155: tick 10/50
  [..] 000155: tick 20/50
  [..] 000155: tick 30/50
  [..] 000155: tick 40/50
  [..] 000155: tick 50/50
  [..] 000155: cam.listen (skip 20 stale frames)
  [OK] 000155.png  (Town05, MidRainyNoon, sun=65°, dist=12m, lat=-1.0, hdg=+1°, npcs=45)
  [..] 000155: finally start
  [..] 000155: drain tick
  [..] 000155: destroy cam
  [..] 000155: destroy 45 npcs
  [..] 000155: destroy leader
  [..] 000155: destroy follower
  [..] 000155: post-cleanup tick
  [..] 000155: finally end
  [SKIP] 000156: no valid lane at shift=+1 from follower lane
  [SKIP] 000157: no valid lane at shift=+1 from follower lane
  [SKIP] 000158: no valid lane at shift=-1 from follower lane
  [..] 000159: spawn follower
  [..] 000159: spawn leader
  [..] 000159: spawn NPCs (near=15, scattered=30)
  [..] 000159: spawn camera
  [..] 000159: settle (no listener)
  [..] 000159: tick 10/50
  [..] 000159: tick 20/50
  [..] 000159: tick 30/50
  [..] 000159: tick 40/50
  [..] 000159: tick 50/50
  [..] 000159: cam.listen (skip 20 stale frames)
  [OK] 000159.png  (Town05, ClearNoon, sun=28°, dist=14m, lat=-1.0, hdg=-3°, npcs=45)
  [..] 000159: finally start
  [..] 000159: drain tick
  [..] 000159: destroy cam
  [..] 000159: destroy 45 npcs
  [..] 000159: destroy leader
  [..] 000159: destroy follower
  [..] 000159: post-cleanup tick
  [..] 000159: finally end
  [SKIP] 000160: no valid lane at shift=+1 from follower lane
  [SKIP] 000161: no valid lane at shift=+1 from follower lane
  [..] 000162: spawn follower
  [..] 000162: spawn leader
  [..] 000162: spawn NPCs (near=15, scattered=30)
  [..] 000162: spawn camera
  [..] 000162: settle (no listener)
  [..] 000162: tick 10/50
  [..] 000162: tick 20/50
  [..] 000162: tick 30/50
  [..] 000162: tick 40/50
  [..] 000162: tick 50/50
  [..] 000162: cam.listen (skip 20 stale frames)
  [OK] 000162.png  (Town05, WetNoon, sun=59°, dist=14m, lat=+0.0, hdg=+3°, npcs=45)
  [..] 000162: finally start
  [..] 000162: drain tick
  [..] 000162: destroy cam
  [..] 000162: destroy 45 npcs
  [..] 000162: destroy leader
  [..] 000162: destroy follower
  [..] 000162: post-cleanup tick
  [..] 000162: finally end
  [..] 000163: spawn follower
  [..] 000163: spawn leader
  [..] 000163: spawn NPCs (near=15, scattered=30)
  [..] 000163: spawn camera
  [..] 000163: settle (no listener)
  [..] 000163: tick 10/50
  [..] 000163: tick 20/50
  [..] 000163: tick 30/50
  [..] 000163: tick 40/50
  [..] 000163: tick 50/50
  [..] 000163: cam.listen (skip 20 stale frames)
  [OK] 000163.png  (Town05, ClearNoon, sun=40°, dist=12m, lat=+0.0, hdg=-5°, npcs=45)
  [..] 000163: finally start
  [..] 000163: drain tick
  [..] 000163: destroy cam
  [..] 000163: destroy 45 npcs
  [..] 000163: destroy leader
  [..] 000163: destroy follower
  [..] 000163: post-cleanup tick
  [..] 000163: finally end
  [SKIP] 000164: no valid lane at shift=+1 from follower lane
  [SKIP] 000165: no valid lane at shift=-1 from follower lane
  [..] 000166: spawn follower
  [..] 000166: spawn leader
  [..] 000166: spawn NPCs (near=15, scattered=30)
  [..] 000166: spawn camera
  [..] 000166: settle (no listener)
  [..] 000166: tick 10/50
  [..] 000166: tick 20/50
  [..] 000166: tick 30/50
  [..] 000166: tick 40/50
  [..] 000166: tick 50/50
  [..] 000166: cam.listen (skip 20 stale frames)
  [OK] 000166.png  (Town05, CloudyNoon, sun=35°, dist=14m, lat=+1.0, hdg=+4°, npcs=45)
  [..] 000166: finally start
  [..] 000166: drain tick
  [..] 000166: destroy cam
  [..] 000166: destroy 45 npcs
  [..] 000166: destroy leader
  [..] 000166: destroy follower
  [..] 000166: post-cleanup tick
  [..] 000166: finally end
  [..] 000167: spawn follower
  [..] 000167: spawn leader
  [..] 000167: spawn NPCs (near=15, scattered=30)
  [..] 000167: spawn camera
  [..] 000167: settle (no listener)
  [..] 000167: tick 10/50
  [..] 000167: tick 20/50
  [..] 000167: tick 30/50
  [..] 000167: tick 40/50
  [..] 000167: tick 50/50
  [..] 000167: cam.listen (skip 20 stale frames)
  [OK] 000167.png  (Town05, CloudyNoon, sun=52°, dist=16m, lat=+1.0, hdg=+3°, npcs=45)
  [..] 000167: finally start
  [..] 000167: drain tick
  [..] 000167: destroy cam
  [..] 000167: destroy 45 npcs
  [..] 000167: destroy leader
  [..] 000167: destroy follower
  [..] 000167: post-cleanup tick
  [..] 000167: finally end
  [SKIP] 000168: no valid lane at shift=-1 from follower lane
  [..] 000169: spawn follower
  [..] 000169: spawn leader
  [..] 000169: spawn NPCs (near=15, scattered=30)
  [..] 000169: spawn camera
  [..] 000169: settle (no listener)
  [..] 000169: tick 10/50
  [..] 000169: tick 20/50
  [..] 000169: tick 30/50
  [..] 000169: tick 40/50
  [..] 000169: tick 50/50
  [..] 000169: cam.listen (skip 20 stale frames)
  [OK] 000169.png  (Town05, CloudyNoon, sun=31°, dist=17m, lat=-1.0, hdg=-2°, npcs=45)
  [..] 000169: finally start
  [..] 000169: drain tick
  [..] 000169: destroy cam
  [..] 000169: destroy 45 npcs
  [..] 000169: destroy leader
  [..] 000169: destroy follower
  [..] 000169: post-cleanup tick
  [..] 000169: finally end
  [..] 000170: spawn follower
  [..] 000170: spawn leader
  [..] 000170: spawn NPCs (near=15, scattered=30)
  [..] 000170: spawn camera
  [..] 000170: settle (no listener)
  [..] 000170: tick 10/50
  [..] 000170: tick 20/50
  [..] 000170: tick 30/50
  [..] 000170: tick 40/50
  [..] 000170: tick 50/50
  [..] 000170: cam.listen (skip 20 stale frames)
  [OK] 000170.png  (Town05, ClearNoon, sun=29°, dist=8m, lat=+0.0, hdg=-4°, npcs=45)
  [..] 000170: finally start
  [..] 000170: drain tick
  [..] 000170: destroy cam
  [..] 000170: destroy 45 npcs
  [..] 000170: destroy leader
  [..] 000170: destroy follower
  [..] 000170: post-cleanup tick
  [..] 000170: finally end
  [..] 000171: spawn follower
  [..] 000171: spawn leader
  [..] 000171: spawn NPCs (near=15, scattered=30)
  [..] 000171: spawn camera
  [..] 000171: settle (no listener)
  [..] 000171: tick 10/50
  [..] 000171: tick 20/50
  [..] 000171: tick 30/50
  [..] 000171: tick 40/50
  [..] 000171: tick 50/50
  [..] 000171: cam.listen (skip 20 stale frames)
  [OK] 000171.png  (Town05, ClearNoon, sun=44°, dist=13m, lat=+0.0, hdg=+5°, npcs=45)
  [..] 000171: finally start
  [..] 000171: drain tick
  [..] 000171: destroy cam
  [..] 000171: destroy 45 npcs
  [..] 000171: destroy leader
  [..] 000171: destroy follower
  [..] 000171: post-cleanup tick
  [..] 000171: finally end
  [SKIP] 000172: no valid lane at shift=-1 from follower lane
  [..] 000173: spawn follower
  [..] 000173: spawn leader
  [..] 000173: spawn NPCs (near=15, scattered=30)
  [..] 000173: spawn camera
  [..] 000173: settle (no listener)
  [..] 000173: tick 10/50
  [..] 000173: tick 20/50
  [..] 000173: tick 30/50
  [..] 000173: tick 40/50
  [..] 000173: tick 50/50
  [..] 000173: cam.listen (skip 20 stale frames)
  [OK] 000173.png  (Town05, ClearNoon, sun=32°, dist=16m, lat=+0.0, hdg=-5°, npcs=45)
  [..] 000173: finally start
  [..] 000173: drain tick
  [..] 000173: destroy cam
  [..] 000173: destroy 45 npcs
  [..] 000173: destroy leader
  [..] 000173: destroy follower
  [..] 000173: post-cleanup tick
  [..] 000173: finally end
  [..] 000174: spawn follower
  [..] 000174: spawn leader
  [..] 000174: spawn NPCs (near=15, scattered=30)
  [..] 000174: spawn camera
  [..] 000174: settle (no listener)
  [..] 000174: tick 10/50
  [..] 000174: tick 20/50
  [..] 000174: tick 30/50
  [..] 000174: tick 40/50
  [..] 000174: tick 50/50
  [..] 000174: cam.listen (skip 20 stale frames)
  [OK] 000174.png  (Town05, MidRainyNoon, sun=30°, dist=13m, lat=+1.0, hdg=+2°, npcs=45)
  [..] 000174: finally start
  [..] 000174: drain tick
  [..] 000174: destroy cam
  [..] 000174: destroy 45 npcs
  [..] 000174: destroy leader
  [..] 000174: destroy follower
  [..] 000174: post-cleanup tick
  [..] 000174: finally end
  [SKIP] 000175: no valid lane at shift=-1 from follower lane
  [SKIP] 000176: no valid lane at shift=+1 from follower lane
  [SKIP] 000177: no valid lane at shift=-1 from follower lane
  [..] 000178: spawn follower
  [..] 000178: spawn leader
  [..] 000178: spawn NPCs (near=15, scattered=30)
  [..] 000178: spawn camera
  [..] 000178: settle (no listener)
  [..] 000178: tick 10/50
  [..] 000178: tick 20/50
  [..] 000178: tick 30/50
  [..] 000178: tick 40/50
  [..] 000178: tick 50/50
  [..] 000178: cam.listen (skip 20 stale frames)
  [OK] 000178.png  (Town05, ClearNoon, sun=44°, dist=18m, lat=-1.0, hdg=+2°, npcs=45)
  [..] 000178: finally start
  [..] 000178: drain tick
  [..] 000178: destroy cam
  [..] 000178: destroy 45 npcs
  [..] 000178: destroy leader
  [..] 000178: destroy follower
  [..] 000178: post-cleanup tick
  [..] 000178: finally end
  [SKIP] 000179: no valid lane at shift=+1 from follower lane
  [..] 000180: spawn follower
  [..] 000180: spawn leader
  [..] 000180: spawn NPCs (near=15, scattered=30)
  [..] 000180: spawn camera
  [..] 000180: settle (no listener)
  [..] 000180: tick 10/50
  [..] 000180: tick 20/50
  [..] 000180: tick 30/50
  [..] 000180: tick 40/50
  [..] 000180: tick 50/50
  [..] 000180: cam.listen (skip 20 stale frames)
  [OK] 000180.png  (Town05, MidRainyNoon, sun=63°, dist=12m, lat=+1.0, hdg=+0°, npcs=45)
  [..] 000180: finally start
  [..] 000180: drain tick
  [..] 000180: destroy cam
  [..] 000180: destroy 45 npcs
  [..] 000180: destroy leader
  [..] 000180: destroy follower
  [..] 000180: post-cleanup tick
  [..] 000180: finally end
  [SKIP] 000181: no valid lane at shift=-1 from follower lane
  [SKIP] 000182: no valid lane at shift=-1 from follower lane
  [SKIP] 000183: no valid lane at shift=+1 from follower lane
  [SKIP] 000184: no valid lane at shift=+1 from follower lane
  [..] 000185: spawn follower
  [..] 000185: spawn leader
  [..] 000185: spawn NPCs (near=15, scattered=30)
  [..] 000185: spawn camera
  [..] 000185: settle (no listener)
  [..] 000185: tick 10/50
  [..] 000185: tick 20/50
  [..] 000185: tick 30/50
  [..] 000185: tick 40/50
  [..] 000185: tick 50/50
  [..] 000185: cam.listen (skip 20 stale frames)
  [OK] 000185.png  (Town05, WetNoon, sun=51°, dist=9m, lat=+1.0, hdg=-5°, npcs=45)
  [..] 000185: finally start
  [..] 000185: drain tick
  [..] 000185: destroy cam
  [..] 000185: destroy 45 npcs
  [..] 000185: destroy leader
  [..] 000185: destroy follower
  [..] 000185: post-cleanup tick
  [..] 000185: finally end
  [SKIP] 000186: no valid lane at shift=+1 from follower lane
  [..] 000187: spawn follower
  [..] 000187: spawn leader
  [..] 000187: spawn NPCs (near=15, scattered=30)
  [..] 000187: spawn camera
  [..] 000187: settle (no listener)
  [..] 000187: tick 10/50
  [..] 000187: tick 20/50
  [..] 000187: tick 30/50
  [..] 000187: tick 40/50
  [..] 000187: tick 50/50
  [..] 000187: cam.listen (skip 20 stale frames)
  [OK] 000187.png  (Town05, MidRainyNoon, sun=39°, dist=14m, lat=+0.0, hdg=+2°, npcs=45)
  [..] 000187: finally start
  [..] 000187: drain tick
  [..] 000187: destroy cam
  [..] 000187: destroy 45 npcs
  [..] 000187: destroy leader
  [..] 000187: destroy follower
  [..] 000187: post-cleanup tick
  [..] 000187: finally end
  [SKIP] 000188: no valid lane at shift=+1 from follower lane
  [SKIP] 000189: no valid lane at shift=-1 from follower lane
  [SKIP] 000190: no valid lane at shift=+1 from follower lane
  [SKIP] 000191: no valid lane at shift=+1 from follower lane
  [SKIP] 000192: no valid lane at shift=+1 from follower lane
  [..] 000193: spawn follower
  [..] 000193: spawn leader
  [..] 000193: spawn NPCs (near=15, scattered=30)
  [..] 000193: spawn camera
  [..] 000193: settle (no listener)
  [..] 000193: tick 10/50
  [..] 000193: tick 20/50
  [..] 000193: tick 30/50
  [..] 000193: tick 40/50
  [..] 000193: tick 50/50
  [..] 000193: cam.listen (skip 20 stale frames)
  [OK] 000193.png  (Town05, MidRainyNoon, sun=28°, dist=11m, lat=+0.0, hdg=-1°, npcs=45)
  [..] 000193: finally start
  [..] 000193: drain tick
  [..] 000193: destroy cam
  [..] 000193: destroy 45 npcs
  [..] 000193: destroy leader
  [..] 000193: destroy follower
  [..] 000193: post-cleanup tick
  [..] 000193: finally end
  [SKIP] 000194: no valid lane at shift=+1 from follower lane
  [SKIP] 000195: no valid lane at shift=-1 from follower lane
  [..] 000196: spawn follower
  [..] 000196: spawn leader
  [..] 000196: spawn NPCs (near=15, scattered=30)
  [..] 000196: spawn camera
  [..] 000196: settle (no listener)
  [..] 000196: tick 10/50
  [..] 000196: tick 20/50
  [..] 000196: tick 30/50
  [..] 000196: tick 40/50
  [..] 000196: tick 50/50
  [..] 000196: cam.listen (skip 20 stale frames)
  [OK] 000196.png  (Town05, MidRainyNoon, sun=65°, dist=8m, lat=+0.0, hdg=-1°, npcs=45)
  [..] 000196: finally start
  [..] 000196: drain tick
  [..] 000196: destroy cam
  [..] 000196: destroy 45 npcs
  [..] 000196: destroy leader
  [..] 000196: destroy follower
  [..] 000196: post-cleanup tick
  [..] 000196: finally end
  [SKIP] 000197: no valid lane at shift=+1 from follower lane
  [..] 000198: spawn follower
  [..] 000198: spawn leader
  [..] 000198: spawn NPCs (near=15, scattered=30)
  [..] 000198: spawn camera
  [..] 000198: settle (no listener)
  [..] 000198: tick 10/50
  [..] 000198: tick 20/50
  [..] 000198: tick 30/50
  [..] 000198: tick 40/50
  [..] 000198: tick 50/50
  [..] 000198: cam.listen (skip 20 stale frames)
  [OK] 000198.png  (Town05, WetNoon, sun=55°, dist=14m, lat=+0.0, hdg=-1°, npcs=45)
  [..] 000198: finally start
  [..] 000198: drain tick
  [..] 000198: destroy cam
  [..] 000198: destroy 45 npcs
  [..] 000198: destroy leader
  [..] 000198: destroy follower
  [..] 000198: post-cleanup tick
  [..] 000198: finally end

Done. 198 frame(s) attempted → data/chroma_key_dataset/capture_20260602_202607
Index: data/chroma_key_dataset/capture_20260602_202607/captures_index.csv
[20:29:38] DONE
################################################################
# CHROMA-KEY CAPTURE — 2026-06-02 20:29:50
################################################################
  towns          : Town10HD_Opt
  weather        : ClearNoon CloudyNoon WetNoon MidRainyNoon
  sun_alts       : 70 55 40 25
  distances      : 6 10 14 18
  lateral_offs   : -1 0 1
  heading_offs   : -5 0 5
  npc_count      : 15  (radius 80 m)
  npc_scattered  : 30  (random across map)
  spawn_pool     : 6
  leader         : vehicle.carlamotors.carlacola
  follower       : vehicle.tesla.model3
  max_frames     : 99999
  shuffle        : 1
  continuous     : 1  (per-town: 50)
  sun_range      : 25 70
  dist_range     : 6 18
  heading_range  : -5 5
  seed           : 27145
  log            : data/chroma_key_dataset/capture_20260602_202607/run_capture.log

Connecting to CARLA at localhost:2000 (timeout=180s) ...
Continuous sampling: 50 attempts across 1 towns (50/town)
Sampled : 50 frame(s) (shuffled)
   Town10HD_Opt          50
Out     : data/chroma_key_dataset/capture_20260602_202607

[resume] appending to existing run, starting frame_id 000199

--- Loading Town10HD_Opt ---
WARNING: Version mismatch detected: You are trying to connect to a simulator that might be incompatible with this API 
WARNING: Client API version     = 0.9.15 
WARNING: Simulator API version  = 0.9.15.2 
  warmup: 100 ticks
  [SKIP] 000199: no valid lane at shift=+1 from follower lane
  [..] 000200: spawn follower
  [..] 000200: spawn leader
  [..] 000200: spawn NPCs (near=15, scattered=30)
  [..] 000200: spawn camera
  [..] 000200: settle (no listener)
  [..] 000200: tick 10/50
  [..] 000200: tick 20/50
  [..] 000200: tick 30/50
  [..] 000200: tick 40/50
  [..] 000200: tick 50/50
  [..] 000200: cam.listen (skip 20 stale frames)
  [OK] 000200.png  (Town10HD_Opt, WetNoon, sun=61°, dist=6m, lat=+1.0, hdg=+0°, npcs=45)
  [..] 000200: finally start
  [..] 000200: drain tick
  [..] 000200: destroy cam
  [..] 000200: destroy 45 npcs
  [..] 000200: destroy leader
  [..] 000200: destroy follower
  [..] 000200: post-cleanup tick
  [..] 000200: finally end
  [SKIP] 000201: no valid lane at shift=-1 from follower lane
  [..] 000202: spawn follower
  [..] 000202: spawn leader
  [..] 000202: spawn NPCs (near=15, scattered=30)
  [..] 000202: spawn camera
  [..] 000202: settle (no listener)
  [..] 000202: tick 10/50
  [..] 000202: tick 20/50
  [..] 000202: tick 30/50
  [..] 000202: tick 40/50
  [..] 000202: tick 50/50
  [..] 000202: cam.listen (skip 20 stale frames)
  [OK] 000202.png  (Town10HD_Opt, ClearNoon, sun=29°, dist=6m, lat=+0.0, hdg=+2°, npcs=45)
  [..] 000202: finally start
  [..] 000202: drain tick
  [..] 000202: destroy cam
  [..] 000202: destroy 45 npcs
  [..] 000202: destroy leader
  [..] 000202: destroy follower
  [..] 000202: post-cleanup tick
  [..] 000202: finally end
  [..] 000203: spawn follower
  [..] 000203: spawn leader
  [..] 000203: spawn NPCs (near=15, scattered=30)
  [..] 000203: spawn camera
  [..] 000203: settle (no listener)
  [..] 000203: tick 10/50
  [..] 000203: tick 20/50
  [..] 000203: tick 30/50
  [..] 000203: tick 40/50
  [..] 000203: tick 50/50
  [..] 000203: cam.listen (skip 20 stale frames)
  [OK] 000203.png  (Town10HD_Opt, CloudyNoon, sun=57°, dist=8m, lat=-1.0, hdg=+0°, npcs=45)
  [..] 000203: finally start
  [..] 000203: drain tick
  [..] 000203: destroy cam
  [..] 000203: destroy 45 npcs
  [..] 000203: destroy leader
  [..] 000203: destroy follower
  [..] 000203: post-cleanup tick
  [..] 000203: finally end
  [..] 000204: spawn follower
  [..] 000204: spawn leader
  [..] 000204: spawn NPCs (near=15, scattered=30)
  [..] 000204: spawn camera
  [..] 000204: settle (no listener)
  [..] 000204: tick 10/50
  [..] 000204: tick 20/50
  [..] 000204: tick 30/50
  [..] 000204: tick 40/50
  [..] 000204: tick 50/50
  [..] 000204: cam.listen (skip 20 stale frames)
  [OK] 000204.png  (Town10HD_Opt, MidRainyNoon, sun=57°, dist=13m, lat=+0.0, hdg=+4°, npcs=45)
  [..] 000204: finally start
  [..] 000204: drain tick
  [..] 000204: destroy cam
  [..] 000204: destroy 45 npcs
  [..] 000204: destroy leader
  [..] 000204: destroy follower
  [..] 000204: post-cleanup tick
  [..] 000204: finally end
  [SKIP] 000205: no valid lane at shift=-1 from follower lane
  [..] 000206: spawn follower
  [..] 000206: spawn leader
  [..] 000206: spawn NPCs (near=15, scattered=30)
  [..] 000206: spawn camera
  [..] 000206: settle (no listener)
  [..] 000206: tick 10/50
  [..] 000206: tick 20/50
  [..] 000206: tick 30/50
  [..] 000206: tick 40/50
  [..] 000206: tick 50/50
  [..] 000206: cam.listen (skip 20 stale frames)
  [OK] 000206.png  (Town10HD_Opt, ClearNoon, sun=55°, dist=9m, lat=+0.0, hdg=-1°, npcs=45)
  [..] 000206: finally start
  [..] 000206: drain tick
  [..] 000206: destroy cam
  [..] 000206: destroy 45 npcs
  [..] 000206: destroy leader
  [..] 000206: destroy follower
  [..] 000206: post-cleanup tick
  [..] 000206: finally end
  [SKIP] 000207: no valid lane at shift=-1 from follower lane
  [SKIP] 000208: no valid lane at shift=+1 from follower lane
  [..] 000209: spawn follower
  [..] 000209: spawn leader
  [..] 000209: spawn NPCs (near=15, scattered=30)
  [..] 000209: spawn camera
  [..] 000209: settle (no listener)
  [..] 000209: tick 10/50
  [..] 000209: tick 20/50
  [..] 000209: tick 30/50
  [..] 000209: tick 40/50
  [..] 000209: tick 50/50
  [..] 000209: cam.listen (skip 20 stale frames)
  [OK] 000209.png  (Town10HD_Opt, MidRainyNoon, sun=42°, dist=16m, lat=+0.0, hdg=-4°, npcs=45)
  [..] 000209: finally start
  [..] 000209: drain tick
  [..] 000209: destroy cam
  [..] 000209: destroy 45 npcs
  [..] 000209: destroy leader
  [..] 000209: destroy follower
  [..] 000209: post-cleanup tick
  [..] 000209: finally end
  [..] 000210: spawn follower
  [..] 000210: spawn leader
  [..] 000210: spawn NPCs (near=15, scattered=30)
  [..] 000210: spawn camera
  [..] 000210: settle (no listener)
  [..] 000210: tick 10/50
  [..] 000210: tick 20/50
  [..] 000210: tick 30/50
  [..] 000210: tick 40/50
  [..] 000210: tick 50/50
  [..] 000210: cam.listen (skip 20 stale frames)
  [OK] 000210.png  (Town10HD_Opt, ClearNoon, sun=63°, dist=10m, lat=+1.0, hdg=+1°, npcs=45)
  [..] 000210: finally start
  [..] 000210: drain tick
  [..] 000210: destroy cam
  [..] 000210: destroy 45 npcs
  [..] 000210: destroy leader
  [..] 000210: destroy follower
  [..] 000210: post-cleanup tick
  [..] 000210: finally end
  [SKIP] 000211: no valid lane at shift=+1 from follower lane
  [..] 000212: spawn follower
  [..] 000212: spawn leader
  [..] 000212: spawn NPCs (near=15, scattered=30)
  [..] 000212: spawn camera
  [..] 000212: settle (no listener)
  [..] 000212: tick 10/50
  [..] 000212: tick 20/50
  [..] 000212: tick 30/50
  [..] 000212: tick 40/50
  [..] 000212: tick 50/50
  [..] 000212: cam.listen (skip 20 stale frames)
  [OK] 000212.png  (Town10HD_Opt, WetNoon, sun=62°, dist=13m, lat=+1.0, hdg=-1°, npcs=45)
  [..] 000212: finally start
  [..] 000212: drain tick
  [..] 000212: destroy cam
  [..] 000212: destroy 45 npcs
  [..] 000212: destroy leader
  [..] 000212: destroy follower
  [..] 000212: post-cleanup tick
  [..] 000212: finally end
  [..] 000213: spawn follower
  [..] 000213: spawn leader
  [..] 000213: spawn NPCs (near=15, scattered=30)
  [..] 000213: spawn camera
  [..] 000213: settle (no listener)
  [..] 000213: tick 10/50
  [..] 000213: tick 20/50
  [..] 000213: tick 30/50
  [..] 000213: tick 40/50
  [..] 000213: tick 50/50
  [..] 000213: cam.listen (skip 20 stale frames)
  [OK] 000213.png  (Town10HD_Opt, WetNoon, sun=27°, dist=14m, lat=+0.0, hdg=+5°, npcs=45)
  [..] 000213: finally start
  [..] 000213: drain tick
  [..] 000213: destroy cam
  [..] 000213: destroy 45 npcs
  [..] 000213: destroy leader
  [..] 000213: destroy follower
  [..] 000213: post-cleanup tick
  [..] 000213: finally end
  [..] 000214: spawn follower
  [..] 000214: spawn leader
  [..] 000214: spawn NPCs (near=15, scattered=30)
  [..] 000214: spawn camera
  [..] 000214: settle (no listener)
  [..] 000214: tick 10/50
  [..] 000214: tick 20/50
  [..] 000214: tick 30/50
  [..] 000214: tick 40/50
  [..] 000214: tick 50/50
  [..] 000214: cam.listen (skip 20 stale frames)
  [OK] 000214.png  (Town10HD_Opt, ClearNoon, sun=39°, dist=11m, lat=+0.0, hdg=+2°, npcs=45)
  [..] 000214: finally start
  [..] 000214: drain tick
  [..] 000214: destroy cam
  [..] 000214: destroy 45 npcs
  [..] 000214: destroy leader
  [..] 000214: destroy follower
  [..] 000214: post-cleanup tick
  [..] 000214: finally end
  [..] 000215: spawn follower
  [..] 000215: spawn leader
  [..] 000215: spawn NPCs (near=15, scattered=30)
  [..] 000215: spawn camera
  [..] 000215: settle (no listener)
  [..] 000215: tick 10/50
  [..] 000215: tick 20/50
  [..] 000215: tick 30/50
  [..] 000215: tick 40/50
  [..] 000215: tick 50/50
  [..] 000215: cam.listen (skip 20 stale frames)
  [OK] 000215.png  (Town10HD_Opt, ClearNoon, sun=29°, dist=17m, lat=+0.0, hdg=-4°, npcs=45)
  [..] 000215: finally start
  [..] 000215: drain tick
  [..] 000215: destroy cam
  [..] 000215: destroy 45 npcs
  [..] 000215: destroy leader
  [..] 000215: destroy follower
  [..] 000215: post-cleanup tick
  [..] 000215: finally end
  [SKIP] 000216: no valid lane at shift=-1 from follower lane
  [SKIP] 000217: no valid lane at shift=-1 from follower lane
  [..] 000218: spawn follower
  [..] 000218: spawn leader
  [..] 000218: spawn NPCs (near=15, scattered=30)
  [..] 000218: spawn camera
  [..] 000218: settle (no listener)
  [..] 000218: tick 10/50
  [..] 000218: tick 20/50
  [..] 000218: tick 30/50
  [..] 000218: tick 40/50
  [..] 000218: tick 50/50
  [..] 000218: cam.listen (skip 20 stale frames)
  [OK] 000218.png  (Town10HD_Opt, MidRainyNoon, sun=32°, dist=13m, lat=+0.0, hdg=-4°, npcs=45)
  [..] 000218: finally start
  [..] 000218: drain tick
  [..] 000218: destroy cam
  [..] 000218: destroy 45 npcs
  [..] 000218: destroy leader
  [..] 000218: destroy follower
  [..] 000218: post-cleanup tick
  [..] 000218: finally end
  [..] 000219: spawn follower
  [..] 000219: spawn leader
  [..] 000219: spawn NPCs (near=15, scattered=30)
  [..] 000219: spawn camera
  [..] 000219: settle (no listener)
  [..] 000219: tick 10/50
  [..] 000219: tick 20/50
  [..] 000219: tick 30/50
  [..] 000219: tick 40/50
  [..] 000219: tick 50/50
  [..] 000219: cam.listen (skip 20 stale frames)
  [OK] 000219.png  (Town10HD_Opt, WetNoon, sun=58°, dist=12m, lat=+0.0, hdg=-2°, npcs=45)
  [..] 000219: finally start
  [..] 000219: drain tick
  [..] 000219: destroy cam
  [..] 000219: destroy 45 npcs
  [..] 000219: destroy leader
  [..] 000219: destroy follower
  [..] 000219: post-cleanup tick
  [..] 000219: finally end
  [SKIP] 000220: no valid lane at shift=-1 from follower lane
  [SKIP] 000221: no valid lane at shift=+1 from follower lane
  [..] 000222: spawn follower
  [..] 000222: spawn leader
  [..] 000222: spawn NPCs (near=15, scattered=30)
  [..] 000222: spawn camera
  [..] 000222: settle (no listener)
  [..] 000222: tick 10/50
  [..] 000222: tick 20/50
  [..] 000222: tick 30/50
  [..] 000222: tick 40/50
  [..] 000222: tick 50/50
  [..] 000222: cam.listen (skip 20 stale frames)
  [OK] 000222.png  (Town10HD_Opt, CloudyNoon, sun=69°, dist=8m, lat=-1.0, hdg=-2°, npcs=45)
  [..] 000222: finally start
  [..] 000222: drain tick
  [..] 000222: destroy cam
  [..] 000222: destroy 45 npcs
  [..] 000222: destroy leader
  [..] 000222: destroy follower
  [..] 000222: post-cleanup tick
  [..] 000222: finally end
  [..] 000223: spawn follower
  [..] 000223: spawn leader
  [..] 000223: spawn NPCs (near=15, scattered=30)
  [..] 000223: spawn camera
  [..] 000223: settle (no listener)
  [..] 000223: tick 10/50
  [..] 000223: tick 20/50
  [..] 000223: tick 30/50
  [..] 000223: tick 40/50
  [..] 000223: tick 50/50
  [..] 000223: cam.listen (skip 20 stale frames)
  [OK] 000223.png  (Town10HD_Opt, CloudyNoon, sun=39°, dist=14m, lat=+1.0, hdg=-2°, npcs=45)
  [..] 000223: finally start
  [..] 000223: drain tick
  [..] 000223: destroy cam
  [..] 000223: destroy 45 npcs
  [..] 000223: destroy leader
  [..] 000223: destroy follower
  [..] 000223: post-cleanup tick
  [..] 000223: finally end
  [SKIP] 000224: no valid lane at shift=+1 from follower lane
  [..] 000225: spawn follower
  [..] 000225: spawn leader
  [..] 000225: spawn NPCs (near=15, scattered=30)
  [..] 000225: spawn camera
  [..] 000225: settle (no listener)
  [..] 000225: tick 10/50
  [..] 000225: tick 20/50
  [..] 000225: tick 30/50
  [..] 000225: tick 40/50
  [..] 000225: tick 50/50
  [..] 000225: cam.listen (skip 20 stale frames)
  [OK] 000225.png  (Town10HD_Opt, WetNoon, sun=40°, dist=14m, lat=+0.0, hdg=-2°, npcs=45)
  [..] 000225: finally start
  [..] 000225: drain tick
  [..] 000225: destroy cam
  [..] 000225: destroy 45 npcs
  [..] 000225: destroy leader
  [..] 000225: destroy follower
  [..] 000225: post-cleanup tick
  [..] 000225: finally end
  [SKIP] 000226: no valid lane at shift=+1 from follower lane
  [SKIP] 000227: no valid lane at shift=-1 from follower lane
  [..] 000228: spawn follower
  [..] 000228: spawn leader
  [..] 000228: spawn NPCs (near=15, scattered=30)
  [..] 000228: spawn camera
  [..] 000228: settle (no listener)
  [..] 000228: tick 10/50
  [..] 000228: tick 20/50
  [..] 000228: tick 30/50
  [..] 000228: tick 40/50
  [..] 000228: tick 50/50
  [..] 000228: cam.listen (skip 20 stale frames)
  [OK] 000228.png  (Town10HD_Opt, ClearNoon, sun=34°, dist=6m, lat=+0.0, hdg=+3°, npcs=45)
  [..] 000228: finally start
  [..] 000228: drain tick
  [..] 000228: destroy cam
  [..] 000228: destroy 45 npcs
  [..] 000228: destroy leader
  [..] 000228: destroy follower
  [..] 000228: post-cleanup tick
  [..] 000228: finally end
  [..] 000229: spawn follower
  [..] 000229: spawn leader
  [..] 000229: spawn NPCs (near=15, scattered=30)
  [..] 000229: spawn camera
  [..] 000229: settle (no listener)
  [..] 000229: tick 10/50
  [..] 000229: tick 20/50
  [..] 000229: tick 30/50
  [..] 000229: tick 40/50
  [..] 000229: tick 50/50
  [..] 000229: cam.listen (skip 20 stale frames)
  [OK] 000229.png  (Town10HD_Opt, CloudyNoon, sun=53°, dist=13m, lat=+0.0, hdg=+5°, npcs=45)
  [..] 000229: finally start
  [..] 000229: drain tick
  [..] 000229: destroy cam
  [..] 000229: destroy 45 npcs
  [..] 000229: destroy leader
  [..] 000229: destroy follower
  [..] 000229: post-cleanup tick
  [..] 000229: finally end
  [..] 000230: spawn follower
  [..] 000230: spawn leader
  [..] 000230: spawn NPCs (near=15, scattered=30)
  [..] 000230: spawn camera
  [..] 000230: settle (no listener)
  [..] 000230: tick 10/50
  [..] 000230: tick 20/50
  [..] 000230: tick 30/50
  [..] 000230: tick 40/50
  [..] 000230: tick 50/50
  [..] 000230: cam.listen (skip 20 stale frames)
  [OK] 000230.png  (Town10HD_Opt, MidRainyNoon, sun=47°, dist=11m, lat=+0.0, hdg=+1°, npcs=45)
  [..] 000230: finally start
  [..] 000230: drain tick
  [..] 000230: destroy cam
  [..] 000230: destroy 45 npcs
  [..] 000230: destroy leader
  [..] 000230: destroy follower
  [..] 000230: post-cleanup tick
  [..] 000230: finally end
  [..] 000231: spawn follower
  [..] 000231: spawn leader
  [..] 000231: spawn NPCs (near=15, scattered=30)
  [..] 000231: spawn camera
  [..] 000231: settle (no listener)
  [..] 000231: tick 10/50
  [..] 000231: tick 20/50
  [..] 000231: tick 30/50
  [..] 000231: tick 40/50
  [..] 000231: tick 50/50
  [..] 000231: cam.listen (skip 20 stale frames)
  [OK] 000231.png  (Town10HD_Opt, CloudyNoon, sun=67°, dist=7m, lat=+0.0, hdg=+3°, npcs=45)
  [..] 000231: finally start
  [..] 000231: drain tick
  [..] 000231: destroy cam
  [..] 000231: destroy 45 npcs
  [..] 000231: destroy leader
  [..] 000231: destroy follower
  [..] 000231: post-cleanup tick
  [..] 000231: finally end
  [SKIP] 000232: no valid lane at shift=-1 from follower lane
  [..] 000233: spawn follower
  [..] 000233: spawn leader
  [..] 000233: spawn NPCs (near=15, scattered=30)
  [..] 000233: spawn camera
  [..] 000233: settle (no listener)
  [..] 000233: tick 10/50
  [..] 000233: tick 20/50
  [..] 000233: tick 30/50
  [..] 000233: tick 40/50
  [..] 000233: tick 50/50
  [..] 000233: cam.listen (skip 20 stale frames)
  [OK] 000233.png  (Town10HD_Opt, ClearNoon, sun=64°, dist=17m, lat=+0.0, hdg=-0°, npcs=45)
  [..] 000233: finally start
  [..] 000233: drain tick
  [..] 000233: destroy cam
  [..] 000233: destroy 45 npcs
  [..] 000233: destroy leader
  [..] 000233: destroy follower
  [..] 000233: post-cleanup tick
  [..] 000233: finally end
  [..] 000234: spawn follower
  [..] 000234: spawn leader
  [..] 000234: spawn NPCs (near=15, scattered=30)
  [..] 000234: spawn camera
  [..] 000234: settle (no listener)
  [..] 000234: tick 10/50
  [..] 000234: tick 20/50
  [..] 000234: tick 30/50
  [..] 000234: tick 40/50
  [..] 000234: tick 50/50
  [..] 000234: cam.listen (skip 20 stale frames)
  [OK] 000234.png  (Town10HD_Opt, MidRainyNoon, sun=59°, dist=13m, lat=+0.0, hdg=-4°, npcs=45)
  [..] 000234: finally start
  [..] 000234: drain tick
  [..] 000234: destroy cam
  [..] 000234: destroy 45 npcs
  [..] 000234: destroy leader
  [..] 000234: destroy follower
  [..] 000234: post-cleanup tick
  [..] 000234: finally end
  [..] 000235: spawn follower
  [..] 000235: spawn leader
  [..] 000235: spawn NPCs (near=15, scattered=30)
  [..] 000235: spawn camera
  [..] 000235: settle (no listener)
  [..] 000235: tick 10/50
  [..] 000235: tick 20/50
  [..] 000235: tick 30/50
  [..] 000235: tick 40/50
  [..] 000235: tick 50/50
  [..] 000235: cam.listen (skip 20 stale frames)
  [OK] 000235.png  (Town10HD_Opt, ClearNoon, sun=64°, dist=9m, lat=+0.0, hdg=-5°, npcs=45)
  [..] 000235: finally start
  [..] 000235: drain tick
  [..] 000235: destroy cam
  [..] 000235: destroy 45 npcs
  [..] 000235: destroy leader
  [..] 000235: destroy follower
  [..] 000235: post-cleanup tick
  [..] 000235: finally end
  [..] 000236: spawn follower
  [..] 000236: spawn leader
  [..] 000236: spawn NPCs (near=15, scattered=30)
  [..] 000236: spawn camera
  [..] 000236: settle (no listener)
  [..] 000236: tick 10/50
  [..] 000236: tick 20/50
  [..] 000236: tick 30/50
  [..] 000236: tick 40/50
  [..] 000236: tick 50/50
  [..] 000236: cam.listen (skip 20 stale frames)
  [OK] 000236.png  (Town10HD_Opt, CloudyNoon, sun=30°, dist=9m, lat=+1.0, hdg=-1°, npcs=45)
  [..] 000236: finally start
  [..] 000236: drain tick
  [..] 000236: destroy cam
  [..] 000236: destroy 45 npcs
  [..] 000236: destroy leader
  [..] 000236: destroy follower
  [..] 000236: post-cleanup tick
  [..] 000236: finally end
  [..] 000237: spawn follower
  [..] 000237: spawn leader
  [..] 000237: spawn NPCs (near=15, scattered=30)
  [..] 000237: spawn camera
  [..] 000237: settle (no listener)
  [..] 000237: tick 10/50
  [..] 000237: tick 20/50
  [..] 000237: tick 30/50
  [..] 000237: tick 40/50
  [..] 000237: tick 50/50
  [..] 000237: cam.listen (skip 20 stale frames)
  [OK] 000237.png  (Town10HD_Opt, CloudyNoon, sun=50°, dist=11m, lat=+1.0, hdg=-3°, npcs=45)
  [..] 000237: finally start
  [..] 000237: drain tick
  [..] 000237: destroy cam
  [..] 000237: destroy 45 npcs
  [..] 000237: destroy leader
  [..] 000237: destroy follower
  [..] 000237: post-cleanup tick
  [..] 000237: finally end
  [..] 000238: spawn follower
  [..] 000238: spawn leader
  [..] 000238: spawn NPCs (near=15, scattered=30)
  [..] 000238: spawn camera
  [..] 000238: settle (no listener)
  [..] 000238: tick 10/50
  [..] 000238: tick 20/50
  [..] 000238: tick 30/50
  [..] 000238: tick 40/50
  [..] 000238: tick 50/50
  [..] 000238: cam.listen (skip 20 stale frames)
  [OK] 000238.png  (Town10HD_Opt, WetNoon, sun=60°, dist=16m, lat=+1.0, hdg=-1°, npcs=45)
  [..] 000238: finally start
  [..] 000238: drain tick
  [..] 000238: destroy cam
  [..] 000238: destroy 45 npcs
  [..] 000238: destroy leader
  [..] 000238: destroy follower
  [..] 000238: post-cleanup tick
  [..] 000238: finally end
  [SKIP] 000239: no valid lane at shift=+1 from follower lane
  [SKIP] 000240: no valid lane at shift=-1 from follower lane
  [..] 000241: spawn follower
  [..] 000241: spawn leader
  [..] 000241: spawn NPCs (near=15, scattered=30)
  [..] 000241: spawn camera
  [..] 000241: settle (no listener)
  [..] 000241: tick 10/50
  [..] 000241: tick 20/50
  [..] 000241: tick 30/50
  [..] 000241: tick 40/50
  [..] 000241: tick 50/50
  [..] 000241: cam.listen (skip 20 stale frames)
  [OK] 000241.png  (Town10HD_Opt, CloudyNoon, sun=27°, dist=7m, lat=-1.0, hdg=-5°, npcs=45)
  [..] 000241: finally start
  [..] 000241: drain tick
  [..] 000241: destroy cam
  [..] 000241: destroy 45 npcs
  [..] 000241: destroy leader
  [..] 000241: destroy follower
  [..] 000241: post-cleanup tick
  [..] 000241: finally end
  [SKIP] 000242: no valid lane at shift=-1 from follower lane
  [..] 000243: spawn follower
  [..] 000243: spawn leader
  [..] 000243: spawn NPCs (near=15, scattered=30)
  [..] 000243: spawn camera
  [..] 000243: settle (no listener)
  [..] 000243: tick 10/50
  [..] 000243: tick 20/50
  [..] 000243: tick 30/50
  [..] 000243: tick 40/50
  [..] 000243: tick 50/50
  [..] 000243: cam.listen (skip 20 stale frames)
  [OK] 000243.png  (Town10HD_Opt, CloudyNoon, sun=33°, dist=16m, lat=+0.0, hdg=+0°, npcs=45)
  [..] 000243: finally start
  [..] 000243: drain tick
  [..] 000243: destroy cam
  [..] 000243: destroy 45 npcs
  [..] 000243: destroy leader
  [..] 000243: destroy follower
  [..] 000243: post-cleanup tick
  [..] 000243: finally end
  [..] 000244: spawn follower
  [..] 000244: spawn leader
  [..] 000244: spawn NPCs (near=15, scattered=30)
  [..] 000244: spawn camera
  [..] 000244: settle (no listener)
  [..] 000244: tick 10/50
  [..] 000244: tick 20/50
  [..] 000244: tick 30/50
  [..] 000244: tick 40/50
  [..] 000244: tick 50/50
  [..] 000244: cam.listen (skip 20 stale frames)
  [OK] 000244.png  (Town10HD_Opt, MidRainyNoon, sun=61°, dist=17m, lat=+0.0, hdg=+4°, npcs=45)
  [..] 000244: finally start
  [..] 000244: drain tick
  [..] 000244: destroy cam
  [..] 000244: destroy 45 npcs
  [..] 000244: destroy leader
  [..] 000244: destroy follower
  [..] 000244: post-cleanup tick
  [..] 000244: finally end
  [SKIP] 000245: no valid lane at shift=-1 from follower lane
  [..] 000246: spawn follower
  [..] 000246: spawn leader
  [..] 000246: spawn NPCs (near=15, scattered=30)
  [..] 000246: spawn camera
  [..] 000246: settle (no listener)
  [..] 000246: tick 10/50
  [..] 000246: tick 20/50
  [..] 000246: tick 30/50
  [..] 000246: tick 40/50
  [..] 000246: tick 50/50
  [..] 000246: cam.listen (skip 20 stale frames)
  [OK] 000246.png  (Town10HD_Opt, WetNoon, sun=25°, dist=12m, lat=+0.0, hdg=+3°, npcs=45)
  [..] 000246: finally start
  [..] 000246: drain tick
  [..] 000246: destroy cam
  [..] 000246: destroy 45 npcs
  [..] 000246: destroy leader
  [..] 000246: destroy follower
  [..] 000246: post-cleanup tick
  [..] 000246: finally end
  [..] 000247: spawn follower
  [..] 000247: spawn leader
  [..] 000247: spawn NPCs (near=15, scattered=30)
  [..] 000247: spawn camera
  [..] 000247: settle (no listener)
  [..] 000247: tick 10/50
  [..] 000247: tick 20/50
  [..] 000247: tick 30/50
  [..] 000247: tick 40/50
  [..] 000247: tick 50/50
  [..] 000247: cam.listen (skip 20 stale frames)
  [OK] 000247.png  (Town10HD_Opt, MidRainyNoon, sun=46°, dist=15m, lat=+1.0, hdg=+4°, npcs=45)
  [..] 000247: finally start
  [..] 000247: drain tick
  [..] 000247: destroy cam
  [..] 000247: destroy 45 npcs
  [..] 000247: destroy leader
  [..] 000247: destroy follower
  [..] 000247: post-cleanup tick
  [..] 000247: finally end
  [SKIP] 000248: no valid lane at shift=-1 from follower lane

Done. 248 frame(s) attempted → data/chroma_key_dataset/capture_20260602_202607
Index: data/chroma_key_dataset/capture_20260602_202607/captures_index.csv
[20:30:46] DONE
