######################################################
 AUTO CAPTURE — sweep 5 towns
  towns          : Town01 Town03 Town04 Town05 Town10HD_Opt
  attempts/town  : 200
  npc per scene  : 15 (radius 80 m)
  run dir        : data/chroma_key_dataset/capture_20260609_014138_marker
  package dir    : /home/vortex/carla/Dist/CARLA_Shipping_0.9.15.2_marker_yellow/LinuxNoEditor
######################################################


============================================================
 TOWN: Town01
============================================================
>>> stopping CARLA
>>> launching CarlaUE4.sh (headless, off-screen render)
>>> CARLA up and listening on :2000
################################################################
# CHROMA-KEY CAPTURE — 2026-06-09 01:42:08
################################################################
  towns          : Town01
  weather        : ClearNoon CloudyNoon WetNoon MidRainyNoon
  sun_alts       : 70 55 40 25
  distances      : 6 10 14 18
  lateral_offs   : -1 0 1
  heading_offs   : -5 0 5
  npc_count      : 15  (radius 80 m)
  npc_scattered  : 30  (random across map)
  spawn_pool     : 6
  leader         : vehicle.carlamotors.carlacola
  follower       : vehicle.tesla.model3
  max_frames     : 99999
  shuffle        : 1
  continuous     : 1  (per-town: 200)
  sun_range      : 25 70
  dist_range     : 6 18
  heading_range  : -5 5
  seed           : 42
  log            : /dev/null


Connecting to CARLA at localhost:2000 (timeout=180s) ...
Continuous sampling: 400 attempts across 1 towns (200/town)
Sampled : 400 frame(s) (shuffled)
   Town01                400
Out     : data/chroma_key_dataset/capture_20260609_014138_marker


--- Loading Town01 ---
WARNING: Version mismatch detected: You are trying to connect to a simulator that might be incompatible with this API 
WARNING: Client API version     = 0.9.15 
WARNING: Simulator API version  = 0.9.15.2 
  warmup: 100 ticks
  [SKIP] 000001: no valid lane at shift=-1 from follower lane
  [..] 000001: spawn follower
  [..] 000001: spawn leader
  [..] 000001: spawn NPCs (near=15, scattered=30)
  [..] 000001: spawn camera
  [..] 000001: settle (no listener)
  [..] 000001: tick 10/80
  [..] 000001: tick 20/80
  [..] 000001: tick 30/80
  [..] 000001: tick 40/80
  [..] 000001: tick 50/80
  [..] 000001: tick 60/80
  [..] 000001: tick 70/80
  [..] 000001: tick 80/80
  [..] 000001: cam.listen (skip 20 stale frames)
  [OK] 000001.png  (Town01, MidRainyNoon, sun=58°, dist=18m, lat=+0.0, hdg=+1°, npcs=45)
  [..] 000001: finally start
  [..] 000001: drain tick
  [..] 000001: destroy cam
  [..] 000001: destroy 45 npcs
  [..] 000001: destroy leader
  [..] 000001: destroy follower
  [..] 000001: post-cleanup tick
  [..] 000001: finally end
  [..] 000002: spawn follower
  [..] 000002: spawn leader
  [..] 000002: spawn NPCs (near=15, scattered=30)
  [..] 000002: spawn camera
  [..] 000002: settle (no listener)
  [..] 000002: tick 10/80
  [..] 000002: tick 20/80
  [..] 000002: tick 30/80
  [..] 000002: tick 40/80
  [..] 000002: tick 50/80
  [..] 000002: tick 60/80
  [..] 000002: tick 70/80
  [..] 000002: tick 80/80
  [..] 000002: cam.listen (skip 20 stale frames)
  [OK] 000002.png  (Town01, CloudyNoon, sun=46°, dist=18m, lat=+0.0, hdg=+1°, npcs=45)
  [..] 000002: finally start
  [..] 000002: drain tick
  [..] 000002: destroy cam
  [..] 000002: destroy 45 npcs
  [..] 000002: destroy leader
  [..] 000002: destroy follower
  [..] 000002: post-cleanup tick
  [..] 000002: finally end
  [SKIP] 000003: no valid lane at shift=+1 from follower lane
  [..] 000003: spawn follower
  [..] 000003: spawn leader
  [..] 000003: spawn NPCs (near=15, scattered=30)
  [..] 000003: spawn camera
  [..] 000003: settle (no listener)
  [..] 000003: tick 10/80
  [..] 000003: tick 20/80
  [..] 000003: tick 30/80
  [..] 000003: tick 40/80
  [..] 000003: tick 50/80
  [..] 000003: tick 60/80
  [..] 000003: tick 70/80
  [..] 000003: tick 80/80
  [..] 000003: cam.listen (skip 20 stale frames)
  [OK] 000003.png  (Town01, WetNoon, sun=37°, dist=11m, lat=+0.0, hdg=+5°, npcs=45)
  [..] 000003: finally start
  [..] 000003: drain tick
  [..] 000003: destroy cam
  [..] 000003: destroy 45 npcs
  [..] 000003: destroy leader
  [..] 000003: destroy follower
  [..] 000003: post-cleanup tick
  [..] 000003: finally end
  [SKIP] 000004: no valid lane at shift=-1 from follower lane
  [SKIP] 000004: no valid lane at shift=-1 from follower lane
  [SKIP] 000004: no valid lane at shift=-1 from follower lane
  [..] 000004: spawn follower
  [..] 000004: spawn leader
  [..] 000004: spawn NPCs (near=15, scattered=30)
  [..] 000004: spawn camera
  [..] 000004: settle (no listener)
  [..] 000004: tick 10/80
  [..] 000004: tick 20/80
  [..] 000004: tick 30/80
  [..] 000004: tick 40/80
  [..] 000004: tick 50/80
  [..] 000004: tick 60/80
  [..] 000004: tick 70/80
  [..] 000004: tick 80/80
  [..] 000004: cam.listen (skip 20 stale frames)
  [OK] 000004.png  (Town01, CloudyNoon, sun=44°, dist=17m, lat=+0.0, hdg=+1°, npcs=45)
  [..] 000004: finally start
  [..] 000004: drain tick
  [..] 000004: destroy cam
  [..] 000004: destroy 45 npcs
  [..] 000004: destroy leader
  [..] 000004: destroy follower
  [..] 000004: post-cleanup tick
  [..] 000004: finally end
  [SKIP] 000005: no valid lane at shift=+1 from follower lane
  [..] 000005: spawn follower
  [..] 000005: spawn leader
  [..] 000005: spawn NPCs (near=15, scattered=30)
  [..] 000005: spawn camera
  [..] 000005: settle (no listener)
  [..] 000005: tick 10/80
  [..] 000005: tick 20/80
  [..] 000005: tick 30/80
  [..] 000005: tick 40/80
  [..] 000005: tick 50/80
  [..] 000005: tick 60/80
  [..] 000005: tick 70/80
  [..] 000005: tick 80/80
  [..] 000005: cam.listen (skip 20 stale frames)
  [OK] 000005.png  (Town01, ClearNoon, sun=42°, dist=15m, lat=+0.0, hdg=+1°, npcs=45)
  [..] 000005: finally start
  [..] 000005: drain tick
  [..] 000005: destroy cam
  [..] 000005: destroy 45 npcs
  [..] 000005: destroy leader
  [..] 000005: destroy follower
  [..] 000005: post-cleanup tick
  [..] 000005: finally end
  [SKIP] 000006: no valid lane at shift=-1 from follower lane
  [SKIP] 000006: no valid lane at shift=+1 from follower lane
  [SKIP] 000006: no valid lane at shift=-1 from follower lane
  [..] 000006: spawn follower
  [..] 000006: spawn leader
  [..] 000006: spawn NPCs (near=15, scattered=30)
  [..] 000006: spawn camera
  [..] 000006: settle (no listener)
  [..] 000006: tick 10/80
  [..] 000006: tick 20/80
  [..] 000006: tick 30/80
  [..] 000006: tick 40/80
  [..] 000006: tick 50/80
  [..] 000006: tick 60/80
  [..] 000006: tick 70/80
  [..] 000006: tick 80/80
  [..] 000006: cam.listen (skip 20 stale frames)
  [OK] 000006.png  (Town01, CloudyNoon, sun=40°, dist=9m, lat=+0.0, hdg=-1°, npcs=45)
  [..] 000006: finally start
  [..] 000006: drain tick
  [..] 000006: destroy cam
  [..] 000006: destroy 45 npcs
  [..] 000006: destroy leader
  [..] 000006: destroy follower
  [..] 000006: post-cleanup tick
  [..] 000006: finally end
  [SKIP] 000007: no valid lane at shift=-1 from follower lane
  [..] 000007: spawn follower
  [..] 000007: spawn leader
  [..] 000007: spawn NPCs (near=15, scattered=30)
  [..] 000007: spawn camera
  [..] 000007: settle (no listener)
  [..] 000007: tick 10/80
  [..] 000007: tick 20/80
  [..] 000007: tick 30/80
  [..] 000007: tick 40/80
  [..] 000007: tick 50/80
  [..] 000007: tick 60/80
  [..] 000007: tick 70/80
  [..] 000007: tick 80/80
  [..] 000007: cam.listen (skip 20 stale frames)
  [OK] 000007.png  (Town01, WetNoon, sun=43°, dist=13m, lat=+0.0, hdg=+1°, npcs=45)
  [..] 000007: finally start
  [..] 000007: drain tick
  [..] 000007: destroy cam
  [..] 000007: destroy 45 npcs
  [..] 000007: destroy leader
  [..] 000007: destroy follower
  [..] 000007: post-cleanup tick
  [..] 000007: finally end
  [SKIP] 000008: no valid lane at shift=-1 from follower lane
  [..] 000008: spawn follower
  [..] 000008: spawn leader
  [..] 000008: spawn NPCs (near=15, scattered=30)
  [..] 000008: spawn camera
  [..] 000008: settle (no listener)
  [..] 000008: tick 10/80
  [..] 000008: tick 20/80
  [..] 000008: tick 30/80
  [..] 000008: tick 40/80
  [..] 000008: tick 50/80
  [..] 000008: tick 60/80
  [..] 000008: tick 70/80
  [..] 000008: tick 80/80
  [..] 000008: cam.listen (skip 20 stale frames)
  [OK] 000008.png  (Town01, ClearNoon, sun=28°, dist=6m, lat=+0.0, hdg=-4°, npcs=45)
  [..] 000008: finally start
  [..] 000008: drain tick
  [..] 000008: destroy cam
  [..] 000008: destroy 45 npcs
  [..] 000008: destroy leader
  [..] 000008: destroy follower
  [..] 000008: post-cleanup tick
  [..] 000008: finally end
  [SKIP] 000009: no valid lane at shift=+1 from follower lane
  [..] 000009: spawn follower
  [..] 000009: spawn leader
  [..] 000009: spawn NPCs (near=15, scattered=30)
  [..] 000009: spawn camera
  [..] 000009: settle (no listener)
  [..] 000009: tick 10/80
  [..] 000009: tick 20/80
  [..] 000009: tick 30/80
  [..] 000009: tick 40/80
  [..] 000009: tick 50/80
  [..] 000009: tick 60/80
  [..] 000009: tick 70/80
  [..] 000009: tick 80/80
  [..] 000009: cam.listen (skip 20 stale frames)
  [OK] 000009.png  (Town01, CloudyNoon, sun=38°, dist=7m, lat=+0.0, hdg=+2°, npcs=45)
  [..] 000009: finally start
  [..] 000009: drain tick
  [..] 000009: destroy cam
  [..] 000009: destroy 45 npcs
  [..] 000009: destroy leader
  [..] 000009: destroy follower
  [..] 000009: post-cleanup tick
  [..] 000009: finally end
  [..] 000010: spawn follower
  [..] 000010: spawn leader
  [..] 000010: spawn NPCs (near=15, scattered=30)
  [..] 000010: spawn camera
  [..] 000010: settle (no listener)
  [..] 000010: tick 10/80
  [..] 000010: tick 20/80
  [..] 000010: tick 30/80
  [..] 000010: tick 40/80
  [..] 000010: tick 50/80
  [..] 000010: tick 60/80
  [..] 000010: tick 70/80
  [..] 000010: tick 80/80
  [..] 000010: cam.listen (skip 20 stale frames)
  [OK] 000010.png  (Town01, CloudyNoon, sun=33°, dist=13m, lat=+0.0, hdg=+1°, npcs=45)
  [..] 000010: finally start
  [..] 000010: drain tick
  [..] 000010: destroy cam
  [..] 000010: destroy 45 npcs
  [..] 000010: destroy leader
  [..] 000010: destroy follower
  [..] 000010: post-cleanup tick
  [..] 000010: finally end
  [SKIP] 000011: no valid lane at shift=+1 from follower lane
  [SKIP] 000011: no valid lane at shift=-1 from follower lane
  [SKIP] 000011: no valid lane at shift=-1 from follower lane
  [..] 000011: spawn follower
  [..] 000011: spawn leader
  [..] 000011: spawn NPCs (near=15, scattered=30)
  [..] 000011: spawn camera
  [..] 000011: settle (no listener)
  [..] 000011: tick 10/80
  [..] 000011: tick 20/80
  [..] 000011: tick 30/80
  [..] 000011: tick 40/80
  [..] 000011: tick 50/80
  [..] 000011: tick 60/80
  [..] 000011: tick 70/80
  [..] 000011: tick 80/80
  [..] 000011: cam.listen (skip 20 stale frames)
  [OK] 000011.png  (Town01, WetNoon, sun=39°, dist=11m, lat=+0.0, hdg=-1°, npcs=45)
  [..] 000011: finally start
  [..] 000011: drain tick
  [..] 000011: destroy cam
  [..] 000011: destroy 45 npcs
  [..] 000011: destroy leader
  [..] 000011: destroy follower
  [..] 000011: post-cleanup tick
  [..] 000011: finally end
  [SKIP] 000012: no valid lane at shift=+1 from follower lane
  [SKIP] 000012: no valid lane at shift=+1 from follower lane
  [..] 000012: spawn follower
  [..] 000012: spawn leader
  [..] 000012: spawn NPCs (near=15, scattered=30)
  [..] 000012: spawn camera
  [..] 000012: settle (no listener)
  [..] 000012: tick 10/80
  [..] 000012: tick 20/80
  [..] 000012: tick 30/80
  [..] 000012: tick 40/80
  [..] 000012: tick 50/80
  [..] 000012: tick 60/80
  [..] 000012: tick 70/80
  [..] 000012: tick 80/80
  [..] 000012: cam.listen (skip 20 stale frames)
  [OK] 000012.png  (Town01, WetNoon, sun=59°, dist=11m, lat=+0.0, hdg=-2°, npcs=45)
  [..] 000012: finally start
  [..] 000012: drain tick
  [..] 000012: destroy cam
  [..] 000012: destroy 45 npcs
  [..] 000012: destroy leader
  [..] 000012: destroy follower
  [..] 000012: post-cleanup tick
  [..] 000012: finally end
  [SKIP] 000013: no valid lane at shift=-1 from follower lane
  [SKIP] 000013: no valid lane at shift=+1 from follower lane
  [SKIP] 000013: no valid lane at shift=-1 from follower lane
  [SKIP] 000013: no valid lane at shift=-1 from follower lane
  [SKIP] 000013: no valid lane at shift=+1 from follower lane
  [SKIP] 000013: no valid lane at shift=-1 from follower lane
  [SKIP] 000013: no valid lane at shift=+1 from follower lane
  [SKIP] 000013: no valid lane at shift=-1 from follower lane
  [SKIP] 000013: no valid lane at shift=-1 from follower lane
  [SKIP] 000013: no valid lane at shift=-1 from follower lane
  [..] 000013: spawn follower
  [..] 000013: spawn leader
  [..] 000013: spawn NPCs (near=15, scattered=30)
  [..] 000013: spawn camera
  [..] 000013: settle (no listener)
  [..] 000013: tick 10/80
  [..] 000013: tick 20/80
  [..] 000013: tick 30/80
  [..] 000013: tick 40/80
  [..] 000013: tick 50/80
  [..] 000013: tick 60/80
  [..] 000013: tick 70/80
  [..] 000013: tick 80/80
  [..] 000013: cam.listen (skip 20 stale frames)
  [OK] 000013.png  (Town01, MidRainyNoon, sun=38°, dist=15m, lat=+0.0, hdg=-3°, npcs=45)
  [..] 000013: finally start
  [..] 000013: drain tick
  [..] 000013: destroy cam
  [..] 000013: destroy 45 npcs
  [..] 000013: destroy leader
  [..] 000013: destroy follower
  [..] 000013: post-cleanup tick
  [..] 000013: finally end
  [..] 000014: spawn follower
  [..] 000014: spawn leader
  [..] 000014: spawn NPCs (near=15, scattered=30)
  [..] 000014: spawn camera
  [..] 000014: settle (no listener)
  [..] 000014: tick 10/80
  [..] 000014: tick 20/80
  [..] 000014: tick 30/80
  [..] 000014: tick 40/80
  [..] 000014: tick 50/80
  [..] 000014: tick 60/80
  [..] 000014: tick 70/80
  [..] 000014: tick 80/80
  [..] 000014: cam.listen (skip 20 stale frames)
  [OK] 000014.png  (Town01, CloudyNoon, sun=45°, dist=9m, lat=+0.0, hdg=+3°, npcs=45)
  [..] 000014: finally start
  [..] 000014: drain tick
  [..] 000014: destroy cam
  [..] 000014: destroy 45 npcs
  [..] 000014: destroy leader
  [..] 000014: destroy follower
  [..] 000014: post-cleanup tick
  [..] 000014: finally end
  [SKIP] 000015: no valid lane at shift=+1 from follower lane
  [SKIP] 000015: no valid lane at shift=+1 from follower lane
  [..] 000015: spawn follower
  [..] 000015: spawn leader
  [..] 000015: spawn NPCs (near=15, scattered=30)
  [..] 000015: spawn camera
  [..] 000015: settle (no listener)
  [..] 000015: tick 10/80
  [..] 000015: tick 20/80
  [..] 000015: tick 30/80
  [..] 000015: tick 40/80
  [..] 000015: tick 50/80
  [..] 000015: tick 60/80
  [..] 000015: tick 70/80
  [..] 000015: tick 80/80
  [..] 000015: cam.listen (skip 20 stale frames)
  [OK] 000015.png  (Town01, ClearNoon, sun=59°, dist=16m, lat=+0.0, hdg=+3°, npcs=45)
  [..] 000015: finally start
  [..] 000015: drain tick
  [..] 000015: destroy cam
  [..] 000015: destroy 45 npcs
  [..] 000015: destroy leader
  [..] 000015: destroy follower
  [..] 000015: post-cleanup tick
  [..] 000015: finally end
  [..] 000016: spawn follower
  [..] 000016: spawn leader
  [..] 000016: spawn NPCs (near=15, scattered=30)
  [..] 000016: spawn camera
  [..] 000016: settle (no listener)
  [..] 000016: tick 10/80
  [..] 000016: tick 20/80
  [..] 000016: tick 30/80
  [..] 000016: tick 40/80
  [..] 000016: tick 50/80
  [..] 000016: tick 60/80
  [..] 000016: tick 70/80
  [..] 000016: tick 80/80
  [..] 000016: cam.listen (skip 20 stale frames)
  [OK] 000016.png  (Town01, CloudyNoon, sun=46°, dist=16m, lat=+0.0, hdg=+4°, npcs=45)
  [..] 000016: finally start
  [..] 000016: drain tick
  [..] 000016: destroy cam
  [..] 000016: destroy 45 npcs
  [..] 000016: destroy leader
  [..] 000016: destroy follower
  [..] 000016: post-cleanup tick
  [..] 000016: finally end
  [SKIP] 000017: no valid lane at shift=+1 from follower lane
  [..] 000017: spawn follower
  [..] 000017: spawn leader
  [..] 000017: spawn NPCs (near=15, scattered=30)
  [..] 000017: spawn camera
  [..] 000017: settle (no listener)
  [..] 000017: tick 10/80
  [..] 000017: tick 20/80
  [..] 000017: tick 30/80
  [..] 000017: tick 40/80
  [..] 000017: tick 50/80
  [..] 000017: tick 60/80
  [..] 000017: tick 70/80
  [..] 000017: tick 80/80
  [..] 000017: cam.listen (skip 20 stale frames)
  [OK] 000017.png  (Town01, WetNoon, sun=33°, dist=15m, lat=+0.0, hdg=+5°, npcs=45)
  [..] 000017: finally start
  [..] 000017: drain tick
  [..] 000017: destroy cam
  [..] 000017: destroy 45 npcs
  [..] 000017: destroy leader
  [..] 000017: destroy follower
  [..] 000017: post-cleanup tick
  [..] 000017: finally end
  [SKIP] 000018: no valid lane at shift=+1 from follower lane
  [SKIP] 000018: no valid lane at shift=+1 from follower lane
  [SKIP] 000018: no valid lane at shift=-1 from follower lane
  [SKIP] 000018: no valid lane at shift=-1 from follower lane
  [SKIP] 000018: no valid lane at shift=+1 from follower lane
  [..] 000018: spawn follower
  [..] 000018: spawn leader
  [..] 000018: spawn NPCs (near=15, scattered=30)
  [..] 000018: spawn camera
  [..] 000018: settle (no listener)
  [..] 000018: tick 10/80
  [..] 000018: tick 20/80
  [..] 000018: tick 30/80
  [..] 000018: tick 40/80
  [..] 000018: tick 50/80
  [..] 000018: tick 60/80
  [..] 000018: tick 70/80
  [..] 000018: tick 80/80
  [..] 000018: cam.listen (skip 20 stale frames)
  [OK] 000018.png  (Town01, WetNoon, sun=59°, dist=13m, lat=+0.0, hdg=+3°, npcs=45)
  [..] 000018: finally start
  [..] 000018: drain tick
  [..] 000018: destroy cam
  [..] 000018: destroy 45 npcs
  [..] 000018: destroy leader
  [..] 000018: destroy follower
  [..] 000018: post-cleanup tick
  [..] 000018: finally end
  [SKIP] 000019: no valid lane at shift=+1 from follower lane
  [..] 000019: spawn follower
  [..] 000019: spawn leader
  [..] 000019: spawn NPCs (near=15, scattered=30)
  [..] 000019: spawn camera
  [..] 000019: settle (no listener)
  [..] 000019: tick 10/80
  [..] 000019: tick 20/80
  [..] 000019: tick 30/80
  [..] 000019: tick 40/80
  [..] 000019: tick 50/80
  [..] 000019: tick 60/80
  [..] 000019: tick 70/80
  [..] 000019: tick 80/80
  [..] 000019: cam.listen (skip 20 stale frames)
  [OK] 000019.png  (Town01, ClearNoon, sun=54°, dist=6m, lat=+0.0, hdg=+3°, npcs=45)
  [..] 000019: finally start
  [..] 000019: drain tick
  [..] 000019: destroy cam
  [..] 000019: destroy 45 npcs
  [..] 000019: destroy leader
  [..] 000019: destroy follower
  [..] 000019: post-cleanup tick
  [..] 000019: finally end
  [SKIP] 000020: no valid lane at shift=+1 from follower lane
  [..] 000020: spawn follower
  [..] 000020: spawn leader
  [..] 000020: spawn NPCs (near=15, scattered=30)
  [..] 000020: spawn camera
  [..] 000020: settle (no listener)
  [..] 000020: tick 10/80
  [..] 000020: tick 20/80
  [..] 000020: tick 30/80
  [..] 000020: tick 40/80
  [..] 000020: tick 50/80
  [..] 000020: tick 60/80
  [..] 000020: tick 70/80
  [..] 000020: tick 80/80
  [..] 000020: cam.listen (skip 20 stale frames)
  [OK] 000020.png  (Town01, WetNoon, sun=57°, dist=11m, lat=+0.0, hdg=+5°, npcs=45)
  [..] 000020: finally start
  [..] 000020: drain tick
  [..] 000020: destroy cam
  [..] 000020: destroy 45 npcs
  [..] 000020: destroy leader
  [..] 000020: destroy follower
  [..] 000020: post-cleanup tick
  [..] 000020: finally end
  [SKIP] 000021: no valid lane at shift=+1 from follower lane
  [SKIP] 000021: no valid lane at shift=+1 from follower lane
  [SKIP] 000021: no valid lane at shift=+1 from follower lane
  [SKIP] 000021: no valid lane at shift=-1 from follower lane
  [SKIP] 000021: no valid lane at shift=+1 from follower lane
  [..] 000021: spawn follower
  [..] 000021: spawn leader
  [..] 000021: spawn NPCs (near=15, scattered=30)
  [..] 000021: spawn camera
  [..] 000021: settle (no listener)
  [..] 000021: tick 10/80
  [..] 000021: tick 20/80
  [..] 000021: tick 30/80
  [..] 000021: tick 40/80
  [..] 000021: tick 50/80
  [..] 000021: tick 60/80
  [..] 000021: tick 70/80
  [..] 000021: tick 80/80
  [..] 000021: cam.listen (skip 20 stale frames)
  [OK] 000021.png  (Town01, MidRainyNoon, sun=45°, dist=12m, lat=+0.0, hdg=+1°, npcs=45)
  [..] 000021: finally start
  [..] 000021: drain tick
  [..] 000021: destroy cam
  [..] 000021: destroy 45 npcs
  [..] 000021: destroy leader
  [..] 000021: destroy follower
  [..] 000021: post-cleanup tick
  [..] 000021: finally end
  [SKIP] 000022: no valid lane at shift=-1 from follower lane
  [SKIP] 000022: no valid lane at shift=-1 from follower lane
  [SKIP] 000022: no valid lane at shift=-1 from follower lane
  [SKIP] 000022: no valid lane at shift=-1 from follower lane
  [..] 000022: spawn follower
  [..] 000022: spawn leader
  [..] 000022: spawn NPCs (near=15, scattered=30)
  [..] 000022: spawn camera
  [..] 000022: settle (no listener)
  [..] 000022: tick 10/80
  [..] 000022: tick 20/80
  [..] 000022: tick 30/80
  [..] 000022: tick 40/80
  [..] 000022: tick 50/80
  [..] 000022: tick 60/80
  [..] 000022: tick 70/80
  [..] 000022: tick 80/80
  [..] 000022: cam.listen (skip 20 stale frames)
  [OK] 000022.png  (Town01, CloudyNoon, sun=46°, dist=15m, lat=+0.0, hdg=+3°, npcs=45)
  [..] 000022: finally start
  [..] 000022: drain tick
  [..] 000022: destroy cam
  [..] 000022: destroy 45 npcs
  [..] 000022: destroy leader
  [..] 000022: destroy follower
  [..] 000022: post-cleanup tick
  [..] 000022: finally end
  [..] 000023: spawn follower
  [..] 000023: spawn leader
  [..] 000023: spawn NPCs (near=15, scattered=30)
  [..] 000023: spawn camera
  [..] 000023: settle (no listener)
  [..] 000023: tick 10/80
  [..] 000023: tick 20/80
  [..] 000023: tick 30/80
  [..] 000023: tick 40/80
  [..] 000023: tick 50/80
  [..] 000023: tick 60/80
  [..] 000023: tick 70/80
  [..] 000023: tick 80/80
  [..] 000023: cam.listen (skip 20 stale frames)
  [OK] 000023.png  (Town01, ClearNoon, sun=37°, dist=8m, lat=+0.0, hdg=-1°, npcs=45)
  [..] 000023: finally start
  [..] 000023: drain tick
  [..] 000023: destroy cam
  [..] 000023: destroy 45 npcs
  [..] 000023: destroy leader
  [..] 000023: destroy follower
  [..] 000023: post-cleanup tick
  [..] 000023: finally end
  [SKIP] 000024: no valid lane at shift=-1 from follower lane
  [SKIP] 000024: no valid lane at shift=+1 from follower lane
  [SKIP] 000024: no valid lane at shift=+1 from follower lane
  [SKIP] 000024: no valid lane at shift=-1 from follower lane
  [SKIP] 000024: no valid lane at shift=+1 from follower lane
  [SKIP] 000024: no valid lane at shift=-1 from follower lane
  [..] 000024: spawn follower
  [..] 000024: spawn leader
  [..] 000024: spawn NPCs (near=15, scattered=30)
  [..] 000024: spawn camera
  [..] 000024: settle (no listener)
  [..] 000024: tick 10/80
  [..] 000024: tick 20/80
  [..] 000024: tick 30/80
  [..] 000024: tick 40/80
  [..] 000024: tick 50/80
  [..] 000024: tick 60/80
  [..] 000024: tick 70/80
  [..] 000024: tick 80/80
  [..] 000024: cam.listen (skip 20 stale frames)
  [OK] 000024.png  (Town01, WetNoon, sun=40°, dist=13m, lat=+0.0, hdg=-2°, npcs=45)
  [..] 000024: finally start
  [..] 000024: drain tick
  [..] 000024: destroy cam
  [..] 000024: destroy 45 npcs
  [..] 000024: destroy leader
  [..] 000024: destroy follower
  [..] 000024: post-cleanup tick
  [..] 000024: finally end
  [SKIP] 000025: no valid lane at shift=-1 from follower lane
  [SKIP] 000025: no valid lane at shift=+1 from follower lane
  [SKIP] 000025: no valid lane at shift=-1 from follower lane
  [SKIP] 000025: no valid lane at shift=-1 from follower lane
  [SKIP] 000025: no valid lane at shift=-1 from follower lane
  [..] 000025: spawn follower
  [..] 000025: spawn leader
  [..] 000025: spawn NPCs (near=15, scattered=30)
  [..] 000025: spawn camera
  [..] 000025: settle (no listener)
  [..] 000025: tick 10/80
  [..] 000025: tick 20/80
  [..] 000025: tick 30/80
  [..] 000025: tick 40/80
  [..] 000025: tick 50/80
  [..] 000025: tick 60/80
  [..] 000025: tick 70/80
  [..] 000025: tick 80/80
  [..] 000025: cam.listen (skip 20 stale frames)
  [OK] 000025.png  (Town01, CloudyNoon, sun=26°, dist=15m, lat=+0.0, hdg=+3°, npcs=45)
  [..] 000025: finally start
  [..] 000025: drain tick
  [..] 000025: destroy cam
  [..] 000025: destroy 45 npcs
  [..] 000025: destroy leader
  [..] 000025: destroy follower
  [..] 000025: post-cleanup tick
  [..] 000025: finally end
  [SKIP] 000026: no valid lane at shift=+1 from follower lane
  [..] 000026: spawn follower
  [..] 000026: spawn leader
  [..] 000026: spawn NPCs (near=15, scattered=30)
  [..] 000026: spawn camera
  [..] 000026: settle (no listener)
  [..] 000026: tick 10/80
  [..] 000026: tick 20/80
  [..] 000026: tick 30/80
  [..] 000026: tick 40/80
  [..] 000026: tick 50/80
  [..] 000026: tick 60/80
  [..] 000026: tick 70/80
  [..] 000026: tick 80/80
  [..] 000026: cam.listen (skip 20 stale frames)
  [OK] 000026.png  (Town01, MidRainyNoon, sun=69°, dist=12m, lat=+0.0, hdg=-1°, npcs=45)
  [..] 000026: finally start
  [..] 000026: drain tick
  [..] 000026: destroy cam
  [..] 000026: destroy 45 npcs
  [..] 000026: destroy leader
  [..] 000026: destroy follower
  [..] 000026: post-cleanup tick
  [..] 000026: finally end
  [..] 000027: spawn follower
  [..] 000027: spawn leader
  [..] 000027: spawn NPCs (near=15, scattered=30)
  [..] 000027: spawn camera
  [..] 000027: settle (no listener)
  [..] 000027: tick 10/80
  [..] 000027: tick 20/80
  [..] 000027: tick 30/80
  [..] 000027: tick 40/80
  [..] 000027: tick 50/80
  [..] 000027: tick 60/80
  [..] 000027: tick 70/80
  [..] 000027: tick 80/80
  [..] 000027: cam.listen (skip 20 stale frames)
  [OK] 000027.png  (Town01, CloudyNoon, sun=37°, dist=15m, lat=+0.0, hdg=-2°, npcs=45)
  [..] 000027: finally start
  [..] 000027: drain tick
  [..] 000027: destroy cam
  [..] 000027: destroy 45 npcs
  [..] 000027: destroy leader
  [..] 000027: destroy follower
  [..] 000027: post-cleanup tick
  [..] 000027: finally end
  [SKIP] 000028: no valid lane at shift=-1 from follower lane
  [SKIP] 000028: no valid lane at shift=+1 from follower lane
  [..] 000028: spawn follower
  [..] 000028: spawn leader
  [..] 000028: spawn NPCs (near=15, scattered=30)
  [..] 000028: spawn camera
  [..] 000028: settle (no listener)
  [..] 000028: tick 10/80
  [..] 000028: tick 20/80
  [..] 000028: tick 30/80
  [..] 000028: tick 40/80
  [..] 000028: tick 50/80
  [..] 000028: tick 60/80
  [..] 000028: tick 70/80
  [..] 000028: tick 80/80
  [..] 000028: cam.listen (skip 20 stale frames)
  [OK] 000028.png  (Town01, WetNoon, sun=48°, dist=8m, lat=+0.0, hdg=+3°, npcs=45)
  [..] 000028: finally start
  [..] 000028: drain tick
  [..] 000028: destroy cam
  [..] 000028: destroy 45 npcs
  [..] 000028: destroy leader
  [..] 000028: destroy follower
  [..] 000028: post-cleanup tick
  [..] 000028: finally end
  [SKIP] 000029: no valid lane at shift=-1 from follower lane
  [SKIP] 000029: no valid lane at shift=-1 from follower lane
  [..] 000029: spawn follower
  [..] 000029: spawn leader
  [..] 000029: spawn NPCs (near=15, scattered=30)
  [..] 000029: spawn camera
  [..] 000029: settle (no listener)
  [..] 000029: tick 10/80
  [..] 000029: tick 20/80
  [..] 000029: tick 30/80
  [..] 000029: tick 40/80
  [..] 000029: tick 50/80
  [..] 000029: tick 60/80
  [..] 000029: tick 70/80
  [..] 000029: tick 80/80
  [..] 000029: cam.listen (skip 20 stale frames)
  [OK] 000029.png  (Town01, CloudyNoon, sun=66°, dist=8m, lat=+0.0, hdg=+1°, npcs=45)
  [..] 000029: finally start
  [..] 000029: drain tick
  [..] 000029: destroy cam
  [..] 000029: destroy 45 npcs
  [..] 000029: destroy leader
  [..] 000029: destroy follower
  [..] 000029: post-cleanup tick
  [..] 000029: finally end
  [..] 000030: spawn follower
  [..] 000030: spawn leader
  [..] 000030: spawn NPCs (near=15, scattered=30)
  [..] 000030: spawn camera
  [..] 000030: settle (no listener)
  [..] 000030: tick 10/80
  [..] 000030: tick 20/80
  [..] 000030: tick 30/80
  [..] 000030: tick 40/80
  [..] 000030: tick 50/80
  [..] 000030: tick 60/80
  [..] 000030: tick 70/80
  [..] 000030: tick 80/80
  [..] 000030: cam.listen (skip 20 stale frames)
  [OK] 000030.png  (Town01, MidRainyNoon, sun=55°, dist=7m, lat=+0.0, hdg=-4°, npcs=45)
  [..] 000030: finally start
  [..] 000030: drain tick
  [..] 000030: destroy cam
  [..] 000030: destroy 45 npcs
  [..] 000030: destroy leader
  [..] 000030: destroy follower
  [..] 000030: post-cleanup tick
  [..] 000030: finally end
  [SKIP] 000031: no valid lane at shift=+1 from follower lane
  [..] 000031: spawn follower
  [..] 000031: spawn leader
  [..] 000031: spawn NPCs (near=15, scattered=30)
  [..] 000031: spawn camera
  [..] 000031: settle (no listener)
  [..] 000031: tick 10/80
  [..] 000031: tick 20/80
  [..] 000031: tick 30/80
  [..] 000031: tick 40/80
  [..] 000031: tick 50/80
  [..] 000031: tick 60/80
  [..] 000031: tick 70/80
  [..] 000031: tick 80/80
  [..] 000031: cam.listen (skip 20 stale frames)
  [OK] 000031.png  (Town01, MidRainyNoon, sun=44°, dist=13m, lat=+0.0, hdg=-2°, npcs=45)
  [..] 000031: finally start
  [..] 000031: drain tick
  [..] 000031: destroy cam
  [..] 000031: destroy 45 npcs
  [..] 000031: destroy leader
  [..] 000031: destroy follower
  [..] 000031: post-cleanup tick
  [..] 000031: finally end
  [SKIP] 000032: no valid lane at shift=-1 from follower lane
  [SKIP] 000032: no valid lane at shift=-1 from follower lane
  [SKIP] 000032: no valid lane at shift=-1 from follower lane
  [SKIP] 000032: no valid lane at shift=+1 from follower lane
  [..] 000032: spawn follower
  [..] 000032: spawn leader
  [..] 000032: spawn NPCs (near=15, scattered=30)
  [..] 000032: spawn camera
  [..] 000032: settle (no listener)
  [..] 000032: tick 10/80
  [..] 000032: tick 20/80
  [..] 000032: tick 30/80
  [..] 000032: tick 40/80
  [..] 000032: tick 50/80
  [..] 000032: tick 60/80
  [..] 000032: tick 70/80
  [..] 000032: tick 80/80
  [..] 000032: cam.listen (skip 20 stale frames)
  [OK] 000032.png  (Town01, MidRainyNoon, sun=41°, dist=10m, lat=+0.0, hdg=+3°, npcs=45)
  [..] 000032: finally start
  [..] 000032: drain tick
  [..] 000032: destroy cam
  [..] 000032: destroy 45 npcs
  [..] 000032: destroy leader
  [..] 000032: destroy follower
  [..] 000032: post-cleanup tick
  [..] 000032: finally end
  [..] 000033: spawn follower
  [..] 000033: spawn leader
  [..] 000033: spawn NPCs (near=15, scattered=30)
  [..] 000033: spawn camera
  [..] 000033: settle (no listener)
  [..] 000033: tick 10/80
  [..] 000033: tick 20/80
  [..] 000033: tick 30/80
  [..] 000033: tick 40/80
  [..] 000033: tick 50/80
  [..] 000033: tick 60/80
  [..] 000033: tick 70/80
  [..] 000033: tick 80/80
  [..] 000033: cam.listen (skip 20 stale frames)
  [OK] 000033.png  (Town01, ClearNoon, sun=28°, dist=14m, lat=+0.0, hdg=+5°, npcs=45)
  [..] 000033: finally start
  [..] 000033: drain tick
  [..] 000033: destroy cam
  [..] 000033: destroy 45 npcs
  [..] 000033: destroy leader
  [..] 000033: destroy follower
  [..] 000033: post-cleanup tick
  [..] 000033: finally end
  [SKIP] 000034: no valid lane at shift=+1 from follower lane
  [SKIP] 000034: no valid lane at shift=-1 from follower lane
  [SKIP] 000034: no valid lane at shift=-1 from follower lane
  [..] 000034: spawn follower
  [..] 000034: spawn leader
  [..] 000034: spawn NPCs (near=15, scattered=30)
  [..] 000034: spawn camera
  [..] 000034: settle (no listener)
  [..] 000034: tick 10/80
  [..] 000034: tick 20/80
  [..] 000034: tick 30/80
  [..] 000034: tick 40/80
  [..] 000034: tick 50/80
  [..] 000034: tick 60/80
  [..] 000034: tick 70/80
  [..] 000034: tick 80/80
  [..] 000034: cam.listen (skip 20 stale frames)
  [OK] 000034.png  (Town01, ClearNoon, sun=38°, dist=11m, lat=+0.0, hdg=+0°, npcs=45)
  [..] 000034: finally start
  [..] 000034: drain tick
  [..] 000034: destroy cam
  [..] 000034: destroy 45 npcs
  [..] 000034: destroy leader
  [..] 000034: destroy follower
  [..] 000034: post-cleanup tick
  [..] 000034: finally end
  [SKIP] 000035: no valid lane at shift=+1 from follower lane
  [SKIP] 000035: no valid lane at shift=-1 from follower lane
  [..] 000035: spawn follower
  [..] 000035: spawn leader
  [..] 000035: spawn NPCs (near=15, scattered=30)
  [..] 000035: spawn camera
  [..] 000035: settle (no listener)
  [..] 000035: tick 10/80
  [..] 000035: tick 20/80
  [..] 000035: tick 30/80
  [..] 000035: tick 40/80
  [..] 000035: tick 50/80
  [..] 000035: tick 60/80
  [..] 000035: tick 70/80
  [..] 000035: tick 80/80
  [..] 000035: cam.listen (skip 20 stale frames)
  [OK] 000035.png  (Town01, WetNoon, sun=35°, dist=6m, lat=+0.0, hdg=-1°, npcs=45)
  [..] 000035: finally start
  [..] 000035: drain tick
  [..] 000035: destroy cam
  [..] 000035: destroy 45 npcs
  [..] 000035: destroy leader
  [..] 000035: destroy follower
  [..] 000035: post-cleanup tick
  [..] 000035: finally end
  [..] 000036: spawn follower
  [..] 000036: spawn leader
  [..] 000036: spawn NPCs (near=15, scattered=30)
  [..] 000036: spawn camera
  [..] 000036: settle (no listener)
  [..] 000036: tick 10/80
  [..] 000036: tick 20/80
  [..] 000036: tick 30/80
  [..] 000036: tick 40/80
  [..] 000036: tick 50/80
  [..] 000036: tick 60/80
  [..] 000036: tick 70/80
  [..] 000036: tick 80/80
  [..] 000036: cam.listen (skip 20 stale frames)
  [OK] 000036.png  (Town01, MidRainyNoon, sun=64°, dist=16m, lat=+0.0, hdg=-3°, npcs=45)
  [..] 000036: finally start
  [..] 000036: drain tick
  [..] 000036: destroy cam
  [..] 000036: destroy 45 npcs
  [..] 000036: destroy leader
  [..] 000036: destroy follower
  [..] 000036: post-cleanup tick
  [..] 000036: finally end
  [SKIP] 000037: no valid lane at shift=+1 from follower lane
  [SKIP] 000037: no valid lane at shift=-1 from follower lane
  [SKIP] 000037: no valid lane at shift=-1 from follower lane
  [SKIP] 000037: no valid lane at shift=+1 from follower lane
  [SKIP] 000037: no valid lane at shift=-1 from follower lane
  [SKIP] 000037: no valid lane at shift=-1 from follower lane
  [SKIP] 000037: no valid lane at shift=-1 from follower lane
  [SKIP] 000037: no valid lane at shift=-1 from follower lane
  [..] 000037: spawn follower
  [..] 000037: spawn leader
  [..] 000037: spawn NPCs (near=15, scattered=30)
  [..] 000037: spawn camera
  [..] 000037: settle (no listener)
  [..] 000037: tick 10/80
  [..] 000037: tick 20/80
  [..] 000037: tick 30/80
  [..] 000037: tick 40/80
  [..] 000037: tick 50/80
  [..] 000037: tick 60/80
  [..] 000037: tick 70/80
  [..] 000037: tick 80/80
  [..] 000037: cam.listen (skip 20 stale frames)
  [OK] 000037.png  (Town01, MidRainyNoon, sun=33°, dist=15m, lat=+0.0, hdg=+4°, npcs=45)
  [..] 000037: finally start
  [..] 000037: drain tick
  [..] 000037: destroy cam
  [..] 000037: destroy 45 npcs
  [..] 000037: destroy leader
  [..] 000037: destroy follower
  [..] 000037: post-cleanup tick
  [..] 000037: finally end
  [SKIP] 000038: no valid lane at shift=-1 from follower lane
  [SKIP] 000038: no valid lane at shift=+1 from follower lane
  [..] 000038: spawn follower
  [..] 000038: spawn leader
  [..] 000038: spawn NPCs (near=15, scattered=30)
  [..] 000038: spawn camera
  [..] 000038: settle (no listener)
  [..] 000038: tick 10/80
  [..] 000038: tick 20/80
  [..] 000038: tick 30/80
  [..] 000038: tick 40/80
  [..] 000038: tick 50/80
  [..] 000038: tick 60/80
  [..] 000038: tick 70/80
  [..] 000038: tick 80/80
  [..] 000038: cam.listen (skip 20 stale frames)
  [OK] 000038.png  (Town01, CloudyNoon, sun=66°, dist=13m, lat=+0.0, hdg=+1°, npcs=45)
  [..] 000038: finally start
  [..] 000038: drain tick
  [..] 000038: destroy cam
  [..] 000038: destroy 45 npcs
  [..] 000038: destroy leader
  [..] 000038: destroy follower
  [..] 000038: post-cleanup tick
  [..] 000038: finally end
  [SKIP] 000039: no valid lane at shift=-1 from follower lane
  [SKIP] 000039: no valid lane at shift=-1 from follower lane
  [SKIP] 000039: no valid lane at shift=+1 from follower lane
  [SKIP] 000039: no valid lane at shift=-1 from follower lane
  [SKIP] 000039: no valid lane at shift=+1 from follower lane
  [SKIP] 000039: no valid lane at shift=-1 from follower lane
  [SKIP] 000039: no valid lane at shift=+1 from follower lane
  [..] 000039: spawn follower
  [..] 000039: spawn leader
  [..] 000039: spawn NPCs (near=15, scattered=30)
  [..] 000039: spawn camera
  [..] 000039: settle (no listener)
  [..] 000039: tick 10/80
  [..] 000039: tick 20/80
  [..] 000039: tick 30/80
  [..] 000039: tick 40/80
  [..] 000039: tick 50/80
  [..] 000039: tick 60/80
  [..] 000039: tick 70/80
  [..] 000039: tick 80/80
  [..] 000039: cam.listen (skip 20 stale frames)
  [OK] 000039.png  (Town01, WetNoon, sun=56°, dist=9m, lat=+0.0, hdg=+5°, npcs=45)
  [..] 000039: finally start
  [..] 000039: drain tick
  [..] 000039: destroy cam
  [..] 000039: destroy 45 npcs
  [..] 000039: destroy leader
  [..] 000039: destroy follower
  [..] 000039: post-cleanup tick
  [..] 000039: finally end
  [SKIP] 000040: no valid lane at shift=+1 from follower lane
  [..] 000040: spawn follower
  [..] 000040: spawn leader
  [..] 000040: spawn NPCs (near=15, scattered=30)
  [..] 000040: spawn camera
  [..] 000040: settle (no listener)
  [..] 000040: tick 10/80
  [..] 000040: tick 20/80
  [..] 000040: tick 30/80
  [..] 000040: tick 40/80
  [..] 000040: tick 50/80
  [..] 000040: tick 60/80
  [..] 000040: tick 70/80
  [..] 000040: tick 80/80
  [..] 000040: cam.listen (skip 20 stale frames)
  [OK] 000040.png  (Town01, MidRainyNoon, sun=42°, dist=17m, lat=+0.0, hdg=+4°, npcs=45)
  [..] 000040: finally start
  [..] 000040: drain tick
  [..] 000040: destroy cam
  [..] 000040: destroy 45 npcs
  [..] 000040: destroy leader
  [..] 000040: destroy follower
  [..] 000040: post-cleanup tick
  [..] 000040: finally end
  [..] 000041: spawn follower
  [..] 000041: spawn leader
  [..] 000041: spawn NPCs (near=15, scattered=30)
  [..] 000041: spawn camera
  [..] 000041: settle (no listener)
  [..] 000041: tick 10/80
  [..] 000041: tick 20/80
  [..] 000041: tick 30/80
  [..] 000041: tick 40/80
  [..] 000041: tick 50/80
  [..] 000041: tick 60/80
  [..] 000041: tick 70/80
  [..] 000041: tick 80/80
  [..] 000041: cam.listen (skip 20 stale frames)
  [OK] 000041.png  (Town01, ClearNoon, sun=38°, dist=9m, lat=+0.0, hdg=-4°, npcs=45)
  [..] 000041: finally start
  [..] 000041: drain tick
  [..] 000041: destroy cam
  [..] 000041: destroy 45 npcs
  [..] 000041: destroy leader
  [..] 000041: destroy follower
  [..] 000041: post-cleanup tick
  [..] 000041: finally end
  [SKIP] 000042: no valid lane at shift=+1 from follower lane
  [SKIP] 000042: no valid lane at shift=-1 from follower lane
  [..] 000042: spawn follower
  [..] 000042: spawn leader
  [..] 000042: spawn NPCs (near=15, scattered=30)
  [..] 000042: spawn camera
  [..] 000042: settle (no listener)
  [..] 000042: tick 10/80
  [..] 000042: tick 20/80
  [..] 000042: tick 30/80
  [..] 000042: tick 40/80
  [..] 000042: tick 50/80
  [..] 000042: tick 60/80
  [..] 000042: tick 70/80
  [..] 000042: tick 80/80
  [..] 000042: cam.listen (skip 20 stale frames)
  [OK] 000042.png  (Town01, WetNoon, sun=45°, dist=18m, lat=+0.0, hdg=+2°, npcs=45)
  [..] 000042: finally start
  [..] 000042: drain tick
  [..] 000042: destroy cam
  [..] 000042: destroy 45 npcs
  [..] 000042: destroy leader
  [..] 000042: destroy follower
  [..] 000042: post-cleanup tick
  [..] 000042: finally end
  [..] 000043: spawn follower
  [..] 000043: spawn leader
  [..] 000043: spawn NPCs (near=15, scattered=30)
  [..] 000043: spawn camera
  [..] 000043: settle (no listener)
  [..] 000043: tick 10/80
  [..] 000043: tick 20/80
  [..] 000043: tick 30/80
  [..] 000043: tick 40/80
  [..] 000043: tick 50/80
  [..] 000043: tick 60/80
  [..] 000043: tick 70/80
  [..] 000043: tick 80/80
  [..] 000043: cam.listen (skip 20 stale frames)
  [OK] 000043.png  (Town01, MidRainyNoon, sun=55°, dist=17m, lat=+0.0, hdg=+4°, npcs=45)
  [..] 000043: finally start
  [..] 000043: drain tick
  [..] 000043: destroy cam
  [..] 000043: destroy 45 npcs
  [..] 000043: destroy leader
  [..] 000043: destroy follower
  [..] 000043: post-cleanup tick
  [..] 000043: finally end
  [SKIP] 000044: no valid lane at shift=-1 from follower lane
  [SKIP] 000044: no valid lane at shift=+1 from follower lane
  [SKIP] 000044: no valid lane at shift=-1 from follower lane
  [SKIP] 000044: no valid lane at shift=-1 from follower lane
  [SKIP] 000044: no valid lane at shift=+1 from follower lane
  [SKIP] 000044: no valid lane at shift=-1 from follower lane
  [SKIP] 000044: no valid lane at shift=+1 from follower lane
  [SKIP] 000044: no valid lane at shift=+1 from follower lane
  [SKIP] 000044: no valid lane at shift=+1 from follower lane
  [..] 000044: spawn follower
  [..] 000044: spawn leader
  [..] 000044: spawn NPCs (near=15, scattered=30)
  [..] 000044: spawn camera
  [..] 000044: settle (no listener)
  [..] 000044: tick 10/80
  [..] 000044: tick 20/80
  [..] 000044: tick 30/80
  [..] 000044: tick 40/80
  [..] 000044: tick 50/80
  [..] 000044: tick 60/80
  [..] 000044: tick 70/80
  [..] 000044: tick 80/80
  [..] 000044: cam.listen (skip 20 stale frames)
  [OK] 000044.png  (Town01, CloudyNoon, sun=65°, dist=7m, lat=+0.0, hdg=+5°, npcs=45)
  [..] 000044: finally start
  [..] 000044: drain tick
  [..] 000044: destroy cam
  [..] 000044: destroy 45 npcs
  [..] 000044: destroy leader
  [..] 000044: destroy follower
  [..] 000044: post-cleanup tick
  [..] 000044: finally end
  [SKIP] 000045: no valid lane at shift=+1 from follower lane
  [..] 000045: spawn follower
  [..] 000045: spawn leader
  [..] 000045: spawn NPCs (near=15, scattered=30)
  [..] 000045: spawn camera
  [..] 000045: settle (no listener)
  [..] 000045: tick 10/80
  [..] 000045: tick 20/80
  [..] 000045: tick 30/80
  [..] 000045: tick 40/80
  [..] 000045: tick 50/80
  [..] 000045: tick 60/80
  [..] 000045: tick 70/80
  [..] 000045: tick 80/80
  [..] 000045: cam.listen (skip 20 stale frames)
  [OK] 000045.png  (Town01, MidRainyNoon, sun=56°, dist=14m, lat=+0.0, hdg=+4°, npcs=45)
  [..] 000045: finally start
  [..] 000045: drain tick
  [..] 000045: destroy cam
  [..] 000045: destroy 45 npcs
  [..] 000045: destroy leader
  [..] 000045: destroy follower
  [..] 000045: post-cleanup tick
  [..] 000045: finally end
  [SKIP] 000046: no valid lane at shift=+1 from follower lane
  [SKIP] 000046: no valid lane at shift=+1 from follower lane
  [SKIP] 000046: no valid lane at shift=-1 from follower lane
  [SKIP] 000046: no valid lane at shift=-1 from follower lane
  [..] 000046: spawn follower
  [..] 000046: spawn leader
  [..] 000046: spawn NPCs (near=15, scattered=30)
  [..] 000046: spawn camera
  [..] 000046: settle (no listener)
  [..] 000046: tick 10/80
  [..] 000046: tick 20/80
  [..] 000046: tick 30/80
  [..] 000046: tick 40/80
  [..] 000046: tick 50/80
  [..] 000046: tick 60/80
  [..] 000046: tick 70/80
  [..] 000046: tick 80/80
  [..] 000046: cam.listen (skip 20 stale frames)
  [OK] 000046.png  (Town01, MidRainyNoon, sun=49°, dist=13m, lat=+0.0, hdg=-1°, npcs=45)
  [..] 000046: finally start
  [..] 000046: drain tick
  [..] 000046: destroy cam
  [..] 000046: destroy 45 npcs
  [..] 000046: destroy leader
  [..] 000046: destroy follower
  [..] 000046: post-cleanup tick
  [..] 000046: finally end
  [SKIP] 000047: no valid lane at shift=+1 from follower lane
  [..] 000047: spawn follower
  [..] 000047: spawn leader
  [..] 000047: spawn NPCs (near=15, scattered=30)
  [..] 000047: spawn camera
  [..] 000047: settle (no listener)
  [..] 000047: tick 10/80
  [..] 000047: tick 20/80
  [..] 000047: tick 30/80
  [..] 000047: tick 40/80
  [..] 000047: tick 50/80
  [..] 000047: tick 60/80
  [..] 000047: tick 70/80
  [..] 000047: tick 80/80
  [..] 000047: cam.listen (skip 20 stale frames)
  [OK] 000047.png  (Town01, WetNoon, sun=60°, dist=15m, lat=+0.0, hdg=-2°, npcs=45)
  [..] 000047: finally start
  [..] 000047: drain tick
  [..] 000047: destroy cam
  [..] 000047: destroy 45 npcs
  [..] 000047: destroy leader
  [..] 000047: destroy follower
  [..] 000047: post-cleanup tick
  [..] 000047: finally end
  [SKIP] 000048: no valid lane at shift=+1 from follower lane
  [SKIP] 000048: no valid lane at shift=+1 from follower lane
  [..] 000048: spawn follower
  [..] 000048: spawn leader
  [..] 000048: spawn NPCs (near=15, scattered=30)
  [..] 000048: spawn camera
  [..] 000048: settle (no listener)
  [..] 000048: tick 10/80
  [..] 000048: tick 20/80
  [..] 000048: tick 30/80
  [..] 000048: tick 40/80
  [..] 000048: tick 50/80
  [..] 000048: tick 60/80
  [..] 000048: tick 70/80
  [..] 000048: tick 80/80
  [..] 000048: cam.listen (skip 20 stale frames)
  [OK] 000048.png  (Town01, WetNoon, sun=42°, dist=9m, lat=+0.0, hdg=+2°, npcs=45)
  [..] 000048: finally start
  [..] 000048: drain tick
  [..] 000048: destroy cam
  [..] 000048: destroy 45 npcs
  [..] 000048: destroy leader
  [..] 000048: destroy follower
  [..] 000048: post-cleanup tick
  [..] 000048: finally end
  [SKIP] 000049: no valid lane at shift=+1 from follower lane
  [SKIP] 000049: no valid lane at shift=+1 from follower lane
  [SKIP] 000049: no valid lane at shift=+1 from follower lane
  [SKIP] 000049: no valid lane at shift=+1 from follower lane
  [..] 000049: spawn follower
  [..] 000049: spawn leader
  [..] 000049: spawn NPCs (near=15, scattered=30)
  [..] 000049: spawn camera
  [..] 000049: settle (no listener)
  [..] 000049: tick 10/80
  [..] 000049: tick 20/80
  [..] 000049: tick 30/80
  [..] 000049: tick 40/80
  [..] 000049: tick 50/80
  [..] 000049: tick 60/80
  [..] 000049: tick 70/80
  [..] 000049: tick 80/80
  [..] 000049: cam.listen (skip 20 stale frames)
  [OK] 000049.png  (Town01, ClearNoon, sun=60°, dist=10m, lat=+0.0, hdg=+2°, npcs=45)
  [..] 000049: finally start
  [..] 000049: drain tick
  [..] 000049: destroy cam
  [..] 000049: destroy 45 npcs
  [..] 000049: destroy leader
  [..] 000049: destroy follower
  [..] 000049: post-cleanup tick
  [..] 000049: finally end
  [SKIP] 000050: no valid lane at shift=-1 from follower lane
  [SKIP] 000050: no valid lane at shift=+1 from follower lane
  [SKIP] 000050: no valid lane at shift=-1 from follower lane
  [SKIP] 000050: no valid lane at shift=-1 from follower lane
  [SKIP] 000050: no valid lane at shift=+1 from follower lane
  [SKIP] 000050: no valid lane at shift=-1 from follower lane
  [SKIP] 000050: no valid lane at shift=-1 from follower lane
  [SKIP] 000050: no valid lane at shift=+1 from follower lane
  [SKIP] 000050: no valid lane at shift=+1 from follower lane
  [SKIP] 000050: no valid lane at shift=+1 from follower lane
  [SKIP] 000050: no valid lane at shift=-1 from follower lane
  [SKIP] 000050: no valid lane at shift=-1 from follower lane
  [SKIP] 000050: no valid lane at shift=-1 from follower lane
  [..] 000050: spawn follower
  [..] 000050: spawn leader
  [..] 000050: spawn NPCs (near=15, scattered=30)
  [..] 000050: spawn camera
  [..] 000050: settle (no listener)
  [..] 000050: tick 10/80
  [..] 000050: tick 20/80
  [..] 000050: tick 30/80
  [..] 000050: tick 40/80
  [..] 000050: tick 50/80
  [..] 000050: tick 60/80
  [..] 000050: tick 70/80
  [..] 000050: tick 80/80
  [..] 000050: cam.listen (skip 20 stale frames)
  [OK] 000050.png  (Town01, CloudyNoon, sun=45°, dist=11m, lat=+0.0, hdg=-0°, npcs=45)
  [..] 000050: finally start
  [..] 000050: drain tick
  [..] 000050: destroy cam
  [..] 000050: destroy 45 npcs
  [..] 000050: destroy leader
  [..] 000050: destroy follower
  [..] 000050: post-cleanup tick
  [..] 000050: finally end
  [SKIP] 000051: no valid lane at shift=+1 from follower lane
  [SKIP] 000051: no valid lane at shift=-1 from follower lane
  [..] 000051: spawn follower
  [..] 000051: spawn leader
  [..] 000051: spawn NPCs (near=15, scattered=30)
  [..] 000051: spawn camera
  [..] 000051: settle (no listener)
  [..] 000051: tick 10/80
  [..] 000051: tick 20/80
  [..] 000051: tick 30/80
  [..] 000051: tick 40/80
  [..] 000051: tick 50/80
  [..] 000051: tick 60/80
  [..] 000051: tick 70/80
  [..] 000051: tick 80/80
  [..] 000051: cam.listen (skip 20 stale frames)
  [OK] 000051.png  (Town01, ClearNoon, sun=68°, dist=14m, lat=+0.0, hdg=+2°, npcs=45)
  [..] 000051: finally start
  [..] 000051: drain tick
  [..] 000051: destroy cam
  [..] 000051: destroy 45 npcs
  [..] 000051: destroy leader
  [..] 000051: destroy follower
  [..] 000051: post-cleanup tick
  [..] 000051: finally end
  [SKIP] 000052: no valid lane at shift=+1 from follower lane
  [SKIP] 000052: no valid lane at shift=-1 from follower lane
  [SKIP] 000052: no valid lane at shift=+1 from follower lane
  [SKIP] 000052: no valid lane at shift=-1 from follower lane
  [SKIP] 000052: no valid lane at shift=-1 from follower lane
  [SKIP] 000052: no valid lane at shift=-1 from follower lane
  [SKIP] 000052: no valid lane at shift=+1 from follower lane
  [..] 000052: spawn follower
  [..] 000052: spawn leader
  [..] 000052: spawn NPCs (near=15, scattered=30)
  [..] 000052: spawn camera
  [..] 000052: settle (no listener)
  [..] 000052: tick 10/80
  [..] 000052: tick 20/80
  [..] 000052: tick 30/80
  [..] 000052: tick 40/80
  [..] 000052: tick 50/80
  [..] 000052: tick 60/80
  [..] 000052: tick 70/80
  [..] 000052: tick 80/80
  [..] 000052: cam.listen (skip 20 stale frames)
  [OK] 000052.png  (Town01, WetNoon, sun=31°, dist=10m, lat=+0.0, hdg=+2°, npcs=45)
  [..] 000052: finally start
  [..] 000052: drain tick
  [..] 000052: destroy cam
  [..] 000052: destroy 45 npcs
  [..] 000052: destroy leader
  [..] 000052: destroy follower
  [..] 000052: post-cleanup tick
  [..] 000052: finally end
  [SKIP] 000053: no valid lane at shift=+1 from follower lane
  [..] 000053: spawn follower
  [..] 000053: spawn leader
  [..] 000053: spawn NPCs (near=15, scattered=30)
  [..] 000053: spawn camera
  [..] 000053: settle (no listener)
  [..] 000053: tick 10/80
  [..] 000053: tick 20/80
  [..] 000053: tick 30/80
  [..] 000053: tick 40/80
  [..] 000053: tick 50/80
  [..] 000053: tick 60/80
  [..] 000053: tick 70/80
  [..] 000053: tick 80/80
  [..] 000053: cam.listen (skip 20 stale frames)
  [OK] 000053.png  (Town01, ClearNoon, sun=31°, dist=8m, lat=+0.0, hdg=+5°, npcs=45)
  [..] 000053: finally start
  [..] 000053: drain tick
  [..] 000053: destroy cam
  [..] 000053: destroy 45 npcs
  [..] 000053: destroy leader
  [..] 000053: destroy follower
  [..] 000053: post-cleanup tick
  [..] 000053: finally end
  [SKIP] 000054: no valid lane at shift=-1 from follower lane
  [SKIP] 000054: no valid lane at shift=-1 from follower lane
  [SKIP] 000054: no valid lane at shift=-1 from follower lane
  [..] 000054: spawn follower
  [..] 000054: spawn leader
  [..] 000054: spawn NPCs (near=15, scattered=30)
  [..] 000054: spawn camera
  [..] 000054: settle (no listener)
  [..] 000054: tick 10/80
  [..] 000054: tick 20/80
  [..] 000054: tick 30/80
  [..] 000054: tick 40/80
  [..] 000054: tick 50/80
  [..] 000054: tick 60/80
  [..] 000054: tick 70/80
  [..] 000054: tick 80/80
  [..] 000054: cam.listen (skip 20 stale frames)
  [OK] 000054.png  (Town01, ClearNoon, sun=59°, dist=9m, lat=+0.0, hdg=-0°, npcs=45)
  [..] 000054: finally start
  [..] 000054: drain tick
  [..] 000054: destroy cam
  [..] 000054: destroy 45 npcs
  [..] 000054: destroy leader
  [..] 000054: destroy follower
  [..] 000054: post-cleanup tick
  [..] 000054: finally end
  [SKIP] 000055: no valid lane at shift=-1 from follower lane
  [SKIP] 000055: no valid lane at shift=-1 from follower lane
  [..] 000055: spawn follower
  [..] 000055: spawn leader
  [..] 000055: spawn NPCs (near=15, scattered=30)
  [..] 000055: spawn camera
  [..] 000055: settle (no listener)
  [..] 000055: tick 10/80
  [..] 000055: tick 20/80
  [..] 000055: tick 30/80
  [..] 000055: tick 40/80
  [..] 000055: tick 50/80
  [..] 000055: tick 60/80
  [..] 000055: tick 70/80
  [..] 000055: tick 80/80
  [..] 000055: cam.listen (skip 20 stale frames)
  [OK] 000055.png  (Town01, CloudyNoon, sun=33°, dist=9m, lat=+0.0, hdg=-3°, npcs=45)
  [..] 000055: finally start
  [..] 000055: drain tick
  [..] 000055: destroy cam
  [..] 000055: destroy 45 npcs
  [..] 000055: destroy leader
  [..] 000055: destroy follower
  [..] 000055: post-cleanup tick
  [..] 000055: finally end
  [SKIP] 000056: no valid lane at shift=+1 from follower lane
  [SKIP] 000056: no valid lane at shift=+1 from follower lane
  [SKIP] 000056: no valid lane at shift=-1 from follower lane
  [..] 000056: spawn follower
  [..] 000056: spawn leader
  [..] 000056: spawn NPCs (near=15, scattered=30)
  [..] 000056: spawn camera
  [..] 000056: settle (no listener)
  [..] 000056: tick 10/80
  [..] 000056: tick 20/80
  [..] 000056: tick 30/80
  [..] 000056: tick 40/80
  [..] 000056: tick 50/80
  [..] 000056: tick 60/80
  [..] 000056: tick 70/80
  [..] 000056: tick 80/80
  [..] 000056: cam.listen (skip 20 stale frames)
  [OK] 000056.png  (Town01, ClearNoon, sun=51°, dist=7m, lat=+0.0, hdg=-2°, npcs=45)
  [..] 000056: finally start
  [..] 000056: drain tick
  [..] 000056: destroy cam
  [..] 000056: destroy 45 npcs
  [..] 000056: destroy leader
  [..] 000056: destroy follower
  [..] 000056: post-cleanup tick
  [..] 000056: finally end
  [SKIP] 000057: no valid lane at shift=-1 from follower lane
  [SKIP] 000057: no valid lane at shift=+1 from follower lane
  [SKIP] 000057: no valid lane at shift=+1 from follower lane
  [SKIP] 000057: no valid lane at shift=+1 from follower lane
  [..] 000057: spawn follower
  [..] 000057: spawn leader
  [..] 000057: spawn NPCs (near=15, scattered=30)
  [..] 000057: spawn camera
  [..] 000057: settle (no listener)
  [..] 000057: tick 10/80
  [..] 000057: tick 20/80
  [..] 000057: tick 30/80
  [..] 000057: tick 40/80
  [..] 000057: tick 50/80
  [..] 000057: tick 60/80
  [..] 000057: tick 70/80
  [..] 000057: tick 80/80
  [..] 000057: cam.listen (skip 20 stale frames)
  [OK] 000057.png  (Town01, CloudyNoon, sun=51°, dist=7m, lat=+0.0, hdg=-0°, npcs=45)
  [..] 000057: finally start
  [..] 000057: drain tick
  [..] 000057: destroy cam
  [..] 000057: destroy 45 npcs
  [..] 000057: destroy leader
  [..] 000057: destroy follower
  [..] 000057: post-cleanup tick
  [..] 000057: finally end
  [SKIP] 000058: no valid lane at shift=+1 from follower lane
  [..] 000058: spawn follower
  [..] 000058: spawn leader
  [..] 000058: spawn NPCs (near=15, scattered=30)
  [..] 000058: spawn camera
  [..] 000058: settle (no listener)
  [..] 000058: tick 10/80
  [..] 000058: tick 20/80
  [..] 000058: tick 30/80
  [..] 000058: tick 40/80
  [..] 000058: tick 50/80
  [..] 000058: tick 60/80
  [..] 000058: tick 70/80
  [..] 000058: tick 80/80
  [..] 000058: cam.listen (skip 20 stale frames)
  [OK] 000058.png  (Town01, MidRainyNoon, sun=34°, dist=7m, lat=+0.0, hdg=-4°, npcs=45)
  [..] 000058: finally start
  [..] 000058: drain tick
  [..] 000058: destroy cam
  [..] 000058: destroy 45 npcs
  [..] 000058: destroy leader
  [..] 000058: destroy follower
  [..] 000058: post-cleanup tick
  [..] 000058: finally end
  [..] 000059: spawn follower
  [..] 000059: spawn leader
  [..] 000059: spawn NPCs (near=15, scattered=30)
  [..] 000059: spawn camera
  [..] 000059: settle (no listener)
  [..] 000059: tick 10/80
  [..] 000059: tick 20/80
  [..] 000059: tick 30/80
  [..] 000059: tick 40/80
  [..] 000059: tick 50/80
  [..] 000059: tick 60/80
  [..] 000059: tick 70/80
  [..] 000059: tick 80/80
  [..] 000059: cam.listen (skip 20 stale frames)
  [OK] 000059.png  (Town01, WetNoon, sun=31°, dist=9m, lat=+0.0, hdg=+2°, npcs=45)
  [..] 000059: finally start
  [..] 000059: drain tick
  [..] 000059: destroy cam
  [..] 000059: destroy 45 npcs
  [..] 000059: destroy leader
  [..] 000059: destroy follower
  [..] 000059: post-cleanup tick
  [..] 000059: finally end
  [..] 000060: spawn follower
  [..] 000060: spawn leader
  [..] 000060: spawn NPCs (near=15, scattered=30)
  [..] 000060: spawn camera
  [..] 000060: settle (no listener)
  [..] 000060: tick 10/80
  [..] 000060: tick 20/80
  [..] 000060: tick 30/80
  [..] 000060: tick 40/80
  [..] 000060: tick 50/80
  [..] 000060: tick 60/80
  [..] 000060: tick 70/80
  [..] 000060: tick 80/80
  [..] 000060: cam.listen (skip 20 stale frames)
  [OK] 000060.png  (Town01, MidRainyNoon, sun=49°, dist=13m, lat=+0.0, hdg=+5°, npcs=45)
  [..] 000060: finally start
  [..] 000060: drain tick
  [..] 000060: destroy cam
  [..] 000060: destroy 45 npcs
  [..] 000060: destroy leader
  [..] 000060: destroy follower
  [..] 000060: post-cleanup tick
  [..] 000060: finally end
  [SKIP] 000061: no valid lane at shift=+1 from follower lane
  [SKIP] 000061: no valid lane at shift=+1 from follower lane
  [..] 000061: spawn follower
  [..] 000061: spawn leader
  [..] 000061: spawn NPCs (near=15, scattered=30)
  [..] 000061: spawn camera
  [..] 000061: settle (no listener)
  [..] 000061: tick 10/80
  [..] 000061: tick 20/80
  [..] 000061: tick 30/80
  [..] 000061: tick 40/80
  [..] 000061: tick 50/80
  [..] 000061: tick 60/80
  [..] 000061: tick 70/80
  [..] 000061: tick 80/80
  [..] 000061: cam.listen (skip 20 stale frames)
  [OK] 000061.png  (Town01, ClearNoon, sun=36°, dist=16m, lat=+0.0, hdg=-4°, npcs=45)
  [..] 000061: finally start
  [..] 000061: drain tick
  [..] 000061: destroy cam
  [..] 000061: destroy 45 npcs
  [..] 000061: destroy leader
  [..] 000061: destroy follower
  [..] 000061: post-cleanup tick
  [..] 000061: finally end
  [..] 000062: spawn follower
  [..] 000062: spawn leader
  [..] 000062: spawn NPCs (near=15, scattered=30)
  [..] 000062: spawn camera
  [..] 000062: settle (no listener)
  [..] 000062: tick 10/80
  [..] 000062: tick 20/80
  [..] 000062: tick 30/80
  [..] 000062: tick 40/80
  [..] 000062: tick 50/80
  [..] 000062: tick 60/80
  [..] 000062: tick 70/80
  [..] 000062: tick 80/80
  [..] 000062: cam.listen (skip 20 stale frames)
  [OK] 000062.png  (Town01, ClearNoon, sun=32°, dist=13m, lat=+0.0, hdg=-4°, npcs=45)
  [..] 000062: finally start
  [..] 000062: drain tick
  [..] 000062: destroy cam
  [..] 000062: destroy 45 npcs
  [..] 000062: destroy leader
  [..] 000062: destroy follower
  [..] 000062: post-cleanup tick
  [..] 000062: finally end
  [SKIP] 000063: no valid lane at shift=+1 from follower lane
  [..] 000063: spawn follower
  [..] 000063: spawn leader
  [..] 000063: spawn NPCs (near=15, scattered=30)
  [..] 000063: spawn camera
  [..] 000063: settle (no listener)
  [..] 000063: tick 10/80
  [..] 000063: tick 20/80
  [..] 000063: tick 30/80
  [..] 000063: tick 40/80
  [..] 000063: tick 50/80
  [..] 000063: tick 60/80
  [..] 000063: tick 70/80
  [..] 000063: tick 80/80
  [..] 000063: cam.listen (skip 20 stale frames)
  [OK] 000063.png  (Town01, ClearNoon, sun=55°, dist=11m, lat=+0.0, hdg=+3°, npcs=45)
  [..] 000063: finally start
  [..] 000063: drain tick
  [..] 000063: destroy cam
  [..] 000063: destroy 45 npcs
  [..] 000063: destroy leader
  [..] 000063: destroy follower
  [..] 000063: post-cleanup tick
  [..] 000063: finally end
  [SKIP] 000064: no valid lane at shift=-1 from follower lane
  [..] 000064: spawn follower
  [..] 000064: spawn leader
  [..] 000064: spawn NPCs (near=15, scattered=30)
  [..] 000064: spawn camera
  [..] 000064: settle (no listener)
  [..] 000064: tick 10/80
  [..] 000064: tick 20/80
  [..] 000064: tick 30/80
  [..] 000064: tick 40/80
  [..] 000064: tick 50/80
  [..] 000064: tick 60/80
  [..] 000064: tick 70/80
  [..] 000064: tick 80/80
  [..] 000064: cam.listen (skip 20 stale frames)
  [OK] 000064.png  (Town01, MidRainyNoon, sun=62°, dist=17m, lat=+0.0, hdg=+3°, npcs=45)
  [..] 000064: finally start
  [..] 000064: drain tick
  [..] 000064: destroy cam
  [..] 000064: destroy 45 npcs
  [..] 000064: destroy leader
  [..] 000064: destroy follower
  [..] 000064: post-cleanup tick
  [..] 000064: finally end
  [..] 000065: spawn follower
  [..] 000065: spawn leader
  [..] 000065: spawn NPCs (near=15, scattered=30)
  [..] 000065: spawn camera
  [..] 000065: settle (no listener)
  [..] 000065: tick 10/80
  [..] 000065: tick 20/80
  [..] 000065: tick 30/80
  [..] 000065: tick 40/80
  [..] 000065: tick 50/80
  [..] 000065: tick 60/80
  [..] 000065: tick 70/80
  [..] 000065: tick 80/80
  [..] 000065: cam.listen (skip 20 stale frames)
  [OK] 000065.png  (Town01, CloudyNoon, sun=61°, dist=8m, lat=+0.0, hdg=-4°, npcs=45)
  [..] 000065: finally start
  [..] 000065: drain tick
  [..] 000065: destroy cam
  [..] 000065: destroy 45 npcs
  [..] 000065: destroy leader
  [..] 000065: destroy follower
  [..] 000065: post-cleanup tick
  [..] 000065: finally end
  [SKIP] 000066: no valid lane at shift=-1 from follower lane
  [..] 000066: spawn follower
  [..] 000066: spawn leader
  [..] 000066: spawn NPCs (near=15, scattered=30)
  [..] 000066: spawn camera
  [..] 000066: settle (no listener)
  [..] 000066: tick 10/80
  [..] 000066: tick 20/80
  [..] 000066: tick 30/80
  [..] 000066: tick 40/80
  [..] 000066: tick 50/80
  [..] 000066: tick 60/80
  [..] 000066: tick 70/80
  [..] 000066: tick 80/80
  [..] 000066: cam.listen (skip 20 stale frames)
  [OK] 000066.png  (Town01, MidRainyNoon, sun=52°, dist=17m, lat=+0.0, hdg=+1°, npcs=45)
  [..] 000066: finally start
  [..] 000066: drain tick
  [..] 000066: destroy cam
  [..] 000066: destroy 45 npcs
  [..] 000066: destroy leader
  [..] 000066: destroy follower
  [..] 000066: post-cleanup tick
  [..] 000066: finally end
  [SKIP] 000067: no valid lane at shift=-1 from follower lane
  [SKIP] 000067: no valid lane at shift=-1 from follower lane
  [..] 000067: spawn follower
  [..] 000067: spawn leader
  [..] 000067: spawn NPCs (near=15, scattered=30)
  [..] 000067: spawn camera
  [..] 000067: settle (no listener)
  [..] 000067: tick 10/80
  [..] 000067: tick 20/80
  [..] 000067: tick 30/80
  [..] 000067: tick 40/80
  [..] 000067: tick 50/80
  [..] 000067: tick 60/80
  [..] 000067: tick 70/80
  [..] 000067: tick 80/80
  [..] 000067: cam.listen (skip 20 stale frames)
  [OK] 000067.png  (Town01, ClearNoon, sun=67°, dist=16m, lat=+0.0, hdg=-5°, npcs=45)
  [..] 000067: finally start
  [..] 000067: drain tick
  [..] 000067: destroy cam
  [..] 000067: destroy 45 npcs
  [..] 000067: destroy leader
  [..] 000067: destroy follower
  [..] 000067: post-cleanup tick
  [..] 000067: finally end
  [SKIP] 000068: no valid lane at shift=-1 from follower lane
  [SKIP] 000068: no valid lane at shift=+1 from follower lane
  [SKIP] 000068: no valid lane at shift=-1 from follower lane
  [..] 000068: spawn follower
  [..] 000068: spawn leader
  [..] 000068: spawn NPCs (near=15, scattered=30)
  [..] 000068: spawn camera
  [..] 000068: settle (no listener)
  [..] 000068: tick 10/80
  [..] 000068: tick 20/80
  [..] 000068: tick 30/80
  [..] 000068: tick 40/80
  [..] 000068: tick 50/80
  [..] 000068: tick 60/80
  [..] 000068: tick 70/80
  [..] 000068: tick 80/80
  [..] 000068: cam.listen (skip 20 stale frames)
  [OK] 000068.png  (Town01, ClearNoon, sun=35°, dist=14m, lat=+0.0, hdg=+2°, npcs=45)
  [..] 000068: finally start
  [..] 000068: drain tick
  [..] 000068: destroy cam
  [..] 000068: destroy 45 npcs
  [..] 000068: destroy leader
  [..] 000068: destroy follower
  [..] 000068: post-cleanup tick
  [..] 000068: finally end
  [..] 000069: spawn follower
  [..] 000069: spawn leader
  [..] 000069: spawn NPCs (near=15, scattered=30)
  [..] 000069: spawn camera
  [..] 000069: settle (no listener)
  [..] 000069: tick 10/80
  [..] 000069: tick 20/80
  [..] 000069: tick 30/80
  [..] 000069: tick 40/80
  [..] 000069: tick 50/80
  [..] 000069: tick 60/80
  [..] 000069: tick 70/80
  [..] 000069: tick 80/80
  [..] 000069: cam.listen (skip 20 stale frames)
  [OK] 000069.png  (Town01, WetNoon, sun=47°, dist=9m, lat=+0.0, hdg=-4°, npcs=45)
  [..] 000069: finally start
  [..] 000069: drain tick
  [..] 000069: destroy cam
  [..] 000069: destroy 45 npcs
  [..] 000069: destroy leader
  [..] 000069: destroy follower
  [..] 000069: post-cleanup tick
  [..] 000069: finally end
  [SKIP] 000070: no valid lane at shift=-1 from follower lane
  [SKIP] 000070: no valid lane at shift=-1 from follower lane
  [SKIP] 000070: no valid lane at shift=+1 from follower lane
  [..] 000070: spawn follower
  [..] 000070: spawn leader
  [..] 000070: spawn NPCs (near=15, scattered=30)
  [..] 000070: spawn camera
  [..] 000070: settle (no listener)
  [..] 000070: tick 10/80
  [..] 000070: tick 20/80
  [..] 000070: tick 30/80
  [..] 000070: tick 40/80
  [..] 000070: tick 50/80
  [..] 000070: tick 60/80
  [..] 000070: tick 70/80
  [..] 000070: tick 80/80
  [..] 000070: cam.listen (skip 20 stale frames)
  [OK] 000070.png  (Town01, MidRainyNoon, sun=53°, dist=17m, lat=+0.0, hdg=+4°, npcs=45)
  [..] 000070: finally start
  [..] 000070: drain tick
  [..] 000070: destroy cam
  [..] 000070: destroy 45 npcs
  [..] 000070: destroy leader
  [..] 000070: destroy follower
  [..] 000070: post-cleanup tick
  [..] 000070: finally end
  [SKIP] 000071: no valid lane at shift=+1 from follower lane
  [SKIP] 000071: no valid lane at shift=-1 from follower lane
  [SKIP] 000071: no valid lane at shift=+1 from follower lane
  [SKIP] 000071: no valid lane at shift=-1 from follower lane
  [SKIP] 000071: no valid lane at shift=-1 from follower lane
  [SKIP] 000071: no valid lane at shift=-1 from follower lane
  [..] 000071: spawn follower
  [..] 000071: spawn leader
  [..] 000071: spawn NPCs (near=15, scattered=30)
  [..] 000071: spawn camera
  [..] 000071: settle (no listener)
  [..] 000071: tick 10/80
  [..] 000071: tick 20/80
  [..] 000071: tick 30/80
  [..] 000071: tick 40/80
  [..] 000071: tick 50/80
  [..] 000071: tick 60/80
  [..] 000071: tick 70/80
  [..] 000071: tick 80/80
  [..] 000071: cam.listen (skip 20 stale frames)
  [OK] 000071.png  (Town01, MidRainyNoon, sun=54°, dist=14m, lat=+0.0, hdg=+3°, npcs=45)
  [..] 000071: finally start
  [..] 000071: drain tick
  [..] 000071: destroy cam
  [..] 000071: destroy 45 npcs
  [..] 000071: destroy leader
  [..] 000071: destroy follower
  [..] 000071: post-cleanup tick
  [..] 000071: finally end
  [..] 000072: spawn follower
  [..] 000072: spawn leader
  [..] 000072: spawn NPCs (near=15, scattered=30)
  [..] 000072: spawn camera
  [..] 000072: settle (no listener)
  [..] 000072: tick 10/80
  [..] 000072: tick 20/80
  [..] 000072: tick 30/80
  [..] 000072: tick 40/80
  [..] 000072: tick 50/80
  [..] 000072: tick 60/80
  [..] 000072: tick 70/80
  [..] 000072: tick 80/80
  [..] 000072: cam.listen (skip 20 stale frames)
  [OK] 000072.png  (Town01, MidRainyNoon, sun=57°, dist=11m, lat=+0.0, hdg=+3°, npcs=45)
  [..] 000072: finally start
  [..] 000072: drain tick
  [..] 000072: destroy cam
  [..] 000072: destroy 45 npcs
  [..] 000072: destroy leader
  [..] 000072: destroy follower
  [..] 000072: post-cleanup tick
  [..] 000072: finally end
  [SKIP] 000073: no valid lane at shift=+1 from follower lane
  [SKIP] 000073: no valid lane at shift=+1 from follower lane
  [..] 000073: spawn follower
  [..] 000073: spawn leader
  [..] 000073: spawn NPCs (near=15, scattered=30)
  [..] 000073: spawn camera
  [..] 000073: settle (no listener)
  [..] 000073: tick 10/80
  [..] 000073: tick 20/80
  [..] 000073: tick 30/80
  [..] 000073: tick 40/80
  [..] 000073: tick 50/80
  [..] 000073: tick 60/80
  [..] 000073: tick 70/80
  [..] 000073: tick 80/80
  [..] 000073: cam.listen (skip 20 stale frames)
  [OK] 000073.png  (Town01, MidRainyNoon, sun=64°, dist=11m, lat=+0.0, hdg=+2°, npcs=45)
  [..] 000073: finally start
  [..] 000073: drain tick
  [..] 000073: destroy cam
  [..] 000073: destroy 45 npcs
  [..] 000073: destroy leader
  [..] 000073: destroy follower
  [..] 000073: post-cleanup tick
  [..] 000073: finally end
  [SKIP] 000074: no valid lane at shift=-1 from follower lane
  [SKIP] 000074: no valid lane at shift=+1 from follower lane
  [..] 000074: spawn follower
  [..] 000074: spawn leader
  [..] 000074: spawn NPCs (near=15, scattered=30)
  [..] 000074: spawn camera
  [..] 000074: settle (no listener)
  [..] 000074: tick 10/80
  [..] 000074: tick 20/80
  [..] 000074: tick 30/80
  [..] 000074: tick 40/80
  [..] 000074: tick 50/80
  [..] 000074: tick 60/80
  [..] 000074: tick 70/80
  [..] 000074: tick 80/80
  [..] 000074: cam.listen (skip 20 stale frames)
  [OK] 000074.png  (Town01, CloudyNoon, sun=26°, dist=13m, lat=+0.0, hdg=-0°, npcs=45)
  [..] 000074: finally start
  [..] 000074: drain tick
  [..] 000074: destroy cam
  [..] 000074: destroy 45 npcs
  [..] 000074: destroy leader
  [..] 000074: destroy follower
  [..] 000074: post-cleanup tick
  [..] 000074: finally end
  [..] 000075: spawn follower
  [..] 000075: spawn leader
  [..] 000075: spawn NPCs (near=15, scattered=30)
  [..] 000075: spawn camera
  [..] 000075: settle (no listener)
  [..] 000075: tick 10/80
  [..] 000075: tick 20/80
  [..] 000075: tick 30/80
  [..] 000075: tick 40/80
  [..] 000075: tick 50/80
  [..] 000075: tick 60/80
  [..] 000075: tick 70/80
  [..] 000075: tick 80/80
  [..] 000075: cam.listen (skip 20 stale frames)
  [OK] 000075.png  (Town01, CloudyNoon, sun=40°, dist=16m, lat=+0.0, hdg=-1°, npcs=45)
  [..] 000075: finally start
  [..] 000075: drain tick
  [..] 000075: destroy cam
  [..] 000075: destroy 45 npcs
  [..] 000075: destroy leader
  [..] 000075: destroy follower
  [..] 000075: post-cleanup tick
  [..] 000075: finally end
  [..] 000076: spawn follower
  [..] 000076: spawn leader
  [..] 000076: spawn NPCs (near=15, scattered=30)
  [..] 000076: spawn camera
  [..] 000076: settle (no listener)
  [..] 000076: tick 10/80
  [..] 000076: tick 20/80
  [..] 000076: tick 30/80
  [..] 000076: tick 40/80
  [..] 000076: tick 50/80
  [..] 000076: tick 60/80
  [..] 000076: tick 70/80
  [..] 000076: tick 80/80
  [..] 000076: cam.listen (skip 20 stale frames)
  [OK] 000076.png  (Town01, CloudyNoon, sun=29°, dist=14m, lat=+0.0, hdg=-2°, npcs=45)
  [..] 000076: finally start
  [..] 000076: drain tick
  [..] 000076: destroy cam
  [..] 000076: destroy 45 npcs
  [..] 000076: destroy leader
  [..] 000076: destroy follower
  [..] 000076: post-cleanup tick
  [..] 000076: finally end
  [SKIP] 000077: no valid lane at shift=-1 from follower lane
  [SKIP] 000077: no valid lane at shift=-1 from follower lane
  [SKIP] 000077: no valid lane at shift=+1 from follower lane
  [..] 000077: spawn follower
  [..] 000077: spawn leader
  [..] 000077: spawn NPCs (near=15, scattered=30)
  [..] 000077: spawn camera
  [..] 000077: settle (no listener)
  [..] 000077: tick 10/80
  [..] 000077: tick 20/80
  [..] 000077: tick 30/80
  [..] 000077: tick 40/80
  [..] 000077: tick 50/80
  [..] 000077: tick 60/80
  [..] 000077: tick 70/80
  [..] 000077: tick 80/80
  [..] 000077: cam.listen (skip 20 stale frames)
  [OK] 000077.png  (Town01, WetNoon, sun=70°, dist=12m, lat=+0.0, hdg=+0°, npcs=45)
  [..] 000077: finally start
  [..] 000077: drain tick
  [..] 000077: destroy cam
  [..] 000077: destroy 45 npcs
  [..] 000077: destroy leader
  [..] 000077: destroy follower
  [..] 000077: post-cleanup tick
  [..] 000077: finally end
  [SKIP] 000078: no valid lane at shift=-1 from follower lane
  [SKIP] 000078: no valid lane at shift=-1 from follower lane
  [..] 000078: spawn follower
  [..] 000078: spawn leader
  [..] 000078: spawn NPCs (near=15, scattered=30)
  [..] 000078: spawn camera
  [..] 000078: settle (no listener)
  [..] 000078: tick 10/80
  [..] 000078: tick 20/80
  [..] 000078: tick 30/80
  [..] 000078: tick 40/80
  [..] 000078: tick 50/80
  [..] 000078: tick 60/80
  [..] 000078: tick 70/80
  [..] 000078: tick 80/80
  [..] 000078: cam.listen (skip 20 stale frames)
  [OK] 000078.png  (Town01, CloudyNoon, sun=38°, dist=11m, lat=+0.0, hdg=+1°, npcs=45)
  [..] 000078: finally start
  [..] 000078: drain tick
  [..] 000078: destroy cam
  [..] 000078: destroy 45 npcs
  [..] 000078: destroy leader
  [..] 000078: destroy follower
  [..] 000078: post-cleanup tick
  [..] 000078: finally end
  [..] 000079: spawn follower
  [..] 000079: spawn leader
  [..] 000079: spawn NPCs (near=15, scattered=30)
  [..] 000079: spawn camera
  [..] 000079: settle (no listener)
  [..] 000079: tick 10/80
  [..] 000079: tick 20/80
  [..] 000079: tick 30/80
  [..] 000079: tick 40/80
  [..] 000079: tick 50/80
  [..] 000079: tick 60/80
  [..] 000079: tick 70/80
  [..] 000079: tick 80/80
  [..] 000079: cam.listen (skip 20 stale frames)
  [OK] 000079.png  (Town01, ClearNoon, sun=48°, dist=13m, lat=+0.0, hdg=+1°, npcs=45)
  [..] 000079: finally start
  [..] 000079: drain tick
  [..] 000079: destroy cam
  [..] 000079: destroy 45 npcs
  [..] 000079: destroy leader
  [..] 000079: destroy follower
  [..] 000079: post-cleanup tick
  [..] 000079: finally end
  [SKIP] 000080: no valid lane at shift=+1 from follower lane
  [SKIP] 000080: no valid lane at shift=+1 from follower lane
  [SKIP] 000080: no valid lane at shift=-1 from follower lane
  [SKIP] 000080: no valid lane at shift=+1 from follower lane
  [SKIP] 000080: no valid lane at shift=+1 from follower lane
  [SKIP] 000080: no valid lane at shift=+1 from follower lane
  [..] 000080: spawn follower
  [..] 000080: spawn leader
  [..] 000080: spawn NPCs (near=15, scattered=30)
  [..] 000080: spawn camera
  [..] 000080: settle (no listener)
  [..] 000080: tick 10/80
  [..] 000080: tick 20/80
  [..] 000080: tick 30/80
  [..] 000080: tick 40/80
  [..] 000080: tick 50/80
  [..] 000080: tick 60/80
  [..] 000080: tick 70/80
  [..] 000080: tick 80/80
  [..] 000080: cam.listen (skip 20 stale frames)
  [OK] 000080.png  (Town01, MidRainyNoon, sun=31°, dist=18m, lat=+0.0, hdg=+4°, npcs=45)
  [..] 000080: finally start
  [..] 000080: drain tick
  [..] 000080: destroy cam
  [..] 000080: destroy 45 npcs
  [..] 000080: destroy leader
  [..] 000080: destroy follower
  [..] 000080: post-cleanup tick
  [..] 000080: finally end
  [SKIP] 000081: no valid lane at shift=+1 from follower lane
  [SKIP] 000081: no valid lane at shift=-1 from follower lane
  [..] 000081: spawn follower
  [..] 000081: spawn leader
  [..] 000081: spawn NPCs (near=15, scattered=30)
  [..] 000081: spawn camera
  [..] 000081: settle (no listener)
  [..] 000081: tick 10/80
  [..] 000081: tick 20/80
  [..] 000081: tick 30/80
  [..] 000081: tick 40/80
  [..] 000081: tick 50/80
  [..] 000081: tick 60/80
  [..] 000081: tick 70/80
  [..] 000081: tick 80/80
  [..] 000081: cam.listen (skip 20 stale frames)
  [OK] 000081.png  (Town01, WetNoon, sun=26°, dist=15m, lat=+0.0, hdg=-3°, npcs=45)
  [..] 000081: finally start
  [..] 000081: drain tick
  [..] 000081: destroy cam
  [..] 000081: destroy 45 npcs
  [..] 000081: destroy leader
  [..] 000081: destroy follower
  [..] 000081: post-cleanup tick
  [..] 000081: finally end
  [..] 000082: spawn follower
  [..] 000082: spawn leader
  [..] 000082: spawn NPCs (near=15, scattered=30)
  [..] 000082: spawn camera
  [..] 000082: settle (no listener)
  [..] 000082: tick 10/80
  [..] 000082: tick 20/80
  [..] 000082: tick 30/80
  [..] 000082: tick 40/80
  [..] 000082: tick 50/80
  [..] 000082: tick 60/80
  [..] 000082: tick 70/80
  [..] 000082: tick 80/80
  [..] 000082: cam.listen (skip 20 stale frames)
  [OK] 000082.png  (Town01, CloudyNoon, sun=44°, dist=14m, lat=+0.0, hdg=+4°, npcs=45)
  [..] 000082: finally start
  [..] 000082: drain tick
  [..] 000082: destroy cam
  [..] 000082: destroy 45 npcs
  [..] 000082: destroy leader
  [..] 000082: destroy follower
  [..] 000082: post-cleanup tick
  [..] 000082: finally end
  [SKIP] 000083: no valid lane at shift=-1 from follower lane
  [..] 000083: spawn follower
  [..] 000083: spawn leader
  [..] 000083: spawn NPCs (near=15, scattered=30)
  [..] 000083: spawn camera
  [..] 000083: settle (no listener)
  [..] 000083: tick 10/80
  [..] 000083: tick 20/80
  [..] 000083: tick 30/80
  [..] 000083: tick 40/80
  [..] 000083: tick 50/80
  [..] 000083: tick 60/80
  [..] 000083: tick 70/80
  [..] 000083: tick 80/80
  [..] 000083: cam.listen (skip 20 stale frames)
  [OK] 000083.png  (Town01, ClearNoon, sun=64°, dist=7m, lat=+0.0, hdg=+5°, npcs=45)
  [..] 000083: finally start
  [..] 000083: drain tick
  [..] 000083: destroy cam
  [..] 000083: destroy 45 npcs
  [..] 000083: destroy leader
  [..] 000083: destroy follower
  [..] 000083: post-cleanup tick
  [..] 000083: finally end
  [..] 000084: spawn follower
  [..] 000084: spawn leader
  [..] 000084: spawn NPCs (near=15, scattered=30)
  [..] 000084: spawn camera
  [..] 000084: settle (no listener)
  [..] 000084: tick 10/80
  [..] 000084: tick 20/80
  [..] 000084: tick 30/80
  [..] 000084: tick 40/80
  [..] 000084: tick 50/80
  [..] 000084: tick 60/80
  [..] 000084: tick 70/80
  [..] 000084: tick 80/80
  [..] 000084: cam.listen (skip 20 stale frames)
  [OK] 000084.png  (Town01, ClearNoon, sun=57°, dist=12m, lat=+0.0, hdg=-5°, npcs=45)
  [..] 000084: finally start
  [..] 000084: drain tick
  [..] 000084: destroy cam
  [..] 000084: destroy 45 npcs
  [..] 000084: destroy leader
  [..] 000084: destroy follower
  [..] 000084: post-cleanup tick
  [..] 000084: finally end
  [SKIP] 000085: no valid lane at shift=-1 from follower lane
  [..] 000085: spawn follower
  [..] 000085: spawn leader
  [..] 000085: spawn NPCs (near=15, scattered=30)
  [..] 000085: spawn camera
  [..] 000085: settle (no listener)
  [..] 000085: tick 10/80
  [..] 000085: tick 20/80
  [..] 000085: tick 30/80
  [..] 000085: tick 40/80
  [..] 000085: tick 50/80
  [..] 000085: tick 60/80
  [..] 000085: tick 70/80
  [..] 000085: tick 80/80
  [..] 000085: cam.listen (skip 20 stale frames)
  [OK] 000085.png  (Town01, MidRainyNoon, sun=30°, dist=15m, lat=+0.0, hdg=-4°, npcs=45)
  [..] 000085: finally start
  [..] 000085: drain tick
  [..] 000085: destroy cam
  [..] 000085: destroy 45 npcs
  [..] 000085: destroy leader
  [..] 000085: destroy follower
  [..] 000085: post-cleanup tick
  [..] 000085: finally end
  [..] 000086: spawn follower
  [..] 000086: spawn leader
  [..] 000086: spawn NPCs (near=15, scattered=30)
  [..] 000086: spawn camera
  [..] 000086: settle (no listener)
  [..] 000086: tick 10/80
  [..] 000086: tick 20/80
  [..] 000086: tick 30/80
  [..] 000086: tick 40/80
  [..] 000086: tick 50/80
  [..] 000086: tick 60/80
  [..] 000086: tick 70/80
  [..] 000086: tick 80/80
  [..] 000086: cam.listen (skip 20 stale frames)
  [OK] 000086.png  (Town01, WetNoon, sun=59°, dist=17m, lat=+0.0, hdg=-5°, npcs=45)
  [..] 000086: finally start
  [..] 000086: drain tick
  [..] 000086: destroy cam
  [..] 000086: destroy 45 npcs
  [..] 000086: destroy leader
  [..] 000086: destroy follower
  [..] 000086: post-cleanup tick
  [..] 000086: finally end
  [SKIP] 000087: no valid lane at shift=+1 from follower lane
  [SKIP] 000087: no valid lane at shift=-1 from follower lane
  [..] 000087: spawn follower
  [..] 000087: spawn leader
  [..] 000087: spawn NPCs (near=15, scattered=30)
  [..] 000087: spawn camera
  [..] 000087: settle (no listener)
  [..] 000087: tick 10/80
  [..] 000087: tick 20/80
  [..] 000087: tick 30/80
  [..] 000087: tick 40/80
  [..] 000087: tick 50/80
  [..] 000087: tick 60/80
  [..] 000087: tick 70/80
  [..] 000087: tick 80/80
  [..] 000087: cam.listen (skip 20 stale frames)
  [OK] 000087.png  (Town01, MidRainyNoon, sun=68°, dist=7m, lat=+0.0, hdg=+3°, npcs=45)
  [..] 000087: finally start
  [..] 000087: drain tick
  [..] 000087: destroy cam
  [..] 000087: destroy 45 npcs
  [..] 000087: destroy leader
  [..] 000087: destroy follower
  [..] 000087: post-cleanup tick
  [..] 000087: finally end
  [SKIP] 000088: no valid lane at shift=+1 from follower lane
  [SKIP] 000088: no valid lane at shift=+1 from follower lane
  [..] 000088: spawn follower
  [..] 000088: spawn leader
  [..] 000088: spawn NPCs (near=15, scattered=30)
  [..] 000088: spawn camera
  [..] 000088: settle (no listener)
  [..] 000088: tick 10/80
  [..] 000088: tick 20/80
  [..] 000088: tick 30/80
  [..] 000088: tick 40/80
  [..] 000088: tick 50/80
  [..] 000088: tick 60/80
  [..] 000088: tick 70/80
  [..] 000088: tick 80/80
  [..] 000088: cam.listen (skip 20 stale frames)
  [OK] 000088.png  (Town01, WetNoon, sun=35°, dist=7m, lat=+0.0, hdg=+4°, npcs=45)
  [..] 000088: finally start
  [..] 000088: drain tick
  [..] 000088: destroy cam
  [..] 000088: destroy 45 npcs
  [..] 000088: destroy leader
  [..] 000088: destroy follower
  [..] 000088: post-cleanup tick
  [..] 000088: finally end
  [..] 000089: spawn follower
  [..] 000089: spawn leader
  [..] 000089: spawn NPCs (near=15, scattered=30)
  [..] 000089: spawn camera
  [..] 000089: settle (no listener)
  [..] 000089: tick 10/80
  [..] 000089: tick 20/80
  [..] 000089: tick 30/80
  [..] 000089: tick 40/80
  [..] 000089: tick 50/80
  [..] 000089: tick 60/80
  [..] 000089: tick 70/80
  [..] 000089: tick 80/80
  [..] 000089: cam.listen (skip 20 stale frames)
  [OK] 000089.png  (Town01, WetNoon, sun=55°, dist=10m, lat=+0.0, hdg=-1°, npcs=45)
  [..] 000089: finally start
  [..] 000089: drain tick
  [..] 000089: destroy cam
  [..] 000089: destroy 45 npcs
  [..] 000089: destroy leader
  [..] 000089: destroy follower
  [..] 000089: post-cleanup tick
  [..] 000089: finally end
  [SKIP] 000090: no valid lane at shift=+1 from follower lane
  [SKIP] 000090: no valid lane at shift=+1 from follower lane
  [SKIP] 000090: no valid lane at shift=-1 from follower lane
  [..] 000090: spawn follower
  [..] 000090: spawn leader
  [..] 000090: spawn NPCs (near=15, scattered=30)
  [..] 000090: spawn camera
  [..] 000090: settle (no listener)
  [..] 000090: tick 10/80
  [..] 000090: tick 20/80
  [..] 000090: tick 30/80
  [..] 000090: tick 40/80
  [..] 000090: tick 50/80
  [..] 000090: tick 60/80
  [..] 000090: tick 70/80
  [..] 000090: tick 80/80
  [..] 000090: cam.listen (skip 20 stale frames)
  [OK] 000090.png  (Town01, WetNoon, sun=39°, dist=7m, lat=+0.0, hdg=+1°, npcs=45)
  [..] 000090: finally start
  [..] 000090: drain tick
  [..] 000090: destroy cam
  [..] 000090: destroy 45 npcs
  [..] 000090: destroy leader
  [..] 000090: destroy follower
  [..] 000090: post-cleanup tick
  [..] 000090: finally end
  [SKIP] 000091: no valid lane at shift=+1 from follower lane
  [SKIP] 000091: no valid lane at shift=+1 from follower lane
  [..] 000091: spawn follower
  [..] 000091: spawn leader
  [..] 000091: spawn NPCs (near=15, scattered=30)
  [..] 000091: spawn camera
  [..] 000091: settle (no listener)
  [..] 000091: tick 10/80
  [..] 000091: tick 20/80
  [..] 000091: tick 30/80
  [..] 000091: tick 40/80
  [..] 000091: tick 50/80
  [..] 000091: tick 60/80
  [..] 000091: tick 70/80
  [..] 000091: tick 80/80
  [..] 000091: cam.listen (skip 20 stale frames)
  [OK] 000091.png  (Town01, ClearNoon, sun=59°, dist=8m, lat=+0.0, hdg=+0°, npcs=45)
  [..] 000091: finally start
  [..] 000091: drain tick
  [..] 000091: destroy cam
  [..] 000091: destroy 45 npcs
  [..] 000091: destroy leader
  [..] 000091: destroy follower
  [..] 000091: post-cleanup tick
  [..] 000091: finally end
  [..] 000092: spawn follower
  [..] 000092: spawn leader
  [..] 000092: spawn NPCs (near=15, scattered=30)
  [..] 000092: spawn camera
  [..] 000092: settle (no listener)
  [..] 000092: tick 10/80
  [..] 000092: tick 20/80
  [..] 000092: tick 30/80
  [..] 000092: tick 40/80
  [..] 000092: tick 50/80
  [..] 000092: tick 60/80
  [..] 000092: tick 70/80
  [..] 000092: tick 80/80
  [..] 000092: cam.listen (skip 20 stale frames)
  [OK] 000092.png  (Town01, MidRainyNoon, sun=49°, dist=16m, lat=+0.0, hdg=-4°, npcs=45)
  [..] 000092: finally start
  [..] 000092: drain tick
  [..] 000092: destroy cam
  [..] 000092: destroy 45 npcs
  [..] 000092: destroy leader
  [..] 000092: destroy follower
  [..] 000092: post-cleanup tick
  [..] 000092: finally end
  [SKIP] 000093: no valid lane at shift=+1 from follower lane
  [SKIP] 000093: no valid lane at shift=-1 from follower lane
  [SKIP] 000093: no valid lane at shift=-1 from follower lane
  [SKIP] 000093: no valid lane at shift=-1 from follower lane
  [SKIP] 000093: no valid lane at shift=+1 from follower lane
  [SKIP] 000093: no valid lane at shift=+1 from follower lane
  [SKIP] 000093: no valid lane at shift=+1 from follower lane
  [SKIP] 000093: no valid lane at shift=+1 from follower lane
  [SKIP] 000093: no valid lane at shift=-1 from follower lane
  [..] 000093: spawn follower
  [..] 000093: spawn leader
  [..] 000093: spawn NPCs (near=15, scattered=30)
  [..] 000093: spawn camera
  [..] 000093: settle (no listener)
  [..] 000093: tick 10/80
  [..] 000093: tick 20/80
  [..] 000093: tick 30/80
  [..] 000093: tick 40/80
  [..] 000093: tick 50/80
  [..] 000093: tick 60/80
  [..] 000093: tick 70/80
  [..] 000093: tick 80/80
  [..] 000093: cam.listen (skip 20 stale frames)
  [OK] 000093.png  (Town01, WetNoon, sun=58°, dist=13m, lat=+0.0, hdg=+1°, npcs=45)
  [..] 000093: finally start
  [..] 000093: drain tick
  [..] 000093: destroy cam
  [..] 000093: destroy 45 npcs
  [..] 000093: destroy leader
  [..] 000093: destroy follower
  [..] 000093: post-cleanup tick
  [..] 000093: finally end
  [SKIP] 000094: no valid lane at shift=+1 from follower lane
  [SKIP] 000094: no valid lane at shift=-1 from follower lane
  [..] 000094: spawn follower
  [..] 000094: spawn leader
  [..] 000094: spawn NPCs (near=15, scattered=30)
  [..] 000094: spawn camera
  [..] 000094: settle (no listener)
  [..] 000094: tick 10/80
  [..] 000094: tick 20/80
  [..] 000094: tick 30/80
  [..] 000094: tick 40/80
  [..] 000094: tick 50/80
  [..] 000094: tick 60/80
  [..] 000094: tick 70/80
  [..] 000094: tick 80/80
  [..] 000094: cam.listen (skip 20 stale frames)
  [OK] 000094.png  (Town01, MidRainyNoon, sun=54°, dist=15m, lat=+0.0, hdg=-2°, npcs=45)
  [..] 000094: finally start
  [..] 000094: drain tick
  [..] 000094: destroy cam
  [..] 000094: destroy 45 npcs
  [..] 000094: destroy leader
  [..] 000094: destroy follower
  [..] 000094: post-cleanup tick
  [..] 000094: finally end
  [SKIP] 000095: no valid lane at shift=+1 from follower lane
  [SKIP] 000095: no valid lane at shift=+1 from follower lane
  [SKIP] 000095: no valid lane at shift=-1 from follower lane
  [SKIP] 000095: no valid lane at shift=+1 from follower lane
  [SKIP] 000095: no valid lane at shift=-1 from follower lane
  [SKIP] 000095: no valid lane at shift=-1 from follower lane
  [SKIP] 000095: no valid lane at shift=-1 from follower lane
  [SKIP] 000095: no valid lane at shift=+1 from follower lane
  [SKIP] 000095: no valid lane at shift=+1 from follower lane
  [..] 000095: spawn follower
  [..] 000095: spawn leader
  [..] 000095: spawn NPCs (near=15, scattered=30)
  [..] 000095: spawn camera
  [..] 000095: settle (no listener)
  [..] 000095: tick 10/80
  [..] 000095: tick 20/80
  [..] 000095: tick 30/80
  [..] 000095: tick 40/80
  [..] 000095: tick 50/80
  [..] 000095: tick 60/80
  [..] 000095: tick 70/80
  [..] 000095: tick 80/80
  [..] 000095: cam.listen (skip 20 stale frames)
  [OK] 000095.png  (Town01, WetNoon, sun=42°, dist=12m, lat=+0.0, hdg=-2°, npcs=45)
  [..] 000095: finally start
  [..] 000095: drain tick
  [..] 000095: destroy cam
  [..] 000095: destroy 45 npcs
  [..] 000095: destroy leader
  [..] 000095: destroy follower
  [..] 000095: post-cleanup tick
  [..] 000095: finally end
  [SKIP] 000096: no valid lane at shift=-1 from follower lane
  [..] 000096: spawn follower
  [..] 000096: spawn leader
  [..] 000096: spawn NPCs (near=15, scattered=30)
  [..] 000096: spawn camera
  [..] 000096: settle (no listener)
  [..] 000096: tick 10/80
  [..] 000096: tick 20/80
  [..] 000096: tick 30/80
  [..] 000096: tick 40/80
  [..] 000096: tick 50/80
  [..] 000096: tick 60/80
  [..] 000096: tick 70/80
  [..] 000096: tick 80/80
  [..] 000096: cam.listen (skip 20 stale frames)
  [OK] 000096.png  (Town01, ClearNoon, sun=26°, dist=12m, lat=+0.0, hdg=-3°, npcs=45)
  [..] 000096: finally start
  [..] 000096: drain tick
  [..] 000096: destroy cam
  [..] 000096: destroy 45 npcs
  [..] 000096: destroy leader
  [..] 000096: destroy follower
  [..] 000096: post-cleanup tick
  [..] 000096: finally end
  [..] 000097: spawn follower
  [..] 000097: spawn leader
  [..] 000097: spawn NPCs (near=15, scattered=30)
  [..] 000097: spawn camera
  [..] 000097: settle (no listener)
  [..] 000097: tick 10/80
  [..] 000097: tick 20/80
  [..] 000097: tick 30/80
  [..] 000097: tick 40/80
  [..] 000097: tick 50/80
  [..] 000097: tick 60/80
  [..] 000097: tick 70/80
  [..] 000097: tick 80/80
  [..] 000097: cam.listen (skip 20 stale frames)
  [OK] 000097.png  (Town01, CloudyNoon, sun=50°, dist=14m, lat=+0.0, hdg=-4°, npcs=45)
  [..] 000097: finally start
  [..] 000097: drain tick
  [..] 000097: destroy cam
  [..] 000097: destroy 45 npcs
  [..] 000097: destroy leader
  [..] 000097: destroy follower
  [..] 000097: post-cleanup tick
  [..] 000097: finally end
  [SKIP] 000098: no valid lane at shift=-1 from follower lane
  [SKIP] 000098: no valid lane at shift=+1 from follower lane
  [SKIP] 000098: no valid lane at shift=-1 from follower lane
  [SKIP] 000098: no valid lane at shift=+1 from follower lane
  [SKIP] 000098: no valid lane at shift=-1 from follower lane
  [..] 000098: spawn follower
  [..] 000098: spawn leader
  [..] 000098: spawn NPCs (near=15, scattered=30)
  [..] 000098: spawn camera
  [..] 000098: settle (no listener)
  [..] 000098: tick 10/80
  [..] 000098: tick 20/80
  [..] 000098: tick 30/80
  [..] 000098: tick 40/80
  [..] 000098: tick 50/80
  [..] 000098: tick 60/80
  [..] 000098: tick 70/80
  [..] 000098: tick 80/80
  [..] 000098: cam.listen (skip 20 stale frames)
  [OK] 000098.png  (Town01, MidRainyNoon, sun=59°, dist=15m, lat=+0.0, hdg=+2°, npcs=45)
  [..] 000098: finally start
  [..] 000098: drain tick
  [..] 000098: destroy cam
  [..] 000098: destroy 45 npcs
  [..] 000098: destroy leader
  [..] 000098: destroy follower
  [..] 000098: post-cleanup tick
  [..] 000098: finally end
  [SKIP] 000099: no valid lane at shift=-1 from follower lane
  [SKIP] 000099: no valid lane at shift=+1 from follower lane
  [SKIP] 000099: no valid lane at shift=-1 from follower lane
  [SKIP] 000099: no valid lane at shift=-1 from follower lane
  [..] 000099: spawn follower
  [..] 000099: spawn leader
  [..] 000099: spawn NPCs (near=15, scattered=30)
  [..] 000099: spawn camera
  [..] 000099: settle (no listener)
  [..] 000099: tick 10/80
  [..] 000099: tick 20/80
  [..] 000099: tick 30/80
  [..] 000099: tick 40/80
  [..] 000099: tick 50/80
  [..] 000099: tick 60/80
  [..] 000099: tick 70/80
  [..] 000099: tick 80/80
  [..] 000099: cam.listen (skip 20 stale frames)
  [OK] 000099.png  (Town01, MidRainyNoon, sun=56°, dist=8m, lat=+0.0, hdg=-0°, npcs=45)
  [..] 000099: finally start
  [..] 000099: drain tick
  [..] 000099: destroy cam
  [..] 000099: destroy 45 npcs
  [..] 000099: destroy leader
  [..] 000099: destroy follower
  [..] 000099: post-cleanup tick
  [..] 000099: finally end
  [SKIP] 000100: no valid lane at shift=+1 from follower lane
  [SKIP] 000100: no valid lane at shift=+1 from follower lane
  [SKIP] 000100: no valid lane at shift=+1 from follower lane
  [SKIP] 000100: no valid lane at shift=+1 from follower lane
  [..] 000100: spawn follower
  [..] 000100: spawn leader
  [..] 000100: spawn NPCs (near=15, scattered=30)
  [..] 000100: spawn camera
  [..] 000100: settle (no listener)
  [..] 000100: tick 10/80
  [..] 000100: tick 20/80
  [..] 000100: tick 30/80
  [..] 000100: tick 40/80
  [..] 000100: tick 50/80
  [..] 000100: tick 60/80
  [..] 000100: tick 70/80
  [..] 000100: tick 80/80
  [..] 000100: cam.listen (skip 20 stale frames)
  [OK] 000100.png  (Town01, CloudyNoon, sun=27°, dist=7m, lat=+0.0, hdg=+2°, npcs=45)
  [..] 000100: finally start
  [..] 000100: drain tick
  [..] 000100: destroy cam
  [..] 000100: destroy 45 npcs
  [..] 000100: destroy leader
  [..] 000100: destroy follower
  [..] 000100: post-cleanup tick
  [..] 000100: finally end
  [..] 000101: spawn follower
  [..] 000101: spawn leader
  [..] 000101: spawn NPCs (near=15, scattered=30)
  [..] 000101: spawn camera
  [..] 000101: settle (no listener)
  [..] 000101: tick 10/80
  [..] 000101: tick 20/80
  [..] 000101: tick 30/80
  [..] 000101: tick 40/80
  [..] 000101: tick 50/80
  [..] 000101: tick 60/80
  [..] 000101: tick 70/80
  [..] 000101: tick 80/80
  [..] 000101: cam.listen (skip 20 stale frames)
  [OK] 000101.png  (Town01, MidRainyNoon, sun=54°, dist=9m, lat=+0.0, hdg=-5°, npcs=45)
  [..] 000101: finally start
  [..] 000101: drain tick
  [..] 000101: destroy cam
  [..] 000101: destroy 45 npcs
  [..] 000101: destroy leader
  [..] 000101: destroy follower
  [..] 000101: post-cleanup tick
  [..] 000101: finally end
  [SKIP] 000102: no valid lane at shift=+1 from follower lane
  [SKIP] 000102: no valid lane at shift=+1 from follower lane
  [SKIP] 000102: no valid lane at shift=+1 from follower lane
  [..] 000102: spawn follower
  [..] 000102: spawn leader
  [..] 000102: spawn NPCs (near=15, scattered=30)
  [..] 000102: spawn camera
  [..] 000102: settle (no listener)
  [..] 000102: tick 10/80
  [..] 000102: tick 20/80
  [..] 000102: tick 30/80
  [..] 000102: tick 40/80
  [..] 000102: tick 50/80
  [..] 000102: tick 60/80
  [..] 000102: tick 70/80
  [..] 000102: tick 80/80
  [..] 000102: cam.listen (skip 20 stale frames)
  [OK] 000102.png  (Town01, MidRainyNoon, sun=68°, dist=9m, lat=+0.0, hdg=+4°, npcs=45)
  [..] 000102: finally start
  [..] 000102: drain tick
  [..] 000102: destroy cam
  [..] 000102: destroy 45 npcs
  [..] 000102: destroy leader
  [..] 000102: destroy follower
  [..] 000102: post-cleanup tick
  [..] 000102: finally end
  [SKIP] 000103: no valid lane at shift=-1 from follower lane
  [..] 000103: spawn follower
  [..] 000103: spawn leader
  [..] 000103: spawn NPCs (near=15, scattered=30)
  [..] 000103: spawn camera
  [..] 000103: settle (no listener)
  [..] 000103: tick 10/80
  [..] 000103: tick 20/80
  [..] 000103: tick 30/80
  [..] 000103: tick 40/80
  [..] 000103: tick 50/80
  [..] 000103: tick 60/80
  [..] 000103: tick 70/80
  [..] 000103: tick 80/80
  [..] 000103: cam.listen (skip 20 stale frames)
  [OK] 000103.png  (Town01, MidRainyNoon, sun=38°, dist=8m, lat=+0.0, hdg=+2°, npcs=45)
  [..] 000103: finally start
  [..] 000103: drain tick
  [..] 000103: destroy cam
  [..] 000103: destroy 45 npcs
  [..] 000103: destroy leader
  [..] 000103: destroy follower
  [..] 000103: post-cleanup tick
  [..] 000103: finally end
  [SKIP] 000104: no valid lane at shift=+1 from follower lane
  [SKIP] 000104: no valid lane at shift=+1 from follower lane
  [SKIP] 000104: no valid lane at shift=+1 from follower lane
  [..] 000104: spawn follower
  [..] 000104: spawn leader
  [..] 000104: spawn NPCs (near=15, scattered=30)
  [..] 000104: spawn camera
  [..] 000104: settle (no listener)
  [..] 000104: tick 10/80
  [..] 000104: tick 20/80
  [..] 000104: tick 30/80
  [..] 000104: tick 40/80
  [..] 000104: tick 50/80
  [..] 000104: tick 60/80
  [..] 000104: tick 70/80
  [..] 000104: tick 80/80
  [..] 000104: cam.listen (skip 20 stale frames)
  [OK] 000104.png  (Town01, ClearNoon, sun=52°, dist=7m, lat=+0.0, hdg=+1°, npcs=45)
  [..] 000104: finally start
  [..] 000104: drain tick
  [..] 000104: destroy cam
  [..] 000104: destroy 45 npcs
  [..] 000104: destroy leader
  [..] 000104: destroy follower
  [..] 000104: post-cleanup tick
  [..] 000104: finally end
  [..] 000105: spawn follower
  [..] 000105: spawn leader
  [..] 000105: spawn NPCs (near=15, scattered=30)
  [..] 000105: spawn camera
  [..] 000105: settle (no listener)
  [..] 000105: tick 10/80
  [..] 000105: tick 20/80
  [..] 000105: tick 30/80
  [..] 000105: tick 40/80
  [..] 000105: tick 50/80
  [..] 000105: tick 60/80
  [..] 000105: tick 70/80
  [..] 000105: tick 80/80
  [..] 000105: cam.listen (skip 20 stale frames)
  [OK] 000105.png  (Town01, MidRainyNoon, sun=70°, dist=11m, lat=+0.0, hdg=-1°, npcs=45)
  [..] 000105: finally start
  [..] 000105: drain tick
  [..] 000105: destroy cam
  [..] 000105: destroy 45 npcs
  [..] 000105: destroy leader
  [..] 000105: destroy follower
  [..] 000105: post-cleanup tick
  [..] 000105: finally end
  [SKIP] 000106: no valid lane at shift=+1 from follower lane
  [SKIP] 000106: no valid lane at shift=+1 from follower lane
  [..] 000106: spawn follower
  [..] 000106: spawn leader
  [..] 000106: spawn NPCs (near=15, scattered=30)
  [..] 000106: spawn camera
  [..] 000106: settle (no listener)
  [..] 000106: tick 10/80
  [..] 000106: tick 20/80
  [..] 000106: tick 30/80
  [..] 000106: tick 40/80
  [..] 000106: tick 50/80
  [..] 000106: tick 60/80
  [..] 000106: tick 70/80
  [..] 000106: tick 80/80
  [..] 000106: cam.listen (skip 20 stale frames)
  [OK] 000106.png  (Town01, MidRainyNoon, sun=58°, dist=12m, lat=+0.0, hdg=+3°, npcs=45)
  [..] 000106: finally start
  [..] 000106: drain tick
  [..] 000106: destroy cam
  [..] 000106: destroy 45 npcs
  [..] 000106: destroy leader
  [..] 000106: destroy follower
  [..] 000106: post-cleanup tick
  [..] 000106: finally end
  [SKIP] 000107: no valid lane at shift=-1 from follower lane
  [..] 000107: spawn follower
  [..] 000107: spawn leader
  [..] 000107: spawn NPCs (near=15, scattered=30)
  [..] 000107: spawn camera
  [..] 000107: settle (no listener)
  [..] 000107: tick 10/80
  [..] 000107: tick 20/80
  [..] 000107: tick 30/80
  [..] 000107: tick 40/80
  [..] 000107: tick 50/80
  [..] 000107: tick 60/80
  [..] 000107: tick 70/80
  [..] 000107: tick 80/80
  [..] 000107: cam.listen (skip 20 stale frames)
  [OK] 000107.png  (Town01, MidRainyNoon, sun=67°, dist=15m, lat=+0.0, hdg=-1°, npcs=45)
  [..] 000107: finally start
  [..] 000107: drain tick
  [..] 000107: destroy cam
  [..] 000107: destroy 45 npcs
  [..] 000107: destroy leader
  [..] 000107: destroy follower
  [..] 000107: post-cleanup tick
  [..] 000107: finally end
  [..] 000108: spawn follower
  [..] 000108: spawn leader
  [..] 000108: spawn NPCs (near=15, scattered=30)
  [..] 000108: spawn camera
  [..] 000108: settle (no listener)
  [..] 000108: tick 10/80
  [..] 000108: tick 20/80
  [..] 000108: tick 30/80
  [..] 000108: tick 40/80
  [..] 000108: tick 50/80
  [..] 000108: tick 60/80
  [..] 000108: tick 70/80
  [..] 000108: tick 80/80
  [..] 000108: cam.listen (skip 20 stale frames)
  [OK] 000108.png  (Town01, MidRainyNoon, sun=58°, dist=10m, lat=+0.0, hdg=+2°, npcs=45)
  [..] 000108: finally start
  [..] 000108: drain tick
  [..] 000108: destroy cam
  [..] 000108: destroy 45 npcs
  [..] 000108: destroy leader
  [..] 000108: destroy follower
  [..] 000108: post-cleanup tick
  [..] 000108: finally end
  [SKIP] 000109: no valid lane at shift=+1 from follower lane
  [SKIP] 000109: no valid lane at shift=+1 from follower lane
  [..] 000109: spawn follower
  [..] 000109: spawn leader
  [..] 000109: spawn NPCs (near=15, scattered=30)
  [..] 000109: spawn camera
  [..] 000109: settle (no listener)
  [..] 000109: tick 10/80
  [..] 000109: tick 20/80
  [..] 000109: tick 30/80
  [..] 000109: tick 40/80
  [..] 000109: tick 50/80
  [..] 000109: tick 60/80
  [..] 000109: tick 70/80
  [..] 000109: tick 80/80
  [..] 000109: cam.listen (skip 20 stale frames)
  [OK] 000109.png  (Town01, MidRainyNoon, sun=45°, dist=15m, lat=+0.0, hdg=-2°, npcs=45)
  [..] 000109: finally start
  [..] 000109: drain tick
  [..] 000109: destroy cam
  [..] 000109: destroy 45 npcs
  [..] 000109: destroy leader
  [..] 000109: destroy follower
  [..] 000109: post-cleanup tick
  [..] 000109: finally end
  [..] 000110: spawn follower
  [..] 000110: spawn leader
  [..] 000110: spawn NPCs (near=15, scattered=30)
  [..] 000110: spawn camera
  [..] 000110: settle (no listener)
  [..] 000110: tick 10/80
  [..] 000110: tick 20/80
  [..] 000110: tick 30/80
  [..] 000110: tick 40/80
  [..] 000110: tick 50/80
  [..] 000110: tick 60/80
  [..] 000110: tick 70/80
  [..] 000110: tick 80/80
  [..] 000110: cam.listen (skip 20 stale frames)
  [OK] 000110.png  (Town01, WetNoon, sun=63°, dist=16m, lat=+0.0, hdg=-2°, npcs=45)
  [..] 000110: finally start
  [..] 000110: drain tick
  [..] 000110: destroy cam
  [..] 000110: destroy 45 npcs
  [..] 000110: destroy leader
  [..] 000110: destroy follower
  [..] 000110: post-cleanup tick
  [..] 000110: finally end
  [SKIP] 000111: no valid lane at shift=-1 from follower lane
  [SKIP] 000111: no valid lane at shift=-1 from follower lane
  [SKIP] 000111: no valid lane at shift=+1 from follower lane
  [SKIP] 000111: no valid lane at shift=+1 from follower lane
  [..] 000111: spawn follower
  [..] 000111: spawn leader
  [..] 000111: spawn NPCs (near=15, scattered=30)
  [..] 000111: spawn camera
  [..] 000111: settle (no listener)
  [..] 000111: tick 10/80
  [..] 000111: tick 20/80
  [..] 000111: tick 30/80
  [..] 000111: tick 40/80
  [..] 000111: tick 50/80
  [..] 000111: tick 60/80
  [..] 000111: tick 70/80
  [..] 000111: tick 80/80
  [..] 000111: cam.listen (skip 20 stale frames)
  [OK] 000111.png  (Town01, MidRainyNoon, sun=31°, dist=16m, lat=+0.0, hdg=-3°, npcs=45)
  [..] 000111: finally start
  [..] 000111: drain tick
  [..] 000111: destroy cam
  [..] 000111: destroy 45 npcs
  [..] 000111: destroy leader
  [..] 000111: destroy follower
  [..] 000111: post-cleanup tick
  [..] 000111: finally end
  [SKIP] 000112: no valid lane at shift=+1 from follower lane
  [SKIP] 000112: no valid lane at shift=-1 from follower lane
  [SKIP] 000112: no valid lane at shift=+1 from follower lane
  [SKIP] 000112: no valid lane at shift=-1 from follower lane
  [..] 000112: spawn follower
  [..] 000112: spawn leader
  [..] 000112: spawn NPCs (near=15, scattered=30)
  [..] 000112: spawn camera
  [..] 000112: settle (no listener)
  [..] 000112: tick 10/80
  [..] 000112: tick 20/80
  [..] 000112: tick 30/80
  [..] 000112: tick 40/80
  [..] 000112: tick 50/80
  [..] 000112: tick 60/80
  [..] 000112: tick 70/80
  [..] 000112: tick 80/80
  [..] 000112: cam.listen (skip 20 stale frames)
  [OK] 000112.png  (Town01, ClearNoon, sun=40°, dist=6m, lat=+0.0, hdg=+4°, npcs=45)
  [..] 000112: finally start
  [..] 000112: drain tick
  [..] 000112: destroy cam
  [..] 000112: destroy 45 npcs
  [..] 000112: destroy leader
  [..] 000112: destroy follower
  [..] 000112: post-cleanup tick
  [..] 000112: finally end
  [SKIP] 000113: no valid lane at shift=+1 from follower lane
  [..] 000113: spawn follower
  [..] 000113: spawn leader
  [..] 000113: spawn NPCs (near=15, scattered=30)
  [..] 000113: spawn camera
  [..] 000113: settle (no listener)
  [..] 000113: tick 10/80
  [..] 000113: tick 20/80
  [..] 000113: tick 30/80
  [..] 000113: tick 40/80
  [..] 000113: tick 50/80
  [..] 000113: tick 60/80
  [..] 000113: tick 70/80
  [..] 000113: tick 80/80
  [..] 000113: cam.listen (skip 20 stale frames)
  [OK] 000113.png  (Town01, CloudyNoon, sun=34°, dist=17m, lat=+0.0, hdg=+5°, npcs=45)
  [..] 000113: finally start
  [..] 000113: drain tick
  [..] 000113: destroy cam
  [..] 000113: destroy 45 npcs
  [..] 000113: destroy leader
  [..] 000113: destroy follower
  [..] 000113: post-cleanup tick
  [..] 000113: finally end
  [SKIP] 000114: no valid lane at shift=-1 from follower lane
  [SKIP] 000114: no valid lane at shift=+1 from follower lane
  [SKIP] 000114: no valid lane at shift=-1 from follower lane
  [..] 000114: spawn follower
  [..] 000114: spawn leader
  [..] 000114: spawn NPCs (near=15, scattered=30)
  [..] 000114: spawn camera
  [..] 000114: settle (no listener)
  [..] 000114: tick 10/80
  [..] 000114: tick 20/80
  [..] 000114: tick 30/80
  [..] 000114: tick 40/80
  [..] 000114: tick 50/80
  [..] 000114: tick 60/80
  [..] 000114: tick 70/80
  [..] 000114: tick 80/80
  [..] 000114: cam.listen (skip 20 stale frames)
  [OK] 000114.png  (Town01, ClearNoon, sun=38°, dist=10m, lat=+0.0, hdg=-5°, npcs=45)
  [..] 000114: finally start
  [..] 000114: drain tick
  [..] 000114: destroy cam
  [..] 000114: destroy 45 npcs
  [..] 000114: destroy leader
  [..] 000114: destroy follower
  [..] 000114: post-cleanup tick
  [..] 000114: finally end
  [SKIP] 000115: no valid lane at shift=-1 from follower lane
  [SKIP] 000115: no valid lane at shift=+1 from follower lane
  [SKIP] 000115: no valid lane at shift=+1 from follower lane
  [SKIP] 000115: no valid lane at shift=-1 from follower lane
  [..] 000115: spawn follower
  [..] 000115: spawn leader
  [..] 000115: spawn NPCs (near=15, scattered=30)
  [..] 000115: spawn camera
  [..] 000115: settle (no listener)
  [..] 000115: tick 10/80
  [..] 000115: tick 20/80
  [..] 000115: tick 30/80
  [..] 000115: tick 40/80
  [..] 000115: tick 50/80
  [..] 000115: tick 60/80
  [..] 000115: tick 70/80
  [..] 000115: tick 80/80
  [..] 000115: cam.listen (skip 20 stale frames)
  [OK] 000115.png  (Town01, WetNoon, sun=69°, dist=14m, lat=+0.0, hdg=-5°, npcs=45)
  [..] 000115: finally start
  [..] 000115: drain tick
  [..] 000115: destroy cam
  [..] 000115: destroy 45 npcs
  [..] 000115: destroy leader
  [..] 000115: destroy follower
  [..] 000115: post-cleanup tick
  [..] 000115: finally end
  [..] 000116: spawn follower
  [..] 000116: spawn leader
  [..] 000116: spawn NPCs (near=15, scattered=30)
  [..] 000116: spawn camera
  [..] 000116: settle (no listener)
  [..] 000116: tick 10/80
  [..] 000116: tick 20/80
  [..] 000116: tick 30/80
  [..] 000116: tick 40/80
  [..] 000116: tick 50/80
  [..] 000116: tick 60/80
  [..] 000116: tick 70/80
  [..] 000116: tick 80/80
  [..] 000116: cam.listen (skip 20 stale frames)
  [OK] 000116.png  (Town01, WetNoon, sun=47°, dist=17m, lat=+0.0, hdg=+1°, npcs=45)
  [..] 000116: finally start
  [..] 000116: drain tick
  [..] 000116: destroy cam
  [..] 000116: destroy 45 npcs
  [..] 000116: destroy leader
  [..] 000116: destroy follower
  [..] 000116: post-cleanup tick
  [..] 000116: finally end
  [..] 000117: spawn follower
  [..] 000117: spawn leader
  [..] 000117: spawn NPCs (near=15, scattered=30)
  [..] 000117: spawn camera
  [..] 000117: settle (no listener)
  [..] 000117: tick 10/80
  [..] 000117: tick 20/80
  [..] 000117: tick 30/80
  [..] 000117: tick 40/80
  [..] 000117: tick 50/80
  [..] 000117: tick 60/80
  [..] 000117: tick 70/80
  [..] 000117: tick 80/80
  [..] 000117: cam.listen (skip 20 stale frames)
  [OK] 000117.png  (Town01, ClearNoon, sun=26°, dist=17m, lat=+0.0, hdg=+1°, npcs=45)
  [..] 000117: finally start
  [..] 000117: drain tick
  [..] 000117: destroy cam
  [..] 000117: destroy 45 npcs
  [..] 000117: destroy leader
  [..] 000117: destroy follower
  [..] 000117: post-cleanup tick
  [..] 000117: finally end
  [SKIP] 000118: no valid lane at shift=+1 from follower lane
  [SKIP] 000118: no valid lane at shift=-1 from follower lane
  [SKIP] 000118: no valid lane at shift=-1 from follower lane
  [SKIP] 000118: no valid lane at shift=-1 from follower lane
  [..] 000118: spawn follower
  [..] 000118: spawn leader
  [..] 000118: spawn NPCs (near=15, scattered=30)
  [..] 000118: spawn camera
  [..] 000118: settle (no listener)
  [..] 000118: tick 10/80
  [..] 000118: tick 20/80
  [..] 000118: tick 30/80
  [..] 000118: tick 40/80
  [..] 000118: tick 50/80
  [..] 000118: tick 60/80
  [..] 000118: tick 70/80
  [..] 000118: tick 80/80
  [..] 000118: cam.listen (skip 20 stale frames)
  [OK] 000118.png  (Town01, WetNoon, sun=32°, dist=17m, lat=+0.0, hdg=-4°, npcs=45)
  [..] 000118: finally start
  [..] 000118: drain tick
  [..] 000118: destroy cam
  [..] 000118: destroy 45 npcs
  [..] 000118: destroy leader
  [..] 000118: destroy follower
  [..] 000118: post-cleanup tick
  [..] 000118: finally end
  [..] 000119: spawn follower
  [..] 000119: spawn leader
  [..] 000119: spawn NPCs (near=15, scattered=30)
  [..] 000119: spawn camera
  [..] 000119: settle (no listener)
  [..] 000119: tick 10/80
  [..] 000119: tick 20/80
  [..] 000119: tick 30/80
  [..] 000119: tick 40/80
  [..] 000119: tick 50/80
  [..] 000119: tick 60/80
  [..] 000119: tick 70/80
  [..] 000119: tick 80/80
  [..] 000119: cam.listen (skip 20 stale frames)
  [OK] 000119.png  (Town01, CloudyNoon, sun=48°, dist=13m, lat=+0.0, hdg=+4°, npcs=45)
  [..] 000119: finally start
  [..] 000119: drain tick
  [..] 000119: destroy cam
  [..] 000119: destroy 45 npcs
  [..] 000119: destroy leader
  [..] 000119: destroy follower
  [..] 000119: post-cleanup tick
  [..] 000119: finally end
  [SKIP] 000120: no valid lane at shift=-1 from follower lane
  [SKIP] 000120: no valid lane at shift=+1 from follower lane
  [SKIP] 000120: no valid lane at shift=-1 from follower lane
  [SKIP] 000120: no valid lane at shift=-1 from follower lane
  [..] 000120: spawn follower
  [..] 000120: spawn leader
  [..] 000120: spawn NPCs (near=15, scattered=30)
  [..] 000120: spawn camera
  [..] 000120: settle (no listener)
  [..] 000120: tick 10/80
  [..] 000120: tick 20/80
  [..] 000120: tick 30/80
  [..] 000120: tick 40/80
  [..] 000120: tick 50/80
  [..] 000120: tick 60/80
  [..] 000120: tick 70/80
  [..] 000120: tick 80/80
  [..] 000120: cam.listen (skip 20 stale frames)
  [OK] 000120.png  (Town01, ClearNoon, sun=37°, dist=8m, lat=+0.0, hdg=+0°, npcs=45)
  [..] 000120: finally start
  [..] 000120: drain tick
  [..] 000120: destroy cam
  [..] 000120: destroy 45 npcs
  [..] 000120: destroy leader
  [..] 000120: destroy follower
  [..] 000120: post-cleanup tick
  [..] 000120: finally end
  [..] 000121: spawn follower
  [..] 000121: spawn leader
  [..] 000121: spawn NPCs (near=15, scattered=30)
  [..] 000121: spawn camera
  [..] 000121: settle (no listener)
  [..] 000121: tick 10/80
  [..] 000121: tick 20/80
  [..] 000121: tick 30/80
  [..] 000121: tick 40/80
  [..] 000121: tick 50/80
  [..] 000121: tick 60/80
  [..] 000121: tick 70/80
  [..] 000121: tick 80/80
  [..] 000121: cam.listen (skip 20 stale frames)
  [OK] 000121.png  (Town01, MidRainyNoon, sun=27°, dist=9m, lat=+0.0, hdg=-1°, npcs=45)
  [..] 000121: finally start
  [..] 000121: drain tick
  [..] 000121: destroy cam
  [..] 000121: destroy 45 npcs
  [..] 000121: destroy leader
  [..] 000121: destroy follower
  [..] 000121: post-cleanup tick
  [..] 000121: finally end
  [SKIP] 000122: no valid lane at shift=-1 from follower lane
  [SKIP] 000122: no valid lane at shift=+1 from follower lane
  [SKIP] 000122: no valid lane at shift=+1 from follower lane
  [SKIP] 000122: no valid lane at shift=+1 from follower lane
  [SKIP] 000122: no valid lane at shift=-1 from follower lane
  [..] 000122: spawn follower
  [..] 000122: spawn leader
  [..] 000122: spawn NPCs (near=15, scattered=30)
  [..] 000122: spawn camera
  [..] 000122: settle (no listener)
  [..] 000122: tick 10/80
  [..] 000122: tick 20/80
  [..] 000122: tick 30/80
  [..] 000122: tick 40/80
  [..] 000122: tick 50/80
  [..] 000122: tick 60/80
  [..] 000122: tick 70/80
  [..] 000122: tick 80/80
  [..] 000122: cam.listen (skip 20 stale frames)
  [OK] 000122.png  (Town01, ClearNoon, sun=39°, dist=7m, lat=+0.0, hdg=+0°, npcs=45)
  [..] 000122: finally start
  [..] 000122: drain tick
  [..] 000122: destroy cam
  [..] 000122: destroy 45 npcs
  [..] 000122: destroy leader
  [..] 000122: destroy follower
  [..] 000122: post-cleanup tick
  [..] 000122: finally end
  [SKIP] 000123: no valid lane at shift=+1 from follower lane
  [SKIP] 000123: no valid lane at shift=+1 from follower lane
  [SKIP] 000123: no valid lane at shift=+1 from follower lane
  [SKIP] 000123: no valid lane at shift=-1 from follower lane
  [..] 000123: spawn follower
  [..] 000123: spawn leader
  [..] 000123: spawn NPCs (near=15, scattered=30)
  [..] 000123: spawn camera
  [..] 000123: settle (no listener)
  [..] 000123: tick 10/80
  [..] 000123: tick 20/80
  [..] 000123: tick 30/80
  [..] 000123: tick 40/80
  [..] 000123: tick 50/80
  [..] 000123: tick 60/80
  [..] 000123: tick 70/80
  [..] 000123: tick 80/80
  [..] 000123: cam.listen (skip 20 stale frames)
  [OK] 000123.png  (Town01, CloudyNoon, sun=42°, dist=17m, lat=+0.0, hdg=+4°, npcs=45)
  [..] 000123: finally start
  [..] 000123: drain tick
  [..] 000123: destroy cam
  [..] 000123: destroy 45 npcs
  [..] 000123: destroy leader
  [..] 000123: destroy follower
  [..] 000123: post-cleanup tick
  [..] 000123: finally end
  [..] 000124: spawn follower
  [..] 000124: spawn leader
  [..] 000124: spawn NPCs (near=15, scattered=30)
  [..] 000124: spawn camera
  [..] 000124: settle (no listener)
  [..] 000124: tick 10/80
  [..] 000124: tick 20/80
  [..] 000124: tick 30/80
  [..] 000124: tick 40/80
  [..] 000124: tick 50/80
  [..] 000124: tick 60/80
  [..] 000124: tick 70/80
  [..] 000124: tick 80/80
  [..] 000124: cam.listen (skip 20 stale frames)
  [OK] 000124.png  (Town01, MidRainyNoon, sun=61°, dist=18m, lat=+0.0, hdg=+2°, npcs=45)
  [..] 000124: finally start
  [..] 000124: drain tick
  [..] 000124: destroy cam
  [..] 000124: destroy 45 npcs
  [..] 000124: destroy leader
  [..] 000124: destroy follower
  [..] 000124: post-cleanup tick
  [..] 000124: finally end
  [SKIP] 000125: no valid lane at shift=-1 from follower lane

Done. 124 frame(s) saved → data/chroma_key_dataset/capture_20260609_014138_marker
   Town01                 124 / 200  [SHORT]
Index: data/chroma_key_dataset/capture_20260609_014138_marker/captures_index.csv
[01:45:13] DONE

============================================================
 TOWN: Town03
============================================================
>>> stopping CARLA
 167646>>> launching CarlaUE4.sh (headless, off-screen render)
>>> CARLA up and listening on :2000
################################################################
# CHROMA-KEY CAPTURE — 2026-06-09 01:45:45
################################################################
  towns          : Town03
  weather        : ClearNoon CloudyNoon WetNoon MidRainyNoon
  sun_alts       : 70 55 40 25
  distances      : 6 10 14 18
  lateral_offs   : -1 0 1
  heading_offs   : -5 0 5
  npc_count      : 15  (radius 80 m)
  npc_scattered  : 30  (random across map)
  spawn_pool     : 6
  leader         : vehicle.carlamotors.carlacola
  follower       : vehicle.tesla.model3
  max_frames     : 99999
  shuffle        : 1
  continuous     : 1  (per-town: 200)
  sun_range      : 25 70
  dist_range     : 6 18
  heading_range  : -5 5
  seed           : 42
  log            : /dev/null


Connecting to CARLA at localhost:2000 (timeout=180s) ...
Continuous sampling: 400 attempts across 1 towns (200/town)
Sampled : 400 frame(s) (shuffled)
   Town03                400
Out     : data/chroma_key_dataset/capture_20260609_014138_marker

[resume] appending to existing run, starting frame_id 000125

--- Loading Town03 ---
WARNING: Version mismatch detected: You are trying to connect to a simulator that might be incompatible with this API 
WARNING: Client API version     = 0.9.15 
WARNING: Simulator API version  = 0.9.15.2 
  warmup: 100 ticks
  [..] 000125: spawn follower
  [..] 000125: spawn leader
  [..] 000125: spawn NPCs (near=15, scattered=30)
  [..] 000125: spawn camera
  [..] 000125: settle (no listener)
  [..] 000125: tick 10/80
  [..] 000125: tick 20/80
  [..] 000125: tick 30/80
  [..] 000125: tick 40/80
  [..] 000125: tick 50/80
  [..] 000125: tick 60/80
  [..] 000125: tick 70/80
  [..] 000125: tick 80/80
  [..] 000125: cam.listen (skip 20 stale frames)
  [OK] 000125.png  (Town03, MidRainyNoon, sun=59°, dist=10m, lat=-1.0, hdg=-0°, npcs=45)
  [..] 000125: finally start
  [..] 000125: drain tick
  [..] 000125: destroy cam
  [..] 000125: destroy 45 npcs
  [..] 000125: destroy leader
  [..] 000125: destroy follower
  [..] 000125: post-cleanup tick
  [..] 000125: finally end
  [..] 000126: spawn follower
  [..] 000126: spawn leader
  [..] 000126: spawn NPCs (near=15, scattered=30)
  [..] 000126: spawn camera
  [..] 000126: settle (no listener)
  [..] 000126: tick 10/80
  [..] 000126: tick 20/80
  [..] 000126: tick 30/80
  [..] 000126: tick 40/80
  [..] 000126: tick 50/80
  [..] 000126: tick 60/80
  [..] 000126: tick 70/80
  [..] 000126: tick 80/80
  [..] 000126: cam.listen (skip 20 stale frames)
  [OK] 000126.png  (Town03, MidRainyNoon, sun=58°, dist=18m, lat=+0.0, hdg=+1°, npcs=45)
  [..] 000126: finally start
  [..] 000126: drain tick
  [..] 000126: destroy cam
  [..] 000126: destroy 45 npcs
  [..] 000126: destroy leader
  [..] 000126: destroy follower
  [..] 000126: post-cleanup tick
  [..] 000126: finally end
  [..] 000127: spawn follower
  [..] 000127: spawn leader
  [..] 000127: spawn NPCs (near=15, scattered=30)
  [..] 000127: spawn camera
  [..] 000127: settle (no listener)
  [..] 000127: tick 10/80
  [..] 000127: tick 20/80
  [..] 000127: tick 30/80
  [..] 000127: tick 40/80
  [..] 000127: tick 50/80
  [..] 000127: tick 60/80
  [..] 000127: tick 70/80
  [..] 000127: tick 80/80
  [..] 000127: cam.listen (skip 20 stale frames)
  [OK] 000127.png  (Town03, CloudyNoon, sun=46°, dist=18m, lat=+0.0, hdg=+1°, npcs=45)
  [..] 000127: finally start
  [..] 000127: drain tick
  [..] 000127: destroy cam
  [..] 000127: destroy 45 npcs
  [..] 000127: destroy leader
  [..] 000127: destroy follower
  [..] 000127: post-cleanup tick
  [..] 000127: finally end
  [..] 000128: spawn follower
  [..] 000128: spawn leader
  [..] 000128: spawn NPCs (near=15, scattered=30)
  [..] 000128: spawn camera
  [..] 000128: settle (no listener)
  [..] 000128: tick 10/80
  [..] 000128: tick 20/80
  [..] 000128: tick 30/80
  [..] 000128: tick 40/80
  [..] 000128: tick 50/80
  [..] 000128: tick 60/80
  [..] 000128: tick 70/80
  [..] 000128: tick 80/80
  [..] 000128: cam.listen (skip 20 stale frames)
  [OK] 000128.png  (Town03, MidRainyNoon, sun=61°, dist=7m, lat=+1.0, hdg=+2°, npcs=45)
  [..] 000128: finally start
  [..] 000128: drain tick
  [..] 000128: destroy cam
  [..] 000128: destroy 45 npcs
  [..] 000128: destroy leader
  [..] 000128: destroy follower
  [..] 000128: post-cleanup tick
  [..] 000128: finally end
  [..] 000129: spawn follower
  [..] 000129: spawn leader
  [..] 000129: spawn NPCs (near=15, scattered=30)
  [..] 000129: spawn camera
  [..] 000129: settle (no listener)
  [..] 000129: tick 10/80
  [..] 000129: tick 20/80
  [..] 000129: tick 30/80
  [..] 000129: tick 40/80
  [..] 000129: tick 50/80
  [..] 000129: tick 60/80
  [..] 000129: tick 70/80
  [..] 000129: tick 80/80
  [..] 000129: cam.listen (skip 20 stale frames)
  [OK] 000129.png  (Town03, WetNoon, sun=37°, dist=11m, lat=+0.0, hdg=+5°, npcs=45)
  [..] 000129: finally start
  [..] 000129: drain tick
  [..] 000129: destroy cam
  [..] 000129: destroy 45 npcs
  [..] 000129: destroy leader
  [..] 000129: destroy follower
  [..] 000129: post-cleanup tick
  [..] 000129: finally end
  [SKIP] 000130: no valid lane at shift=-1 from follower lane
  [..] 000130: spawn follower
  [..] 000130: spawn leader
  [..] 000130: spawn NPCs (near=15, scattered=30)
  [..] 000130: spawn camera
  [..] 000130: settle (no listener)
  [..] 000130: tick 10/80
  [..] 000130: tick 20/80
  [..] 000130: tick 30/80
  [..] 000130: tick 40/80
  [..] 000130: tick 50/80
  [..] 000130: tick 60/80
  [..] 000130: tick 70/80
  [..] 000130: tick 80/80
  [..] 000130: cam.listen (skip 20 stale frames)
  [OK] 000130.png  (Town03, ClearNoon, sun=61°, dist=16m, lat=-1.0, hdg=-4°, npcs=45)
  [..] 000130: finally start
  [..] 000130: drain tick
  [..] 000130: destroy cam
  [..] 000130: destroy 45 npcs
  [..] 000130: destroy leader
  [..] 000130: destroy follower
  [..] 000130: post-cleanup tick
  [..] 000130: finally end
  [SKIP] 000131: no valid lane at shift=-1 from follower lane
  [..] 000131: spawn follower
  [..] 000131: spawn leader
  [..] 000131: spawn NPCs (near=15, scattered=30)
  [..] 000131: spawn camera
  [..] 000131: settle (no listener)
  [..] 000131: tick 10/80
  [..] 000131: tick 20/80
  [..] 000131: tick 30/80
  [..] 000131: tick 40/80
  [..] 000131: tick 50/80
  [..] 000131: tick 60/80
  [..] 000131: tick 70/80
  [..] 000131: tick 80/80
  [..] 000131: cam.listen (skip 20 stale frames)
  [OK] 000131.png  (Town03, CloudyNoon, sun=44°, dist=17m, lat=+0.0, hdg=+1°, npcs=45)
  [..] 000131: finally start
  [..] 000131: drain tick
  [..] 000131: destroy cam
  [..] 000131: destroy 45 npcs
  [..] 000131: destroy leader
  [..] 000131: destroy follower
  [..] 000131: post-cleanup tick
  [..] 000131: finally end
  [SKIP] 000132: no valid lane at shift=+1 from follower lane
  [..] 000132: spawn follower
  [..] 000132: spawn leader
  [..] 000132: spawn NPCs (near=15, scattered=30)
  [..] 000132: spawn camera
  [..] 000132: settle (no listener)
  [..] 000132: tick 10/80
  [..] 000132: tick 20/80
  [..] 000132: tick 30/80
  [..] 000132: tick 40/80
  [..] 000132: tick 50/80
  [..] 000132: tick 60/80
  [..] 000132: tick 70/80
  [..] 000132: tick 80/80
  [..] 000132: cam.listen (skip 20 stale frames)
  [OK] 000132.png  (Town03, ClearNoon, sun=42°, dist=15m, lat=+0.0, hdg=+1°, npcs=45)
  [..] 000132: finally start
  [..] 000132: drain tick
  [..] 000132: destroy cam
  [..] 000132: destroy 45 npcs
  [..] 000132: destroy leader
  [..] 000132: destroy follower
  [..] 000132: post-cleanup tick
  [..] 000132: finally end
  [..] 000133: spawn follower
  [..] 000133: spawn leader
  [..] 000133: spawn NPCs (near=15, scattered=30)
  [..] 000133: spawn camera
  [..] 000133: settle (no listener)
  [..] 000133: tick 10/80
  [..] 000133: tick 20/80
  [..] 000133: tick 30/80
  [..] 000133: tick 40/80
  [..] 000133: tick 50/80
  [..] 000133: tick 60/80
  [..] 000133: tick 70/80
  [..] 000133: tick 80/80
  [..] 000133: cam.listen (skip 20 stale frames)
  [OK] 000133.png  (Town03, WetNoon, sun=52°, dist=10m, lat=-1.0, hdg=-2°, npcs=45)
  [..] 000133: finally start
  [..] 000133: drain tick
  [..] 000133: destroy cam
  [..] 000133: destroy 45 npcs
  [..] 000133: destroy leader
  [..] 000133: destroy follower
  [..] 000133: post-cleanup tick
  [..] 000133: finally end
  [SKIP] 000134: no valid lane at shift=+1 from follower lane
  [SKIP] 000134: no valid lane at shift=-1 from follower lane
  [..] 000134: spawn follower
  [..] 000134: spawn leader
  [..] 000134: spawn NPCs (near=15, scattered=30)
  [..] 000134: spawn camera
  [..] 000134: settle (no listener)
  [..] 000134: tick 10/80
  [..] 000134: tick 20/80
  [..] 000134: tick 30/80
  [..] 000134: tick 40/80
  [..] 000134: tick 50/80
  [..] 000134: tick 60/80
  [..] 000134: tick 70/80
  [..] 000134: tick 80/80
  [..] 000134: cam.listen (skip 20 stale frames)
  [OK] 000134.png  (Town03, CloudyNoon, sun=40°, dist=9m, lat=+0.0, hdg=-1°, npcs=45)
  [..] 000134: finally start
  [..] 000134: drain tick
  [..] 000134: destroy cam
  [..] 000134: destroy 45 npcs
  [..] 000134: destroy leader
  [..] 000134: destroy follower
  [..] 000134: post-cleanup tick
  [..] 000134: finally end
  [SKIP] 000135: no valid lane at shift=-1 from follower lane
  [..] 000135: spawn follower
  [..] 000135: spawn leader
  [..] 000135: spawn NPCs (near=15, scattered=30)
  [..] 000135: spawn camera
  [..] 000135: settle (no listener)
  [..] 000135: tick 10/80
  [..] 000135: tick 20/80
  [..] 000135: tick 30/80
  [..] 000135: tick 40/80
  [..] 000135: tick 50/80
  [..] 000135: tick 60/80
  [..] 000135: tick 70/80
  [..] 000135: tick 80/80
  [..] 000135: cam.listen (skip 20 stale frames)
  [OK] 000135.png  (Town03, WetNoon, sun=43°, dist=13m, lat=+0.0, hdg=+1°, npcs=45)
  [..] 000135: finally start
  [..] 000135: drain tick
  [..] 000135: destroy cam
  [..] 000135: destroy 45 npcs
  [..] 000135: destroy leader
  [..] 000135: destroy follower
  [..] 000135: post-cleanup tick
  [..] 000135: finally end
  [SKIP] 000136: no valid lane at shift=-1 from follower lane
  [..] 000136: spawn follower
  [..] 000136: spawn leader
  [..] 000136: spawn NPCs (near=15, scattered=30)
  [..] 000136: spawn camera
  [..] 000136: settle (no listener)
  [..] 000136: tick 10/80
  [..] 000136: tick 20/80
  [..] 000136: tick 30/80
  [..] 000136: tick 40/80
  [..] 000136: tick 50/80
  [..] 000136: tick 60/80
  [..] 000136: tick 70/80
  [..] 000136: tick 80/80
  [..] 000136: cam.listen (skip 20 stale frames)
  [OK] 000136.png  (Town03, ClearNoon, sun=28°, dist=6m, lat=+0.0, hdg=-4°, npcs=45)
  [..] 000136: finally start
  [..] 000136: drain tick
  [..] 000136: destroy cam
  [..] 000136: destroy 45 npcs
  [..] 000136: destroy leader
  [..] 000136: destroy follower
  [..] 000136: post-cleanup tick
  [..] 000136: finally end
  [SKIP] 000137: no valid lane at shift=+1 from follower lane
  [..] 000137: spawn follower
  [..] 000137: spawn leader
  [..] 000137: spawn NPCs (near=15, scattered=30)
  [..] 000137: spawn camera
  [..] 000137: settle (no listener)
  [..] 000137: tick 10/80
  [..] 000137: tick 20/80
  [..] 000137: tick 30/80
  [..] 000137: tick 40/80
  [..] 000137: tick 50/80
  [..] 000137: tick 60/80
  [..] 000137: tick 70/80
  [..] 000137: tick 80/80
  [..] 000137: cam.listen (skip 20 stale frames)
  [OK] 000137.png  (Town03, CloudyNoon, sun=38°, dist=7m, lat=+0.0, hdg=+2°, npcs=45)
  [..] 000137: finally start
  [..] 000137: drain tick
  [..] 000137: destroy cam
  [..] 000137: destroy 45 npcs
  [..] 000137: destroy leader
  [..] 000137: destroy follower
  [..] 000137: post-cleanup tick
  [..] 000137: finally end
  [..] 000138: spawn follower
  [..] 000138: spawn leader
  [..] 000138: spawn NPCs (near=15, scattered=30)
  [..] 000138: spawn camera
  [..] 000138: settle (no listener)
  [..] 000138: tick 10/80
  [..] 000138: tick 20/80
  [..] 000138: tick 30/80
  [..] 000138: tick 40/80
  [..] 000138: tick 50/80
  [..] 000138: tick 60/80
  [..] 000138: tick 70/80
  [..] 000138: tick 80/80
  [..] 000138: cam.listen (skip 20 stale frames)
  [OK] 000138.png  (Town03, CloudyNoon, sun=33°, dist=13m, lat=+0.0, hdg=+1°, npcs=45)
  [..] 000138: finally start
  [..] 000138: drain tick
  [..] 000138: destroy cam
  [..] 000138: destroy 45 npcs
  [..] 000138: destroy leader
  [..] 000138: destroy follower
  [..] 000138: post-cleanup tick
  [..] 000138: finally end
  [SKIP] 000139: no valid lane at shift=+1 from follower lane
  [..] 000139: spawn follower
  [..] 000139: spawn leader
  [..] 000139: spawn NPCs (near=15, scattered=30)
  [..] 000139: spawn camera
  [..] 000139: settle (no listener)
  [..] 000139: tick 10/80
  [..] 000139: tick 20/80
  [..] 000139: tick 30/80
  [..] 000139: tick 40/80
  [..] 000139: tick 50/80
  [..] 000139: tick 60/80
  [..] 000139: tick 70/80
  [..] 000139: tick 80/80
  [..] 000139: cam.listen (skip 20 stale frames)
  [OK] 000139.png  (Town03, ClearNoon, sun=35°, dist=10m, lat=-1.0, hdg=+3°, npcs=45)
  [..] 000139: finally start
  [..] 000139: drain tick
  [..] 000139: destroy cam
  [..] 000139: destroy 45 npcs
  [..] 000139: destroy leader
  [..] 000139: destroy follower
  [..] 000139: post-cleanup tick
  [..] 000139: finally end
  [SKIP] 000140: no valid lane at shift=-1 from follower lane
  [..] 000140: spawn follower
  [..] 000140: spawn leader
  [..] 000140: spawn NPCs (near=15, scattered=30)
  [..] 000140: spawn camera
  [..] 000140: settle (no listener)
  [..] 000140: tick 10/80
  [..] 000140: tick 20/80
  [..] 000140: tick 30/80
  [..] 000140: tick 40/80
  [..] 000140: tick 50/80
  [..] 000140: tick 60/80
  [..] 000140: tick 70/80
  [..] 000140: tick 80/80
  [..] 000140: cam.listen (skip 20 stale frames)
  [OK] 000140.png  (Town03, WetNoon, sun=39°, dist=11m, lat=+0.0, hdg=-1°, npcs=45)
  [..] 000140: finally start
  [..] 000140: drain tick
  [..] 000140: destroy cam
  [..] 000140: destroy 45 npcs
  [..] 000140: destroy leader
  [..] 000140: destroy follower
  [..] 000140: post-cleanup tick
  [..] 000140: finally end
  [SKIP] 000141: no valid lane at shift=+1 from follower lane
  [SKIP] 000141: no valid lane at shift=+1 from follower lane
  [..] 000141: spawn follower
  [..] 000141: spawn leader
  [..] 000141: spawn NPCs (near=15, scattered=30)
  [..] 000141: spawn camera
  [..] 000141: settle (no listener)
  [..] 000141: tick 10/80
  [..] 000141: tick 20/80
  [..] 000141: tick 30/80
  [..] 000141: tick 40/80
  [..] 000141: tick 50/80
  [..] 000141: tick 60/80
  [..] 000141: tick 70/80
  [..] 000141: tick 80/80
  [..] 000141: cam.listen (skip 20 stale frames)
  [OK] 000141.png  (Town03, WetNoon, sun=59°, dist=11m, lat=+0.0, hdg=-2°, npcs=45)
  [..] 000141: finally start
  [..] 000141: drain tick
  [..] 000141: destroy cam
  [..] 000141: destroy 45 npcs
  [..] 000141: destroy leader
  [..] 000141: destroy follower
  [..] 000141: post-cleanup tick
  [..] 000141: finally end
  [..] 000142: spawn follower
  [..] 000142: spawn leader
  [..] 000142: spawn NPCs (near=15, scattered=30)
  [..] 000142: spawn camera
  [..] 000142: settle (no listener)
  [..] 000142: tick 10/80
  [..] 000142: tick 20/80
  [..] 000142: tick 30/80
  [..] 000142: tick 40/80
  [..] 000142: tick 50/80
  [..] 000142: tick 60/80
  [..] 000142: tick 70/80
  [..] 000142: tick 80/80
  [..] 000142: cam.listen (skip 20 stale frames)
  [OK] 000142.png  (Town03, MidRainyNoon, sun=48°, dist=15m, lat=-1.0, hdg=+5°, npcs=45)
  [..] 000142: finally start
  [..] 000142: drain tick
  [..] 000142: destroy cam
  [..] 000142: destroy 45 npcs
  [..] 000142: destroy leader
  [..] 000142: destroy follower
  [..] 000142: post-cleanup tick
  [..] 000142: finally end
  [SKIP] 000143: no valid lane at shift=+1 from follower lane
  [SKIP] 000143: no valid lane at shift=-1 from follower lane
  [SKIP] 000143: no valid lane at shift=-1 from follower lane
  [SKIP] 000143: no valid lane at shift=+1 from follower lane
  [SKIP] 000143: no valid lane at shift=-1 from follower lane
  [..] 000143: spawn follower
  [..] 000143: spawn leader
  [..] 000143: spawn NPCs (near=15, scattered=30)
  [..] 000143: spawn camera
  [..] 000143: settle (no listener)
  [..] 000143: tick 10/80
  [..] 000143: tick 20/80
  [..] 000143: tick 30/80
  [..] 000143: tick 40/80
  [..] 000143: tick 50/80
  [..] 000143: tick 60/80
  [..] 000143: tick 70/80
  [..] 000143: tick 80/80
  [..] 000143: cam.listen (skip 20 stale frames)
  [OK] 000143.png  (Town03, ClearNoon, sun=60°, dist=9m, lat=+1.0, hdg=+0°, npcs=45)
  [..] 000143: finally start
  [..] 000143: drain tick
  [..] 000143: destroy cam
  [..] 000143: destroy 45 npcs
  [..] 000143: destroy leader
  [..] 000143: destroy follower
  [..] 000143: post-cleanup tick
  [..] 000143: finally end
  [SKIP] 000144: no valid lane at shift=-1 from follower lane
  [..] 000144: spawn follower
  [..] 000144: spawn leader
  [..] 000144: spawn NPCs (near=15, scattered=30)
  [..] 000144: spawn camera
  [..] 000144: settle (no listener)
  [..] 000144: tick 10/80
  [..] 000144: tick 20/80
  [..] 000144: tick 30/80
  [..] 000144: tick 40/80
  [..] 000144: tick 50/80
  [..] 000144: tick 60/80
  [..] 000144: tick 70/80
  [..] 000144: tick 80/80
  [..] 000144: cam.listen (skip 20 stale frames)
  [OK] 000144.png  (Town03, CloudyNoon, sun=56°, dist=15m, lat=-1.0, hdg=+1°, npcs=45)
  [..] 000144: finally start
  [..] 000144: drain tick
  [..] 000144: destroy cam
  [..] 000144: destroy 45 npcs
  [..] 000144: destroy leader
  [..] 000144: destroy follower
  [..] 000144: post-cleanup tick
  [..] 000144: finally end
  [SKIP] 000145: no valid lane at shift=-1 from follower lane
  [..] 000145: spawn follower
  [..] 000145: spawn leader
  [..] 000145: spawn NPCs (near=15, scattered=30)
  [..] 000145: spawn camera
  [..] 000145: settle (no listener)
  [..] 000145: tick 10/80
  [..] 000145: tick 20/80
  [..] 000145: tick 30/80
  [..] 000145: tick 40/80
  [..] 000145: tick 50/80
  [..] 000145: tick 60/80
  [..] 000145: tick 70/80
  [..] 000145: tick 80/80
  [..] 000145: cam.listen (skip 20 stale frames)
  [OK] 000145.png  (Town03, MidRainyNoon, sun=38°, dist=15m, lat=+0.0, hdg=-3°, npcs=45)
  [..] 000145: finally start
  [..] 000145: drain tick
  [..] 000145: destroy cam
  [..] 000145: destroy 45 npcs
  [..] 000145: destroy leader
  [..] 000145: destroy follower
  [..] 000145: post-cleanup tick
  [..] 000145: finally end
  [..] 000146: spawn follower
  [..] 000146: spawn leader
  [..] 000146: spawn NPCs (near=15, scattered=30)
  [..] 000146: spawn camera
  [..] 000146: settle (no listener)
  [..] 000146: tick 10/80
  [..] 000146: tick 20/80
  [..] 000146: tick 30/80
  [..] 000146: tick 40/80
  [..] 000146: tick 50/80
  [..] 000146: tick 60/80
  [..] 000146: tick 70/80
  [..] 000146: tick 80/80
  [..] 000146: cam.listen (skip 20 stale frames)
  [OK] 000146.png  (Town03, CloudyNoon, sun=45°, dist=9m, lat=+0.0, hdg=+3°, npcs=45)
  [..] 000146: finally start
  [..] 000146: drain tick
  [..] 000146: destroy cam
  [..] 000146: destroy 45 npcs
  [..] 000146: destroy leader
  [..] 000146: destroy follower
  [..] 000146: post-cleanup tick
  [..] 000146: finally end
  [..] 000147: spawn follower
  [..] 000147: spawn leader
  [..] 000147: spawn NPCs (near=15, scattered=30)
  [..] 000147: spawn camera
  [..] 000147: settle (no listener)
  [..] 000147: tick 10/80
  [..] 000147: tick 20/80
  [..] 000147: tick 30/80
  [..] 000147: tick 40/80
  [..] 000147: tick 50/80
  [..] 000147: tick 60/80
  [..] 000147: tick 70/80
  [..] 000147: tick 80/80
  [..] 000147: cam.listen (skip 20 stale frames)
  [OK] 000147.png  (Town03, ClearNoon, sun=52°, dist=11m, lat=+1.0, hdg=+2°, npcs=45)
  [..] 000147: finally start
  [..] 000147: drain tick
  [..] 000147: destroy cam
  [..] 000147: destroy 45 npcs
  [..] 000147: destroy leader
  [..] 000147: destroy follower
  [..] 000147: post-cleanup tick
  [..] 000147: finally end
  [..] 000148: spawn follower
  [..] 000148: spawn leader
  [..] 000148: spawn NPCs (near=15, scattered=30)
  [..] 000148: spawn camera
  [..] 000148: settle (no listener)
  [..] 000148: tick 10/80
  [..] 000148: tick 20/80
  [..] 000148: tick 30/80
  [..] 000148: tick 40/80
  [..] 000148: tick 50/80
  [..] 000148: tick 60/80
  [..] 000148: tick 70/80
  [..] 000148: tick 80/80
  [..] 000148: cam.listen (skip 20 stale frames)
  [OK] 000148.png  (Town03, WetNoon, sun=39°, dist=8m, lat=+1.0, hdg=+0°, npcs=45)
  [..] 000148: finally start
  [..] 000148: drain tick
  [..] 000148: destroy cam
  [..] 000148: destroy 45 npcs
  [..] 000148: destroy leader
  [..] 000148: destroy follower
  [..] 000148: post-cleanup tick
  [..] 000148: finally end
  [..] 000149: spawn follower
  [..] 000149: spawn leader
  [..] 000149: spawn NPCs (near=15, scattered=30)
  [..] 000149: spawn camera
  [..] 000149: settle (no listener)
  [..] 000149: tick 10/80
  [..] 000149: tick 20/80
  [..] 000149: tick 30/80
  [..] 000149: tick 40/80
  [..] 000149: tick 50/80
  [..] 000149: tick 60/80
  [..] 000149: tick 70/80
  [..] 000149: tick 80/80
  [..] 000149: cam.listen (skip 20 stale frames)
  [OK] 000149.png  (Town03, ClearNoon, sun=59°, dist=16m, lat=+0.0, hdg=+3°, npcs=45)
  [..] 000149: finally start
  [..] 000149: drain tick
  [..] 000149: destroy cam
  [..] 000149: destroy 45 npcs
  [..] 000149: destroy leader
  [..] 000149: destroy follower
  [..] 000149: post-cleanup tick
  [..] 000149: finally end
  [..] 000150: spawn follower
  [..] 000150: spawn leader
  [..] 000150: spawn NPCs (near=15, scattered=30)
  [..] 000150: spawn camera
  [..] 000150: settle (no listener)
  [..] 000150: tick 10/80
  [..] 000150: tick 20/80
  [..] 000150: tick 30/80
  [..] 000150: tick 40/80
  [..] 000150: tick 50/80
  [..] 000150: tick 60/80
  [..] 000150: tick 70/80
  [..] 000150: tick 80/80
  [..] 000150: cam.listen (skip 20 stale frames)
  [OK] 000150.png  (Town03, CloudyNoon, sun=46°, dist=16m, lat=+0.0, hdg=+4°, npcs=45)
  [..] 000150: finally start
  [..] 000150: drain tick
  [..] 000150: destroy cam
  [..] 000150: destroy 45 npcs
  [..] 000150: destroy leader
  [..] 000150: destroy follower
  [..] 000150: post-cleanup tick
  [..] 000150: finally end
  [SKIP] 000151: no valid lane at shift=+1 from follower lane
  [..] 000151: spawn follower
  [..] 000151: spawn leader
  [..] 000151: spawn NPCs (near=15, scattered=30)
  [..] 000151: spawn camera
  [..] 000151: settle (no listener)
  [..] 000151: tick 10/80
  [..] 000151: tick 20/80
  [..] 000151: tick 30/80
  [..] 000151: tick 40/80
  [..] 000151: tick 50/80
  [..] 000151: tick 60/80
  [..] 000151: tick 70/80
  [..] 000151: tick 80/80
  [..] 000151: cam.listen (skip 20 stale frames)
  [OK] 000151.png  (Town03, WetNoon, sun=33°, dist=15m, lat=+0.0, hdg=+5°, npcs=45)
  [..] 000151: finally start
  [..] 000151: drain tick
  [..] 000151: destroy cam
  [..] 000151: destroy 45 npcs
  [..] 000151: destroy leader
  [..] 000151: destroy follower
  [..] 000151: post-cleanup tick
  [..] 000151: finally end
  [SKIP] 000152: no valid lane at shift=+1 from follower lane
  [..] 000152: spawn follower
  [..] 000152: spawn leader
  [..] 000152: spawn NPCs (near=15, scattered=30)
  [..] 000152: spawn camera
  [..] 000152: settle (no listener)
  [..] 000152: tick 10/80
  [..] 000152: tick 20/80
  [..] 000152: tick 30/80
  [..] 000152: tick 40/80
  [..] 000152: tick 50/80
  [..] 000152: tick 60/80
  [..] 000152: tick 70/80
  [..] 000152: tick 80/80
  [..] 000152: cam.listen (skip 20 stale frames)
  [OK] 000152.png  (Town03, ClearNoon, sun=48°, dist=10m, lat=+1.0, hdg=+1°, npcs=45)
  [..] 000152: finally start
  [..] 000152: drain tick
  [..] 000152: destroy cam
  [..] 000152: destroy 45 npcs
  [..] 000152: destroy leader
  [..] 000152: destroy follower
  [..] 000152: post-cleanup tick
  [..] 000152: finally end
  [SKIP] 000153: no valid lane at shift=-1 from follower lane
  [SKIP] 000153: no valid lane at shift=-1 from follower lane
  [SKIP] 000153: no valid lane at shift=+1 from follower lane
  [..] 000153: spawn follower
  [..] 000153: spawn leader
  [..] 000153: spawn NPCs (near=15, scattered=30)
  [..] 000153: spawn camera
  [..] 000153: settle (no listener)
  [..] 000153: tick 10/80
  [..] 000153: tick 20/80
  [..] 000153: tick 30/80
  [..] 000153: tick 40/80
  [..] 000153: tick 50/80
  [..] 000153: tick 60/80
  [..] 000153: tick 70/80
  [..] 000153: tick 80/80
  [..] 000153: cam.listen (skip 20 stale frames)
  [OK] 000153.png  (Town03, WetNoon, sun=59°, dist=13m, lat=+0.0, hdg=+3°, npcs=45)
  [..] 000153: finally start
  [..] 000153: drain tick
  [..] 000153: destroy cam
  [..] 000153: destroy 45 npcs
  [..] 000153: destroy leader
  [..] 000153: destroy follower
  [..] 000153: post-cleanup tick
  [..] 000153: finally end
  [SKIP] 000154: no valid lane at shift=+1 from follower lane
  [..] 000154: spawn follower
  [..] 000154: spawn leader
  [..] 000154: spawn NPCs (near=15, scattered=30)
  [..] 000154: spawn camera
  [..] 000154: settle (no listener)
  [..] 000154: tick 10/80
  [..] 000154: tick 20/80
  [..] 000154: tick 30/80
  [..] 000154: tick 40/80
  [..] 000154: tick 50/80
  [..] 000154: tick 60/80
  [..] 000154: tick 70/80
  [..] 000154: tick 80/80
  [..] 000154: cam.listen (skip 20 stale frames)
  [OK] 000154.png  (Town03, ClearNoon, sun=54°, dist=6m, lat=+0.0, hdg=+3°, npcs=45)
  [..] 000154: finally start
  [..] 000154: drain tick
  [..] 000154: destroy cam
  [..] 000154: destroy 45 npcs
  [..] 000154: destroy leader
  [..] 000154: destroy follower
  [..] 000154: post-cleanup tick
  [..] 000154: finally end
  [SKIP] 000155: no valid lane at shift=+1 from follower lane
  [..] 000155: spawn follower
  [..] 000155: spawn leader
  [..] 000155: spawn NPCs (near=15, scattered=30)
  [..] 000155: spawn camera
  [..] 000155: settle (no listener)
  [..] 000155: tick 10/80
  [..] 000155: tick 20/80
  [..] 000155: tick 30/80
  [..] 000155: tick 40/80
  [..] 000155: tick 50/80
  [..] 000155: tick 60/80
  [..] 000155: tick 70/80
  [..] 000155: tick 80/80
  [..] 000155: cam.listen (skip 20 stale frames)
  [OK] 000155.png  (Town03, WetNoon, sun=57°, dist=11m, lat=+0.0, hdg=+5°, npcs=45)
  [..] 000155: finally start
  [..] 000155: drain tick
  [..] 000155: destroy cam
  [..] 000155: destroy 45 npcs
  [..] 000155: destroy leader
  [..] 000155: destroy follower
  [..] 000155: post-cleanup tick
  [..] 000155: finally end
  [SKIP] 000156: no valid lane at shift=+1 from follower lane
  [SKIP] 000156: no valid lane at shift=+1 from follower lane
  [SKIP] 000156: no valid lane at shift=+1 from follower lane
  [SKIP] 000156: no valid lane at shift=-1 from follower lane
  [SKIP] 000156: no valid lane at shift=+1 from follower lane
  [..] 000156: spawn follower
  [..] 000156: spawn leader
  [..] 000156: spawn NPCs (near=15, scattered=30)
  [..] 000156: spawn camera
  [..] 000156: settle (no listener)
  [..] 000156: tick 10/80
  [..] 000156: tick 20/80
  [..] 000156: tick 30/80
  [..] 000156: tick 40/80
  [..] 000156: tick 50/80
  [..] 000156: tick 60/80
  [..] 000156: tick 70/80
  [..] 000156: tick 80/80
  [..] 000156: cam.listen (skip 20 stale frames)
  [OK] 000156.png  (Town03, MidRainyNoon, sun=45°, dist=12m, lat=+0.0, hdg=+1°, npcs=45)
  [..] 000156: finally start
  [..] 000156: drain tick
  [..] 000156: destroy cam
  [..] 000156: destroy 45 npcs
  [..] 000156: destroy leader
  [..] 000156: destroy follower
  [..] 000156: post-cleanup tick
  [..] 000156: finally end
  [SKIP] 000157: no valid lane at shift=-1 from follower lane
  [SKIP] 000157: no valid lane at shift=-1 from follower lane
  [SKIP] 000157: no valid lane at shift=-1 from follower lane
  [SKIP] 000157: no valid lane at shift=-1 from follower lane
  [..] 000157: spawn follower
  [..] 000157: spawn leader
  [..] 000157: spawn NPCs (near=15, scattered=30)
  [..] 000157: spawn camera
  [..] 000157: settle (no listener)
  [..] 000157: tick 10/80
  [..] 000157: tick 20/80
  [..] 000157: tick 30/80
  [..] 000157: tick 40/80
  [..] 000157: tick 50/80
  [..] 000157: tick 60/80
  [..] 000157: tick 70/80
  [..] 000157: tick 80/80
  [..] 000157: cam.listen (skip 20 stale frames)
  [OK] 000157.png  (Town03, CloudyNoon, sun=46°, dist=15m, lat=+0.0, hdg=+3°, npcs=45)
  [..] 000157: finally start
  [..] 000157: drain tick
  [..] 000157: destroy cam
  [..] 000157: destroy 45 npcs
  [..] 000157: destroy leader
  [..] 000157: destroy follower
  [..] 000157: post-cleanup tick
  [..] 000157: finally end
  [..] 000158: spawn follower
  [..] 000158: spawn leader
  [..] 000158: spawn NPCs (near=15, scattered=30)
  [..] 000158: spawn camera
  [..] 000158: settle (no listener)
  [..] 000158: tick 10/80
  [..] 000158: tick 20/80
  [..] 000158: tick 30/80
  [..] 000158: tick 40/80
  [..] 000158: tick 50/80
  [..] 000158: tick 60/80
  [..] 000158: tick 70/80
  [..] 000158: tick 80/80
  [..] 000158: cam.listen (skip 20 stale frames)
  [OK] 000158.png  (Town03, ClearNoon, sun=37°, dist=8m, lat=+0.0, hdg=-1°, npcs=45)
  [..] 000158: finally start
  [..] 000158: drain tick
  [..] 000158: destroy cam
  [..] 000158: destroy 45 npcs
  [..] 000158: destroy leader
  [..] 000158: destroy follower
  [..] 000158: post-cleanup tick
  [..] 000158: finally end
  [SKIP] 000159: no valid lane at shift=-1 from follower lane
  [SKIP] 000159: no valid lane at shift=+1 from follower lane
  [..] 000159: spawn follower
  [..] 000159: spawn leader
  [..] 000159: spawn NPCs (near=15, scattered=30)
  [..] 000159: spawn camera
  [..] 000159: settle (no listener)
  [..] 000159: tick 10/80
  [..] 000159: tick 20/80
  [..] 000159: tick 30/80
  [..] 000159: tick 40/80
  [..] 000159: tick 50/80
  [..] 000159: tick 60/80
  [..] 000159: tick 70/80
  [..] 000159: tick 80/80
  [..] 000159: cam.listen (skip 20 stale frames)
  [OK] 000159.png  (Town03, CloudyNoon, sun=28°, dist=16m, lat=+1.0, hdg=+2°, npcs=45)
  [..] 000159: finally start
  [..] 000159: drain tick
  [..] 000159: destroy cam
  [..] 000159: destroy 45 npcs
  [..] 000159: destroy leader
  [..] 000159: destroy follower
  [..] 000159: post-cleanup tick
  [..] 000159: finally end
  [..] 000160: spawn follower
  [..] 000160: spawn leader
  [..] 000160: spawn NPCs (near=15, scattered=30)
  [..] 000160: spawn camera
  [..] 000160: settle (no listener)
  [..] 000160: tick 10/80
  [..] 000160: tick 20/80
  [..] 000160: tick 30/80
  [..] 000160: tick 40/80
  [..] 000160: tick 50/80
  [..] 000160: tick 60/80
  [..] 000160: tick 70/80
  [..] 000160: tick 80/80
  [..] 000160: cam.listen (skip 20 stale frames)
  [OK] 000160.png  (Town03, ClearNoon, sun=68°, dist=14m, lat=-1.0, hdg=-0°, npcs=45)
  [..] 000160: finally start
  [..] 000160: drain tick
  [..] 000160: destroy cam
  [..] 000160: destroy 45 npcs
  [..] 000160: destroy leader
  [..] 000160: destroy follower
  [..] 000160: post-cleanup tick
  [..] 000160: finally end
  [..] 000161: spawn follower
  [..] 000161: spawn leader
  [..] 000161: spawn NPCs (near=15, scattered=30)
  [..] 000161: spawn camera
  [..] 000161: settle (no listener)
  [..] 000161: tick 10/80
  [..] 000161: tick 20/80
  [..] 000161: tick 30/80
  [..] 000161: tick 40/80
  [..] 000161: tick 50/80
  [..] 000161: tick 60/80
  [..] 000161: tick 70/80
  [..] 000161: tick 80/80
  [..] 000161: cam.listen (skip 20 stale frames)
  [OK] 000161.png  (Town03, WetNoon, sun=69°, dist=10m, lat=+1.0, hdg=-1°, npcs=45)
  [..] 000161: finally start
  [..] 000161: drain tick
  [..] 000161: destroy cam
  [..] 000161: destroy 45 npcs
  [..] 000161: destroy leader
  [..] 000161: destroy follower
  [..] 000161: post-cleanup tick
  [..] 000161: finally end
  [SKIP] 000162: no valid lane at shift=-1 from follower lane
  [..] 000162: spawn follower
  [..] 000162: spawn leader
  [..] 000162: spawn NPCs (near=15, scattered=30)
  [..] 000162: spawn camera
  [..] 000162: settle (no listener)
  [..] 000162: tick 10/80
  [..] 000162: tick 20/80
  [..] 000162: tick 30/80
  [..] 000162: tick 40/80
  [..] 000162: tick 50/80
  [..] 000162: tick 60/80
  [..] 000162: tick 70/80
  [..] 000162: tick 80/80
  [..] 000162: cam.listen (skip 20 stale frames)
  [OK] 000162.png  (Town03, WetNoon, sun=40°, dist=13m, lat=+0.0, hdg=-2°, npcs=45)
  [..] 000162: finally start
  [..] 000162: drain tick
  [..] 000162: destroy cam
  [..] 000162: destroy 45 npcs
  [..] 000162: destroy leader
  [..] 000162: destroy follower
  [..] 000162: post-cleanup tick
  [..] 000162: finally end
  [SKIP] 000163: no valid lane at shift=-1 from follower lane
  [..] 000163: spawn follower
  [..] 000163: spawn leader
  [..] 000163: spawn NPCs (near=15, scattered=30)
  [..] 000163: spawn camera
  [..] 000163: settle (no listener)
  [..] 000163: tick 10/80
  [..] 000163: tick 20/80
  [..] 000163: tick 30/80
  [..] 000163: tick 40/80
  [..] 000163: tick 50/80
  [..] 000163: tick 60/80
  [..] 000163: tick 70/80
  [..] 000163: tick 80/80
  [..] 000163: cam.listen (skip 20 stale frames)
  [OK] 000163.png  (Town03, ClearNoon, sun=29°, dist=17m, lat=+1.0, hdg=-2°, npcs=45)
  [..] 000163: finally start
  [..] 000163: drain tick
  [..] 000163: destroy cam
  [..] 000163: destroy 45 npcs
  [..] 000163: destroy leader
  [..] 000163: destroy follower
  [..] 000163: post-cleanup tick
  [..] 000163: finally end
  [..] 000164: spawn follower
  [..] 000164: spawn leader
  [..] 000164: spawn NPCs (near=15, scattered=30)
  [..] 000164: spawn camera
  [..] 000164: settle (no listener)
  [..] 000164: tick 10/80
  [..] 000164: tick 20/80
  [..] 000164: tick 30/80
  [..] 000164: tick 40/80
  [..] 000164: tick 50/80
  [..] 000164: tick 60/80
  [..] 000164: tick 70/80
  [..] 000164: tick 80/80
  [..] 000164: cam.listen (skip 20 stale frames)
  [OK] 000164.png  (Town03, ClearNoon, sun=36°, dist=6m, lat=-1.0, hdg=+1°, npcs=45)
  [..] 000164: finally start
  [..] 000164: drain tick
  [..] 000164: destroy cam
  [..] 000164: destroy 45 npcs
  [..] 000164: destroy leader
  [..] 000164: destroy follower
  [..] 000164: post-cleanup tick
  [..] 000164: finally end
  [SKIP] 000165: no valid lane at shift=-1 from follower lane
  [SKIP] 000165: no valid lane at shift=-1 from follower lane
  [..] 000165: spawn follower
  [..] 000165: spawn leader
  [..] 000165: spawn NPCs (near=15, scattered=30)
  [..] 000165: spawn camera
  [..] 000165: settle (no listener)
  [..] 000165: tick 10/80
  [..] 000165: tick 20/80
  [..] 000165: tick 30/80
  [..] 000165: tick 40/80
  [..] 000165: tick 50/80
  [..] 000165: tick 60/80
  [..] 000165: tick 70/80
  [..] 000165: tick 80/80
  [..] 000165: cam.listen (skip 20 stale frames)
  [OK] 000165.png  (Town03, CloudyNoon, sun=26°, dist=15m, lat=+0.0, hdg=+3°, npcs=45)
  [..] 000165: finally start
  [..] 000165: drain tick
  [..] 000165: destroy cam
  [..] 000165: destroy 45 npcs
  [..] 000165: destroy leader
  [..] 000165: destroy follower
  [..] 000165: post-cleanup tick
  [..] 000165: finally end
  [SKIP] 000166: no valid lane at shift=+1 from follower lane
  [..] 000166: spawn follower
  [..] 000166: spawn leader
  [..] 000166: spawn NPCs (near=15, scattered=30)
  [..] 000166: spawn camera
  [..] 000166: settle (no listener)
  [..] 000166: tick 10/80
  [..] 000166: tick 20/80
  [..] 000166: tick 30/80
  [..] 000166: tick 40/80
  [..] 000166: tick 50/80
  [..] 000166: tick 60/80
  [..] 000166: tick 70/80
  [..] 000166: tick 80/80
  [..] 000166: cam.listen (skip 20 stale frames)
  [OK] 000166.png  (Town03, MidRainyNoon, sun=69°, dist=12m, lat=+0.0, hdg=-1°, npcs=45)
  [..] 000166: finally start
  [..] 000166: drain tick
  [..] 000166: destroy cam
  [..] 000166: destroy 45 npcs
  [..] 000166: destroy leader
  [..] 000166: destroy follower
  [..] 000166: post-cleanup tick
  [..] 000166: finally end
  [..] 000167: spawn follower
  [..] 000167: spawn leader
  [..] 000167: spawn NPCs (near=15, scattered=30)
  [..] 000167: spawn camera
  [..] 000167: settle (no listener)
  [..] 000167: tick 10/80
  [..] 000167: tick 20/80
  [..] 000167: tick 30/80
  [..] 000167: tick 40/80
  [..] 000167: tick 50/80
  [..] 000167: tick 60/80
  [..] 000167: tick 70/80
  [..] 000167: tick 80/80
  [..] 000167: cam.listen (skip 20 stale frames)
  [OK] 000167.png  (Town03, CloudyNoon, sun=37°, dist=15m, lat=+0.0, hdg=-2°, npcs=45)
  [..] 000167: finally start
  [..] 000167: drain tick
  [..] 000167: destroy cam
  [..] 000167: destroy 45 npcs
  [..] 000167: destroy leader
  [..] 000167: destroy follower
  [..] 000167: post-cleanup tick
  [..] 000167: finally end
  [SKIP] 000168: no valid lane at shift=-1 from follower lane
  [SKIP] 000168: no valid lane at shift=+1 from follower lane
  [..] 000168: spawn follower
  [..] 000168: spawn leader
  [..] 000168: spawn NPCs (near=15, scattered=30)
  [..] 000168: spawn camera
  [..] 000168: settle (no listener)
  [..] 000168: tick 10/80
  [..] 000168: tick 20/80
  [..] 000168: tick 30/80
  [..] 000168: tick 40/80
  [..] 000168: tick 50/80
  [..] 000168: tick 60/80
  [..] 000168: tick 70/80
  [..] 000168: tick 80/80
  [..] 000168: cam.listen (skip 20 stale frames)
  [OK] 000168.png  (Town03, WetNoon, sun=48°, dist=8m, lat=+0.0, hdg=+3°, npcs=45)
  [..] 000168: finally start
  [..] 000168: drain tick
  [..] 000168: destroy cam
  [..] 000168: destroy 45 npcs
  [..] 000168: destroy leader
  [..] 000168: destroy follower
  [..] 000168: post-cleanup tick
  [..] 000168: finally end
  [SKIP] 000169: no valid lane at shift=-1 from follower lane
  [..] 000169: spawn follower
  [..] 000169: spawn leader
  [..] 000169: spawn NPCs (near=15, scattered=30)
  [..] 000169: spawn camera
  [..] 000169: settle (no listener)
  [..] 000169: tick 10/80
  [..] 000169: tick 20/80
  [..] 000169: tick 30/80
  [..] 000169: tick 40/80
  [..] 000169: tick 50/80
  [..] 000169: tick 60/80
  [..] 000169: tick 70/80
  [..] 000169: tick 80/80
  [..] 000169: cam.listen (skip 20 stale frames)
  [OK] 000169.png  (Town03, CloudyNoon, sun=55°, dist=9m, lat=-1.0, hdg=+2°, npcs=45)
  [..] 000169: finally start
  [..] 000169: drain tick
  [..] 000169: destroy cam
  [..] 000169: destroy 45 npcs
  [..] 000169: destroy leader
  [..] 000169: destroy follower
  [..] 000169: post-cleanup tick
  [..] 000169: finally end
  [..] 000170: spawn follower
  [..] 000170: spawn leader
  [..] 000170: spawn NPCs (near=15, scattered=30)
  [..] 000170: spawn camera
  [..] 000170: settle (no listener)
  [..] 000170: tick 10/80
  [..] 000170: tick 20/80
  [..] 000170: tick 30/80
  [..] 000170: tick 40/80
  [..] 000170: tick 50/80
  [..] 000170: tick 60/80
  [..] 000170: tick 70/80
  [..] 000170: tick 80/80
  [..] 000170: cam.listen (skip 20 stale frames)
  [OK] 000170.png  (Town03, CloudyNoon, sun=66°, dist=8m, lat=+0.0, hdg=+1°, npcs=45)
  [..] 000170: finally start
  [..] 000170: drain tick
  [..] 000170: destroy cam
  [..] 000170: destroy 45 npcs
  [..] 000170: destroy leader
  [..] 000170: destroy follower
  [..] 000170: post-cleanup tick
  [..] 000170: finally end
  [..] 000171: spawn follower
  [..] 000171: spawn leader
  [..] 000171: spawn NPCs (near=15, scattered=30)
  [..] 000171: spawn camera
  [..] 000171: settle (no listener)
  [..] 000171: tick 10/80
  [..] 000171: tick 20/80
  [..] 000171: tick 30/80
  [..] 000171: tick 40/80
  [..] 000171: tick 50/80
  [..] 000171: tick 60/80
  [..] 000171: tick 70/80
  [..] 000171: tick 80/80
  [..] 000171: cam.listen (skip 20 stale frames)
  [OK] 000171.png  (Town03, MidRainyNoon, sun=55°, dist=7m, lat=+0.0, hdg=-4°, npcs=45)
  [..] 000171: finally start
  [..] 000171: drain tick
  [..] 000171: destroy cam
  [..] 000171: destroy 45 npcs
  [..] 000171: destroy leader
  [..] 000171: destroy follower
  [..] 000171: post-cleanup tick
  [..] 000171: finally end
  [SKIP] 000172: no valid lane at shift=+1 from follower lane
  [..] 000172: spawn follower
  [..] 000172: spawn leader
  [..] 000172: spawn NPCs (near=15, scattered=30)
  [..] 000172: spawn camera
  [..] 000172: settle (no listener)
  [..] 000172: tick 10/80
  [..] 000172: tick 20/80
  [..] 000172: tick 30/80
  [..] 000172: tick 40/80
  [..] 000172: tick 50/80
  [..] 000172: tick 60/80
  [..] 000172: tick 70/80
  [..] 000172: tick 80/80
  [..] 000172: cam.listen (skip 20 stale frames)
  [OK] 000172.png  (Town03, MidRainyNoon, sun=44°, dist=13m, lat=+0.0, hdg=-2°, npcs=45)
  [..] 000172: finally start
  [..] 000172: drain tick
  [..] 000172: destroy cam
  [..] 000172: destroy 45 npcs
  [..] 000172: destroy leader
  [..] 000172: destroy follower
  [..] 000172: post-cleanup tick
  [..] 000172: finally end
  [SKIP] 000173: no valid lane at shift=-1 from follower lane
  [SKIP] 000173: no valid lane at shift=-1 from follower lane
  [..] 000173: spawn follower
  [..] 000173: spawn leader
  [..] 000173: spawn NPCs (near=15, scattered=30)
  [..] 000173: spawn camera
  [..] 000173: settle (no listener)
  [..] 000173: tick 10/80
  [..] 000173: tick 20/80
  [..] 000173: tick 30/80
  [..] 000173: tick 40/80
  [..] 000173: tick 50/80
  [..] 000173: tick 60/80
  [..] 000173: tick 70/80
  [..] 000173: tick 80/80
  [..] 000173: cam.listen (skip 20 stale frames)
  [OK] 000173.png  (Town03, MidRainyNoon, sun=45°, dist=8m, lat=-1.0, hdg=-2°, npcs=45)
  [..] 000173: finally start
  [..] 000173: drain tick
  [..] 000173: destroy cam
  [..] 000173: destroy 45 npcs
  [..] 000173: destroy leader
  [..] 000173: destroy follower
  [..] 000173: post-cleanup tick
  [..] 000173: finally end
  [SKIP] 000174: no valid lane at shift=+1 from follower lane
  [..] 000174: spawn follower
  [..] 000174: spawn leader
  [..] 000174: spawn NPCs (near=15, scattered=30)
  [..] 000174: spawn camera
  [..] 000174: settle (no listener)
  [..] 000174: tick 10/80
  [..] 000174: tick 20/80
  [..] 000174: tick 30/80
  [..] 000174: tick 40/80
  [..] 000174: tick 50/80
  [..] 000174: tick 60/80
  [..] 000174: tick 70/80
  [..] 000174: tick 80/80
  [..] 000174: cam.listen (skip 20 stale frames)
  [OK] 000174.png  (Town03, MidRainyNoon, sun=41°, dist=10m, lat=+0.0, hdg=+3°, npcs=45)
  [..] 000174: finally start
  [..] 000174: drain tick
  [..] 000174: destroy cam
  [..] 000174: destroy 45 npcs
  [..] 000174: destroy leader
  [..] 000174: destroy follower
  [..] 000174: post-cleanup tick
  [..] 000174: finally end
  [..] 000175: spawn follower
  [..] 000175: spawn leader
  [..] 000175: spawn NPCs (near=15, scattered=30)
  [..] 000175: spawn camera
  [..] 000175: settle (no listener)
  [..] 000175: tick 10/80
  [..] 000175: tick 20/80
  [..] 000175: tick 30/80
  [..] 000175: tick 40/80
  [..] 000175: tick 50/80
  [..] 000175: tick 60/80
  [..] 000175: tick 70/80
  [..] 000175: tick 80/80
  [..] 000175: cam.listen (skip 20 stale frames)
  [OK] 000175.png  (Town03, ClearNoon, sun=28°, dist=14m, lat=+0.0, hdg=+5°, npcs=45)
  [..] 000175: finally start
  [..] 000175: drain tick
  [..] 000175: destroy cam
  [..] 000175: destroy 45 npcs
  [..] 000175: destroy leader
  [..] 000175: destroy follower
  [..] 000175: post-cleanup tick
  [..] 000175: finally end
  [SKIP] 000176: no valid lane at shift=+1 from follower lane
  [SKIP] 000176: no valid lane at shift=-1 from follower lane
  [..] 000176: spawn follower
  [..] 000176: spawn leader
  [..] 000176: spawn NPCs (near=15, scattered=30)
  [..] 000176: spawn camera
  [..] 000176: settle (no listener)
  [..] 000176: tick 10/80
  [..] 000176: tick 20/80
  [..] 000176: tick 30/80
  [..] 000176: tick 40/80
  [..] 000176: tick 50/80
  [..] 000176: tick 60/80
  [..] 000176: tick 70/80
  [..] 000176: tick 80/80
  [..] 000176: cam.listen (skip 20 stale frames)
  [OK] 000176.png  (Town03, ClearNoon, sun=34°, dist=9m, lat=-1.0, hdg=-1°, npcs=45)
  [..] 000176: finally start
  [..] 000176: drain tick
  [..] 000176: destroy cam
  [..] 000176: destroy 45 npcs
  [..] 000176: destroy leader
  [..] 000176: destroy follower
  [..] 000176: post-cleanup tick
  [..] 000176: finally end
  [..] 000177: spawn follower
  [..] 000177: spawn leader
  [..] 000177: spawn NPCs (near=15, scattered=30)
  [..] 000177: spawn camera
  [..] 000177: settle (no listener)
  [..] 000177: tick 10/80
  [..] 000177: tick 20/80
  [..] 000177: tick 30/80
  [..] 000177: tick 40/80
  [..] 000177: tick 50/80
  [..] 000177: tick 60/80
  [..] 000177: tick 70/80
  [..] 000177: tick 80/80
  [..] 000177: cam.listen (skip 20 stale frames)
  [OK] 000177.png  (Town03, ClearNoon, sun=38°, dist=11m, lat=+0.0, hdg=+0°, npcs=45)
  [..] 000177: finally start
  [..] 000177: drain tick
  [..] 000177: destroy cam
  [..] 000177: destroy 45 npcs
  [..] 000177: destroy leader
  [..] 000177: destroy follower
  [..] 000177: post-cleanup tick
  [..] 000177: finally end
  [..] 000178: spawn follower
  [..] 000178: spawn leader
  [..] 000178: spawn NPCs (near=15, scattered=30)
  [..] 000178: spawn camera
  [..] 000178: settle (no listener)
  [..] 000178: tick 10/80
  [..] 000178: tick 20/80
  [..] 000178: tick 30/80
  [..] 000178: tick 40/80
  [..] 000178: tick 50/80
  [..] 000178: tick 60/80
  [..] 000178: tick 70/80
  [..] 000178: tick 80/80
  [..] 000178: cam.listen (skip 20 stale frames)
  [OK] 000178.png  (Town03, MidRainyNoon, sun=49°, dist=11m, lat=+1.0, hdg=-4°, npcs=45)
  [..] 000178: finally start
  [..] 000178: drain tick
  [..] 000178: destroy cam
  [..] 000178: destroy 45 npcs
  [..] 000178: destroy leader
  [..] 000178: destroy follower
  [..] 000178: post-cleanup tick
  [..] 000178: finally end
  [SKIP] 000179: no valid lane at shift=-1 from follower lane
  [..] 000179: spawn follower
  [..] 000179: spawn leader
  [..] 000179: spawn NPCs (near=15, scattered=30)
  [..] 000179: spawn camera
  [..] 000179: settle (no listener)
  [..] 000179: tick 10/80
  [..] 000179: tick 20/80
  [..] 000179: tick 30/80
  [..] 000179: tick 40/80
  [..] 000179: tick 50/80
  [..] 000179: tick 60/80
  [..] 000179: tick 70/80
  [..] 000179: tick 80/80
  [..] 000179: cam.listen (skip 20 stale frames)
  [OK] 000179.png  (Town03, WetNoon, sun=35°, dist=6m, lat=+0.0, hdg=-1°, npcs=45)
  [..] 000179: finally start
  [..] 000179: drain tick
  [..] 000179: destroy cam
  [..] 000179: destroy 45 npcs
  [..] 000179: destroy leader
  [..] 000179: destroy follower
  [..] 000179: post-cleanup tick
  [..] 000179: finally end
  [..] 000180: spawn follower
  [..] 000180: spawn leader
  [..] 000180: spawn NPCs (near=15, scattered=30)
  [..] 000180: spawn camera
  [..] 000180: settle (no listener)
  [..] 000180: tick 10/80
  [..] 000180: tick 20/80
  [..] 000180: tick 30/80
  [..] 000180: tick 40/80
  [..] 000180: tick 50/80
  [..] 000180: tick 60/80
  [..] 000180: tick 70/80
  [..] 000180: tick 80/80
  [..] 000180: cam.listen (skip 20 stale frames)
  [OK] 000180.png  (Town03, MidRainyNoon, sun=64°, dist=16m, lat=+0.0, hdg=-3°, npcs=45)
  [..] 000180: finally start
  [..] 000180: drain tick
  [..] 000180: destroy cam
  [..] 000180: destroy 45 npcs
  [..] 000180: destroy leader
  [..] 000180: destroy follower
  [..] 000180: post-cleanup tick
  [..] 000180: finally end
  [SKIP] 000181: no valid lane at shift=+1 from follower lane
  [..] 000181: spawn follower
  [..] 000181: spawn leader
  [..] 000181: spawn NPCs (near=15, scattered=30)
  [..] 000181: spawn camera
  [..] 000181: settle (no listener)
  [..] 000181: tick 10/80
  [..] 000181: tick 20/80
  [..] 000181: tick 30/80
  [..] 000181: tick 40/80
  [..] 000181: tick 50/80
  [..] 000181: tick 60/80
  [..] 000181: tick 70/80
  [..] 000181: tick 80/80
  [..] 000181: cam.listen (skip 20 stale frames)
  [OK] 000181.png  (Town03, ClearNoon, sun=26°, dist=11m, lat=-1.0, hdg=+3°, npcs=45)
  [..] 000181: finally start
  [..] 000181: drain tick
  [..] 000181: destroy cam
  [..] 000181: destroy 45 npcs
  [..] 000181: destroy leader
  [..] 000181: destroy follower
  [..] 000181: post-cleanup tick
  [..] 000181: finally end
  [SKIP] 000182: no valid lane at shift=-1 from follower lane
  [SKIP] 000182: no valid lane at shift=+1 from follower lane
  [SKIP] 000182: no valid lane at shift=-1 from follower lane
  [SKIP] 000182: no valid lane at shift=-1 from follower lane
  [SKIP] 000182: no valid lane at shift=-1 from follower lane
  [SKIP] 000182: no valid lane at shift=-1 from follower lane
  [..] 000182: spawn follower
  [..] 000182: spawn leader
  [..] 000182: spawn NPCs (near=15, scattered=30)
  [..] 000182: spawn camera
  [..] 000182: settle (no listener)
  [..] 000182: tick 10/80
  [..] 000182: tick 20/80
  [..] 000182: tick 30/80
  [..] 000182: tick 40/80
  [..] 000182: tick 50/80
  [..] 000182: tick 60/80
  [..] 000182: tick 70/80
  [..] 000182: tick 80/80
  [..] 000182: cam.listen (skip 20 stale frames)
  [OK] 000182.png  (Town03, MidRainyNoon, sun=33°, dist=15m, lat=+0.0, hdg=+4°, npcs=45)
  [..] 000182: finally start
  [..] 000182: drain tick
  [..] 000182: destroy cam
  [..] 000182: destroy 45 npcs
  [..] 000182: destroy leader
  [..] 000182: destroy follower
  [..] 000182: post-cleanup tick
  [..] 000182: finally end
  [SKIP] 000183: no valid lane at shift=-1 from follower lane
  [SKIP] 000183: no valid lane at shift=+1 from follower lane
  [..] 000183: spawn follower
  [..] 000183: spawn leader
  [..] 000183: spawn NPCs (near=15, scattered=30)
  [..] 000183: spawn camera
  [..] 000183: settle (no listener)
  [..] 000183: tick 10/80
  [..] 000183: tick 20/80
  [..] 000183: tick 30/80
  [..] 000183: tick 40/80
  [..] 000183: tick 50/80
  [..] 000183: tick 60/80
  [..] 000183: tick 70/80
  [..] 000183: tick 80/80
  [..] 000183: cam.listen (skip 20 stale frames)
  [OK] 000183.png  (Town03, CloudyNoon, sun=66°, dist=13m, lat=+0.0, hdg=+1°, npcs=45)
  [..] 000183: finally start
  [..] 000183: drain tick
  [..] 000183: destroy cam
  [..] 000183: destroy 45 npcs
  [..] 000183: destroy leader
  [..] 000183: destroy follower
  [..] 000183: post-cleanup tick
  [..] 000183: finally end
  [..] 000184: spawn follower
  [..] 000184: spawn leader
  [..] 000184: spawn NPCs (near=15, scattered=30)
  [..] 000184: spawn camera
  [..] 000184: settle (no listener)
  [..] 000184: tick 10/80
  [..] 000184: tick 20/80
  [..] 000184: tick 30/80
  [..] 000184: tick 40/80
  [..] 000184: tick 50/80
  [..] 000184: tick 60/80
  [..] 000184: tick 70/80
  [..] 000184: tick 80/80
  [..] 000184: cam.listen (skip 20 stale frames)
  [OK] 000184.png  (Town03, MidRainyNoon, sun=65°, dist=14m, lat=-1.0, hdg=-2°, npcs=45)
  [..] 000184: finally start
  [..] 000184: drain tick
  [..] 000184: destroy cam
  [..] 000184: destroy 45 npcs
  [..] 000184: destroy leader
  [..] 000184: destroy follower
  [..] 000184: post-cleanup tick
  [..] 000184: finally end
  [SKIP] 000185: no valid lane at shift=-1 from follower lane
  [SKIP] 000185: no valid lane at shift=+1 from follower lane
  [SKIP] 000185: no valid lane at shift=-1 from follower lane
  [SKIP] 000185: no valid lane at shift=+1 from follower lane
  [SKIP] 000185: no valid lane at shift=-1 from follower lane
  [..] 000185: spawn follower
  [..] 000185: spawn leader
  [..] 000185: spawn NPCs (near=15, scattered=30)
  [..] 000185: spawn camera
  [..] 000185: settle (no listener)
  [..] 000185: tick 10/80
  [..] 000185: tick 20/80
  [..] 000185: tick 30/80
  [..] 000185: tick 40/80
  [..] 000185: tick 50/80
  [..] 000185: tick 60/80
  [..] 000185: tick 70/80
  [..] 000185: tick 80/80
  [..] 000185: cam.listen (skip 20 stale frames)
  [OK] 000185.png  (Town03, WetNoon, sun=55°, dist=12m, lat=+1.0, hdg=+4°, npcs=45)
  [..] 000185: finally start
  [..] 000185: drain tick
  [..] 000185: destroy cam
  [..] 000185: destroy 45 npcs
  [..] 000185: destroy leader
  [..] 000185: destroy follower
  [..] 000185: post-cleanup tick
  [..] 000185: finally end
  [..] 000186: spawn follower
  [..] 000186: spawn leader
  [..] 000186: spawn NPCs (near=15, scattered=30)
  [..] 000186: spawn camera
  [..] 000186: settle (no listener)
  [..] 000186: tick 10/80
  [..] 000186: tick 20/80
  [..] 000186: tick 30/80
  [..] 000186: tick 40/80
  [..] 000186: tick 50/80
  [..] 000186: tick 60/80
  [..] 000186: tick 70/80
  [..] 000186: tick 80/80
  [..] 000186: cam.listen (skip 20 stale frames)
  [OK] 000186.png  (Town03, WetNoon, sun=56°, dist=9m, lat=+0.0, hdg=+5°, npcs=45)
  [..] 000186: finally start
  [..] 000186: drain tick
  [..] 000186: destroy cam
  [..] 000186: destroy 45 npcs
  [..] 000186: destroy leader
  [..] 000186: destroy follower
  [..] 000186: post-cleanup tick
  [..] 000186: finally end
  [SKIP] 000187: no valid lane at shift=+1 from follower lane
  [..] 000187: spawn follower
  [..] 000187: spawn leader
  [..] 000187: spawn NPCs (near=15, scattered=30)
  [..] 000187: spawn camera
  [..] 000187: settle (no listener)
  [..] 000187: tick 10/80
  [..] 000187: tick 20/80
  [..] 000187: tick 30/80
  [..] 000187: tick 40/80
  [..] 000187: tick 50/80
  [..] 000187: tick 60/80
  [..] 000187: tick 70/80
  [..] 000187: tick 80/80
  [..] 000187: cam.listen (skip 20 stale frames)
  [OK] 000187.png  (Town03, MidRainyNoon, sun=42°, dist=17m, lat=+0.0, hdg=+4°, npcs=45)
  [..] 000187: finally start
  [..] 000187: drain tick
  [..] 000187: destroy cam
  [..] 000187: destroy 45 npcs
  [..] 000187: destroy leader
  [..] 000187: destroy follower
  [..] 000187: post-cleanup tick
  [..] 000187: finally end
  [..] 000188: spawn follower
  [..] 000188: spawn leader
  [..] 000188: spawn NPCs (near=15, scattered=30)
  [..] 000188: spawn camera
  [..] 000188: settle (no listener)
  [..] 000188: tick 10/80
  [..] 000188: tick 20/80
  [..] 000188: tick 30/80
  [..] 000188: tick 40/80
  [..] 000188: tick 50/80
  [..] 000188: tick 60/80
  [..] 000188: tick 70/80
  [..] 000188: tick 80/80
  [..] 000188: cam.listen (skip 20 stale frames)
  [OK] 000188.png  (Town03, ClearNoon, sun=38°, dist=9m, lat=+0.0, hdg=-4°, npcs=45)
  [..] 000188: finally start
  [..] 000188: drain tick
  [..] 000188: destroy cam
  [..] 000188: destroy 45 npcs
  [..] 000188: destroy leader
  [..] 000188: destroy follower
  [..] 000188: post-cleanup tick
  [..] 000188: finally end
  [SKIP] 000189: no valid lane at shift=+1 from follower lane
  [SKIP] 000189: no valid lane at shift=-1 from follower lane
  [..] 000189: spawn follower
  [..] 000189: spawn leader
  [..] 000189: spawn NPCs (near=15, scattered=30)
  [..] 000189: spawn camera
  [..] 000189: settle (no listener)
  [..] 000189: tick 10/80
  [..] 000189: tick 20/80
  [..] 000189: tick 30/80
  [..] 000189: tick 40/80
  [..] 000189: tick 50/80
  [..] 000189: tick 60/80
  [..] 000189: tick 70/80
  [..] 000189: tick 80/80
  [..] 000189: cam.listen (skip 20 stale frames)
  [OK] 000189.png  (Town03, WetNoon, sun=45°, dist=18m, lat=+0.0, hdg=+2°, npcs=45)
  [..] 000189: finally start
  [..] 000189: drain tick
  [..] 000189: destroy cam
  [..] 000189: destroy 45 npcs
  [..] 000189: destroy leader
  [..] 000189: destroy follower
  [..] 000189: post-cleanup tick
  [..] 000189: finally end
  [..] 000190: spawn follower
  [..] 000190: spawn leader
  [..] 000190: spawn NPCs (near=15, scattered=30)
  [..] 000190: spawn camera
  [..] 000190: settle (no listener)
  [..] 000190: tick 10/80
  [..] 000190: tick 20/80
  [..] 000190: tick 30/80
  [..] 000190: tick 40/80
  [..] 000190: tick 50/80
  [..] 000190: tick 60/80
  [..] 000190: tick 70/80
  [..] 000190: tick 80/80
  [..] 000190: cam.listen (skip 20 stale frames)
  [OK] 000190.png  (Town03, MidRainyNoon, sun=55°, dist=17m, lat=+0.0, hdg=+4°, npcs=45)
  [..] 000190: finally start
  [..] 000190: drain tick
  [..] 000190: destroy cam
  [..] 000190: destroy 45 npcs
  [..] 000190: destroy leader
  [..] 000190: destroy follower
  [..] 000190: post-cleanup tick
  [..] 000190: finally end
  [..] 000191: spawn follower
  [..] 000191: spawn leader
  [..] 000191: spawn NPCs (near=15, scattered=30)
  [..] 000191: spawn camera
  [..] 000191: settle (no listener)
  [..] 000191: tick 10/80
  [..] 000191: tick 20/80
  [..] 000191: tick 30/80
  [..] 000191: tick 40/80
  [..] 000191: tick 50/80
  [..] 000191: tick 60/80
  [..] 000191: tick 70/80
  [..] 000191: tick 80/80
  [..] 000191: cam.listen (skip 20 stale frames)
  [OK] 000191.png  (Town03, CloudyNoon, sun=48°, dist=7m, lat=-1.0, hdg=+3°, npcs=45)
  [..] 000191: finally start
  [..] 000191: drain tick
  [..] 000191: destroy cam
  [..] 000191: destroy 45 npcs
  [..] 000191: destroy leader
  [..] 000191: destroy follower
  [..] 000191: post-cleanup tick
  [..] 000191: finally end
  [SKIP] 000192: no valid lane at shift=+1 from follower lane
  [..] 000192: spawn follower
  [..] 000192: spawn leader
  [..] 000192: spawn NPCs (near=15, scattered=30)
  [..] 000192: spawn camera
  [..] 000192: settle (no listener)
  [..] 000192: tick 10/80
  [..] 000192: tick 20/80
  [..] 000192: tick 30/80
  [..] 000192: tick 40/80
  [..] 000192: tick 50/80
  [..] 000192: tick 60/80
  [..] 000192: tick 70/80
  [..] 000192: tick 80/80
  [..] 000192: cam.listen (skip 20 stale frames)
  [OK] 000192.png  (Town03, CloudyNoon, sun=30°, dist=9m, lat=-1.0, hdg=+4°, npcs=45)
  [..] 000192: finally start
  [..] 000192: drain tick
  [..] 000192: destroy cam
  [..] 000192: destroy 45 npcs
  [..] 000192: destroy leader
  [..] 000192: destroy follower
  [..] 000192: post-cleanup tick
  [..] 000192: finally end
  [SKIP] 000193: no valid lane at shift=-1 from follower lane
  [SKIP] 000193: no valid lane at shift=+1 from follower lane
  [SKIP] 000193: no valid lane at shift=-1 from follower lane
  [SKIP] 000193: no valid lane at shift=+1 from follower lane
  [..] 000193: spawn follower
  [..] 000193: spawn leader
  [..] 000193: spawn NPCs (near=15, scattered=30)
  [..] 000193: spawn camera
  [..] 000193: settle (no listener)
  [..] 000193: tick 10/80
  [..] 000193: tick 20/80
  [..] 000193: tick 30/80
  [..] 000193: tick 40/80
  [..] 000193: tick 50/80
  [..] 000193: tick 60/80
  [..] 000193: tick 70/80
  [..] 000193: tick 80/80
  [..] 000193: cam.listen (skip 20 stale frames)
  [OK] 000193.png  (Town03, CloudyNoon, sun=40°, dist=8m, lat=+1.0, hdg=-5°, npcs=45)
  [..] 000193: finally start
  [..] 000193: drain tick
  [..] 000193: destroy cam
  [..] 000193: destroy 45 npcs
  [..] 000193: destroy leader
  [..] 000193: destroy follower
  [..] 000193: post-cleanup tick
  [..] 000193: finally end
  [..] 000194: spawn follower
  [..] 000194: spawn leader
  [..] 000194: spawn NPCs (near=15, scattered=30)
  [..] 000194: spawn camera
  [..] 000194: settle (no listener)
  [..] 000194: tick 10/80
  [..] 000194: tick 20/80
  [..] 000194: tick 30/80
  [..] 000194: tick 40/80
  [..] 000194: tick 50/80
  [..] 000194: tick 60/80
  [..] 000194: tick 70/80
  [..] 000194: tick 80/80
  [..] 000194: cam.listen (skip 20 stale frames)
  [OK] 000194.png  (Town03, WetNoon, sun=61°, dist=13m, lat=+1.0, hdg=+4°, npcs=45)
  [..] 000194: finally start
  [..] 000194: drain tick
  [..] 000194: destroy cam
  [..] 000194: destroy 45 npcs
  [..] 000194: destroy leader
  [..] 000194: destroy follower
  [..] 000194: post-cleanup tick
  [..] 000194: finally end
  [..] 000195: spawn follower
  [..] 000195: spawn leader
  [..] 000195: spawn NPCs (near=15, scattered=30)
  [..] 000195: spawn camera
  [..] 000195: settle (no listener)
  [..] 000195: tick 10/80
  [..] 000195: tick 20/80
  [..] 000195: tick 30/80
  [..] 000195: tick 40/80
  [..] 000195: tick 50/80
  [..] 000195: tick 60/80
  [..] 000195: tick 70/80
  [..] 000195: tick 80/80
  [..] 000195: cam.listen (skip 20 stale frames)
  [OK] 000195.png  (Town03, CloudyNoon, sun=65°, dist=7m, lat=+0.0, hdg=+5°, npcs=45)
  [..] 000195: finally start
  [..] 000195: drain tick
  [..] 000195: destroy cam
  [..] 000195: destroy 45 npcs
  [..] 000195: destroy leader
  [..] 000195: destroy follower
  [..] 000195: post-cleanup tick
  [..] 000195: finally end
  [..] 000196: spawn follower
  [..] 000196: spawn leader
  [..] 000196: spawn NPCs (near=15, scattered=30)
  [..] 000196: spawn camera
  [..] 000196: settle (no listener)
  [..] 000196: tick 10/80
  [..] 000196: tick 20/80
  [..] 000196: tick 30/80
  [..] 000196: tick 40/80
  [..] 000196: tick 50/80
  [..] 000196: tick 60/80
  [..] 000196: tick 70/80
  [..] 000196: tick 80/80
  [..] 000196: cam.listen (skip 20 stale frames)
  [OK] 000196.png  (Town03, WetNoon, sun=43°, dist=12m, lat=+1.0, hdg=+3°, npcs=45)
  [..] 000196: finally start
  [..] 000196: drain tick
  [..] 000196: destroy cam
  [..] 000196: destroy 45 npcs
  [..] 000196: destroy leader
  [..] 000196: destroy follower
  [..] 000196: post-cleanup tick
  [..] 000196: finally end
  [..] 000197: spawn follower
  [..] 000197: spawn leader
  [..] 000197: spawn NPCs (near=15, scattered=30)
  [..] 000197: spawn camera
  [..] 000197: settle (no listener)
  [..] 000197: tick 10/80
  [..] 000197: tick 20/80
  [..] 000197: tick 30/80
  [..] 000197: tick 40/80
  [..] 000197: tick 50/80
  [..] 000197: tick 60/80
  [..] 000197: tick 70/80
  [..] 000197: tick 80/80
  [..] 000197: cam.listen (skip 20 stale frames)
  [OK] 000197.png  (Town03, MidRainyNoon, sun=56°, dist=14m, lat=+0.0, hdg=+4°, npcs=45)
  [..] 000197: finally start
  [..] 000197: drain tick
  [..] 000197: destroy cam
  [..] 000197: destroy 45 npcs
  [..] 000197: destroy leader
  [..] 000197: destroy follower
  [..] 000197: post-cleanup tick
  [..] 000197: finally end
  [SKIP] 000198: no valid lane at shift=+1 from follower lane
  [SKIP] 000198: no valid lane at shift=+1 from follower lane
  [..] 000198: spawn follower
  [..] 000198: spawn leader
  [..] 000198: spawn NPCs (near=15, scattered=30)
  [..] 000198: spawn camera
  [..] 000198: settle (no listener)
  [..] 000198: tick 10/80
  [..] 000198: tick 20/80
  [..] 000198: tick 30/80
  [..] 000198: tick 40/80
  [..] 000198: tick 50/80
  [..] 000198: tick 60/80
  [..] 000198: tick 70/80
  [..] 000198: tick 80/80
  [..] 000198: cam.listen (skip 20 stale frames)
  [OK] 000198.png  (Town03, CloudyNoon, sun=35°, dist=11m, lat=-1.0, hdg=-1°, npcs=45)
  [..] 000198: finally start
  [..] 000198: drain tick
  [..] 000198: destroy cam
  [..] 000198: destroy 45 npcs
  [..] 000198: destroy leader
  [..] 000198: destroy follower
  [..] 000198: post-cleanup tick
  [..] 000198: finally end
  [SKIP] 000199: no valid lane at shift=-1 from follower lane
  [..] 000199: spawn follower
  [..] 000199: spawn leader
  [..] 000199: spawn NPCs (near=15, scattered=30)
  [..] 000199: spawn camera
  [..] 000199: settle (no listener)
  [..] 000199: tick 10/80
  [..] 000199: tick 20/80
  [..] 000199: tick 30/80
  [..] 000199: tick 40/80
  [..] 000199: tick 50/80
  [..] 000199: tick 60/80
  [..] 000199: tick 70/80
  [..] 000199: tick 80/80
  [..] 000199: cam.listen (skip 20 stale frames)
  [OK] 000199.png  (Town03, MidRainyNoon, sun=49°, dist=13m, lat=+0.0, hdg=-1°, npcs=45)
  [..] 000199: finally start
  [..] 000199: drain tick
  [..] 000199: destroy cam
  [..] 000199: destroy 45 npcs
  [..] 000199: destroy leader
  [..] 000199: destroy follower
  [..] 000199: post-cleanup tick
  [..] 000199: finally end
  [SKIP] 000200: no valid lane at shift=+1 from follower lane
  [..] 000200: spawn follower
  [..] 000200: spawn leader
  [..] 000200: spawn NPCs (near=15, scattered=30)
  [..] 000200: spawn camera
  [..] 000200: settle (no listener)
  [..] 000200: tick 10/80
  [..] 000200: tick 20/80
  [..] 000200: tick 30/80
  [..] 000200: tick 40/80
  [..] 000200: tick 50/80
  [..] 000200: tick 60/80
  [..] 000200: tick 70/80
  [..] 000200: tick 80/80
  [..] 000200: cam.listen (skip 20 stale frames)
  [OK] 000200.png  (Town03, WetNoon, sun=60°, dist=15m, lat=+0.0, hdg=-2°, npcs=45)
  [..] 000200: finally start
  [..] 000200: drain tick
  [..] 000200: destroy cam
  [..] 000200: destroy 45 npcs
  [..] 000200: destroy leader
  [..] 000200: destroy follower
  [..] 000200: post-cleanup tick
  [..] 000200: finally end
  [..] 000201: spawn follower
  [..] 000201: spawn leader
  [..] 000201: spawn NPCs (near=15, scattered=30)
  [..] 000201: spawn camera
  [..] 000201: settle (no listener)
  [..] 000201: tick 10/80
  [..] 000201: tick 20/80
  [..] 000201: tick 30/80
  [..] 000201: tick 40/80
  [..] 000201: tick 50/80
  [..] 000201: tick 60/80
  [..] 000201: tick 70/80
  [..] 000201: tick 80/80
  [..] 000201: cam.listen (skip 20 stale frames)
  [OK] 000201.png  (Town03, CloudyNoon, sun=50°, dist=15m, lat=+1.0, hdg=-1°, npcs=45)
  [..] 000201: finally start
  [..] 000201: drain tick
  [..] 000201: destroy cam
  [..] 000201: destroy 45 npcs
  [..] 000201: destroy leader
  [..] 000201: destroy follower
  [..] 000201: post-cleanup tick
  [..] 000201: finally end
  [SKIP] 000202: no valid lane at shift=+1 from follower lane
  [..] 000202: spawn follower
  [..] 000202: spawn leader
  [..] 000202: spawn NPCs (near=15, scattered=30)
  [..] 000202: spawn camera
  [..] 000202: settle (no listener)
  [..] 000202: tick 10/80
  [..] 000202: tick 20/80
  [..] 000202: tick 30/80
  [..] 000202: tick 40/80
  [..] 000202: tick 50/80
  [..] 000202: tick 60/80
  [..] 000202: tick 70/80
  [..] 000202: tick 80/80
  [..] 000202: cam.listen (skip 20 stale frames)
  [OK] 000202.png  (Town03, WetNoon, sun=42°, dist=9m, lat=+0.0, hdg=+2°, npcs=45)
  [..] 000202: finally start
  [..] 000202: drain tick
  [..] 000202: destroy cam
  [..] 000202: destroy 45 npcs
  [..] 000202: destroy leader
  [..] 000202: destroy follower
  [..] 000202: post-cleanup tick
  [..] 000202: finally end
  [..] 000203: spawn follower
  [..] 000203: spawn leader
  [..] 000203: spawn NPCs (near=15, scattered=30)
  [..] 000203: spawn camera
  [..] 000203: settle (no listener)
  [..] 000203: tick 10/80
  [..] 000203: tick 20/80
  [..] 000203: tick 30/80
  [..] 000203: tick 40/80
  [..] 000203: tick 50/80
  [..] 000203: tick 60/80
  [..] 000203: tick 70/80
  [..] 000203: tick 80/80
  [..] 000203: cam.listen (skip 20 stale frames)
  [OK] 000203.png  (Town03, CloudyNoon, sun=60°, dist=8m, lat=+1.0, hdg=-3°, npcs=45)
  [..] 000203: finally start
  [..] 000203: drain tick
  [..] 000203: destroy cam
  [..] 000203: destroy 45 npcs
  [..] 000203: destroy leader
  [..] 000203: destroy follower
  [..] 000203: post-cleanup tick
  [..] 000203: finally end
  [SKIP] 000204: no valid lane at shift=+1 from follower lane
  [SKIP] 000204: no valid lane at shift=+1 from follower lane
  [SKIP] 000204: no valid lane at shift=+1 from follower lane
  [..] 000204: spawn follower
  [..] 000204: spawn leader
  [..] 000204: spawn NPCs (near=15, scattered=30)
  [..] 000204: spawn camera
  [..] 000204: settle (no listener)
  [..] 000204: tick 10/80
  [..] 000204: tick 20/80
  [..] 000204: tick 30/80
  [..] 000204: tick 40/80
  [..] 000204: tick 50/80
  [..] 000204: tick 60/80
  [..] 000204: tick 70/80
  [..] 000204: tick 80/80
  [..] 000204: cam.listen (skip 20 stale frames)
  [OK] 000204.png  (Town03, ClearNoon, sun=60°, dist=10m, lat=+0.0, hdg=+2°, npcs=45)
  [..] 000204: finally start
  [..] 000204: drain tick
  [..] 000204: destroy cam
  [..] 000204: destroy 45 npcs
  [..] 000204: destroy leader
  [..] 000204: destroy follower
  [..] 000204: post-cleanup tick
  [..] 000204: finally end
  [SKIP] 000205: no valid lane at shift=-1 from follower lane
  [SKIP] 000205: no valid lane at shift=+1 from follower lane
  [SKIP] 000205: no valid lane at shift=-1 from follower lane
  [SKIP] 000205: no valid lane at shift=-1 from follower lane
  [SKIP] 000205: no valid lane at shift=+1 from follower lane
  [SKIP] 000205: no valid lane at shift=-1 from follower lane
  [SKIP] 000205: no valid lane at shift=-1 from follower lane
  [..] 000205: spawn follower
  [..] 000205: spawn leader
  [..] 000205: spawn NPCs (near=15, scattered=30)
  [..] 000205: spawn camera
  [..] 000205: settle (no listener)
  [..] 000205: tick 10/80
  [..] 000205: tick 20/80
  [..] 000205: tick 30/80
  [..] 000205: tick 40/80
  [..] 000205: tick 50/80
  [..] 000205: tick 60/80
  [..] 000205: tick 70/80
  [..] 000205: tick 80/80
  [..] 000205: cam.listen (skip 20 stale frames)
  [OK] 000205.png  (Town03, WetNoon, sun=58°, dist=14m, lat=+1.0, hdg=-3°, npcs=45)
  [..] 000205: finally start
  [..] 000205: drain tick
  [..] 000205: destroy cam
  [..] 000205: destroy 45 npcs
  [..] 000205: destroy leader
  [..] 000205: destroy follower
  [..] 000205: post-cleanup tick
  [..] 000205: finally end
  [..] 000206: spawn follower
  [..] 000206: spawn leader
  [..] 000206: spawn NPCs (near=15, scattered=30)
  [..] 000206: spawn camera
  [..] 000206: settle (no listener)
  [..] 000206: tick 10/80
  [..] 000206: tick 20/80
  [..] 000206: tick 30/80
  [..] 000206: tick 40/80
  [..] 000206: tick 50/80
  [..] 000206: tick 60/80
  [..] 000206: tick 70/80
  [..] 000206: tick 80/80
  [..] 000206: cam.listen (skip 20 stale frames)
  [OK] 000206.png  (Town03, MidRainyNoon, sun=36°, dist=13m, lat=+1.0, hdg=-2°, npcs=45)
  [..] 000206: finally start
  [..] 000206: drain tick
  [..] 000206: destroy cam
  [..] 000206: destroy 45 npcs
  [..] 000206: destroy leader
  [..] 000206: destroy follower
  [..] 000206: post-cleanup tick
  [..] 000206: finally end
  [..] 000207: spawn follower
  [..] 000207: spawn leader
  [..] 000207: spawn NPCs (near=15, scattered=30)
  [..] 000207: spawn camera
  [..] 000207: settle (no listener)
  [..] 000207: tick 10/80
  [..] 000207: tick 20/80
  [..] 000207: tick 30/80
  [..] 000207: tick 40/80
  [..] 000207: tick 50/80
  [..] 000207: tick 60/80
  [..] 000207: tick 70/80
  [..] 000207: tick 80/80
  [..] 000207: cam.listen (skip 20 stale frames)
  [OK] 000207.png  (Town03, CloudyNoon, sun=33°, dist=14m, lat=+1.0, hdg=+3°, npcs=45)
  [..] 000207: finally start
  [..] 000207: drain tick
  [..] 000207: destroy cam
  [..] 000207: destroy 45 npcs
  [..] 000207: destroy leader
  [..] 000207: destroy follower
  [..] 000207: post-cleanup tick
  [..] 000207: finally end
  [..] 000208: spawn follower
  [..] 000208: spawn leader
  [..] 000208: spawn NPCs (near=15, scattered=30)
  [..] 000208: spawn camera
  [..] 000208: settle (no listener)
  [..] 000208: tick 10/80
  [..] 000208: tick 20/80
  [..] 000208: tick 30/80
  [..] 000208: tick 40/80
  [..] 000208: tick 50/80
  [..] 000208: tick 60/80
  [..] 000208: tick 70/80
  [..] 000208: tick 80/80
  [..] 000208: cam.listen (skip 20 stale frames)
  [OK] 000208.png  (Town03, ClearNoon, sun=64°, dist=16m, lat=-1.0, hdg=-3°, npcs=45)
  [..] 000208: finally start
  [..] 000208: drain tick
  [..] 000208: destroy cam
  [..] 000208: destroy 45 npcs
  [..] 000208: destroy leader
  [..] 000208: destroy follower
  [..] 000208: post-cleanup tick
  [..] 000208: finally end
  [SKIP] 000209: no valid lane at shift=-1 from follower lane
  [SKIP] 000209: no valid lane at shift=-1 from follower lane
  [..] 000209: spawn follower
  [..] 000209: spawn leader
  [..] 000209: spawn NPCs (near=15, scattered=30)
  [..] 000209: spawn camera
  [..] 000209: settle (no listener)
  [..] 000209: tick 10/80
  [..] 000209: tick 20/80
  [..] 000209: tick 30/80
  [..] 000209: tick 40/80
  [..] 000209: tick 50/80
  [..] 000209: tick 60/80
  [..] 000209: tick 70/80
  [..] 000209: tick 80/80
  [..] 000209: cam.listen (skip 20 stale frames)
  [OK] 000209.png  (Town03, CloudyNoon, sun=45°, dist=11m, lat=+0.0, hdg=-0°, npcs=45)
  [..] 000209: finally start
  [..] 000209: drain tick
  [..] 000209: destroy cam
  [..] 000209: destroy 45 npcs
  [..] 000209: destroy leader
  [..] 000209: destroy follower
  [..] 000209: post-cleanup tick
  [..] 000209: finally end
  [..] 000210: spawn follower
  [..] 000210: spawn leader
  [..] 000210: spawn NPCs (near=15, scattered=30)
  [..] 000210: spawn camera
  [..] 000210: settle (no listener)
  [..] 000210: tick 10/80
  [..] 000210: tick 20/80
  [..] 000210: tick 30/80
  [..] 000210: tick 40/80
  [..] 000210: tick 50/80
  [..] 000210: tick 60/80
  [..] 000210: tick 70/80
  [..] 000210: tick 80/80
  [..] 000210: cam.listen (skip 20 stale frames)
  [OK] 000210.png  (Town03, ClearNoon, sun=25°, dist=11m, lat=+1.0, hdg=-0°, npcs=45)
  [..] 000210: finally start
  [..] 000210: drain tick
  [..] 000210: destroy cam
  [..] 000210: destroy 45 npcs
  [..] 000210: destroy leader
  [..] 000210: destroy follower
  [..] 000210: post-cleanup tick
  [..] 000210: finally end
  [SKIP] 000211: no valid lane at shift=-1 from follower lane
  [..] 000211: spawn follower
  [..] 000211: spawn leader
  [..] 000211: spawn NPCs (near=15, scattered=30)
  [..] 000211: spawn camera
  [..] 000211: settle (no listener)
  [..] 000211: tick 10/80
  [..] 000211: tick 20/80
  [..] 000211: tick 30/80
  [..] 000211: tick 40/80
  [..] 000211: tick 50/80
  [..] 000211: tick 60/80
  [..] 000211: tick 70/80
  [..] 000211: tick 80/80
  [..] 000211: cam.listen (skip 20 stale frames)
  [OK] 000211.png  (Town03, ClearNoon, sun=68°, dist=14m, lat=+0.0, hdg=+2°, npcs=45)
  [..] 000211: finally start
  [..] 000211: drain tick
  [..] 000211: destroy cam
  [..] 000211: destroy 45 npcs
  [..] 000211: destroy leader
  [..] 000211: destroy follower
  [..] 000211: post-cleanup tick
  [..] 000211: finally end
  [..] 000212: spawn follower
  [..] 000212: spawn leader
  [..] 000212: spawn NPCs (near=15, scattered=30)
  [..] 000212: spawn camera
  [..] 000212: settle (no listener)
  [..] 000212: tick 10/80
  [..] 000212: tick 20/80
  [..] 000212: tick 30/80
  [..] 000212: tick 40/80
  [..] 000212: tick 50/80
  [..] 000212: tick 60/80
  [..] 000212: tick 70/80
  [..] 000212: tick 80/80
  [..] 000212: cam.listen (skip 20 stale frames)
  [OK] 000212.png  (Town03, ClearNoon, sun=32°, dist=8m, lat=+1.0, hdg=-1°, npcs=45)
  [..] 000212: finally start
  [..] 000212: drain tick
  [..] 000212: destroy cam
  [..] 000212: destroy 45 npcs
  [..] 000212: destroy leader
  [..] 000212: destroy follower
  [..] 000212: post-cleanup tick
  [..] 000212: finally end
  [..] 000213: spawn follower
  [..] 000213: spawn leader
  [..] 000213: spawn NPCs (near=15, scattered=30)
  [..] 000213: spawn camera
  [..] 000213: settle (no listener)
  [..] 000213: tick 10/80
  [..] 000213: tick 20/80
  [..] 000213: tick 30/80
  [..] 000213: tick 40/80
  [..] 000213: tick 50/80
  [..] 000213: tick 60/80
  [..] 000213: tick 70/80
  [..] 000213: tick 80/80
  [..] 000213: cam.listen (skip 20 stale frames)
  [OK] 000213.png  (Town03, WetNoon, sun=39°, dist=9m, lat=-1.0, hdg=-5°, npcs=45)
  [..] 000213: finally start
  [..] 000213: drain tick
  [..] 000213: destroy cam
  [..] 000213: destroy 45 npcs
  [..] 000213: destroy leader
  [..] 000213: destroy follower
  [..] 000213: post-cleanup tick
  [..] 000213: finally end
  [SKIP] 000214: no valid lane at shift=+1 from follower lane
  [..] 000214: spawn follower
  [..] 000214: spawn leader
  [..] 000214: spawn NPCs (near=15, scattered=30)
  [..] 000214: spawn camera
  [..] 000214: settle (no listener)
  [..] 000214: tick 10/80
  [..] 000214: tick 20/80
  [..] 000214: tick 30/80
  [..] 000214: tick 40/80
  [..] 000214: tick 50/80
  [..] 000214: tick 60/80
  [..] 000214: tick 70/80
  [..] 000214: tick 80/80
  [..] 000214: cam.listen (skip 20 stale frames)
  [OK] 000214.png  (Town03, ClearNoon, sun=64°, dist=15m, lat=-1.0, hdg=-2°, npcs=45)
  [..] 000214: finally start
  [..] 000214: drain tick
  [..] 000214: destroy cam
  [..] 000214: destroy 45 npcs
  [..] 000214: destroy leader
  [..] 000214: destroy follower
  [..] 000214: post-cleanup tick
  [..] 000214: finally end
  [..] 000215: spawn follower
  [..] 000215: spawn leader
  [..] 000215: spawn NPCs (near=15, scattered=30)
  [..] 000215: spawn camera
  [..] 000215: settle (no listener)
  [..] 000215: tick 10/80
  [..] 000215: tick 20/80
  [..] 000215: tick 30/80
  [..] 000215: tick 40/80
  [..] 000215: tick 50/80
  [..] 000215: tick 60/80
  [..] 000215: tick 70/80
  [..] 000215: tick 80/80
  [..] 000215: cam.listen (skip 20 stale frames)
  [OK] 000215.png  (Town03, MidRainyNoon, sun=27°, dist=10m, lat=-1.0, hdg=+1°, npcs=45)
  [..] 000215: finally start
  [..] 000215: drain tick
  [..] 000215: destroy cam
  [..] 000215: destroy 45 npcs
  [..] 000215: destroy leader
  [..] 000215: destroy follower
  [..] 000215: post-cleanup tick
  [..] 000215: finally end
  [SKIP] 000216: no valid lane at shift=-1 from follower lane
  [SKIP] 000216: no valid lane at shift=+1 from follower lane
  [..] 000216: spawn follower
  [..] 000216: spawn leader
  [..] 000216: spawn NPCs (near=15, scattered=30)
  [..] 000216: spawn camera
  [..] 000216: settle (no listener)
  [..] 000216: tick 10/80
  [..] 000216: tick 20/80
  [..] 000216: tick 30/80
  [..] 000216: tick 40/80
  [..] 000216: tick 50/80
  [..] 000216: tick 60/80
  [..] 000216: tick 70/80
  [..] 000216: tick 80/80
  [..] 000216: cam.listen (skip 20 stale frames)
  [OK] 000216.png  (Town03, WetNoon, sun=31°, dist=10m, lat=+0.0, hdg=+2°, npcs=45)
  [..] 000216: finally start
  [..] 000216: drain tick
  [..] 000216: destroy cam
  [..] 000216: destroy 45 npcs
  [..] 000216: destroy leader
  [..] 000216: destroy follower
  [..] 000216: post-cleanup tick
  [..] 000216: finally end
  [SKIP] 000217: no valid lane at shift=+1 from follower lane
  [..] 000217: spawn follower
  [..] 000217: spawn leader
  [..] 000217: spawn NPCs (near=15, scattered=30)
  [..] 000217: spawn camera
  [..] 000217: settle (no listener)
  [..] 000217: tick 10/80
  [..] 000217: tick 20/80
  [..] 000217: tick 30/80
  [..] 000217: tick 40/80
  [..] 000217: tick 50/80
  [..] 000217: tick 60/80
  [..] 000217: tick 70/80
  [..] 000217: tick 80/80
  [..] 000217: cam.listen (skip 20 stale frames)
  [OK] 000217.png  (Town03, ClearNoon, sun=31°, dist=8m, lat=+0.0, hdg=+5°, npcs=45)
  [..] 000217: finally start
  [..] 000217: drain tick
  [..] 000217: destroy cam
  [..] 000217: destroy 45 npcs
  [..] 000217: destroy leader
  [..] 000217: destroy follower
  [..] 000217: post-cleanup tick
  [..] 000217: finally end
  [SKIP] 000218: no valid lane at shift=-1 from follower lane
  [SKIP] 000218: no valid lane at shift=-1 from follower lane
  [..] 000218: spawn follower
  [..] 000218: spawn leader
  [..] 000218: spawn NPCs (near=15, scattered=30)
  [..] 000218: spawn camera
  [..] 000218: settle (no listener)
  [..] 000218: tick 10/80
  [..] 000218: tick 20/80
  [..] 000218: tick 30/80
  [..] 000218: tick 40/80
  [..] 000218: tick 50/80
  [..] 000218: tick 60/80
  [..] 000218: tick 70/80
  [..] 000218: tick 80/80
  [..] 000218: cam.listen (skip 20 stale frames)
  [OK] 000218.png  (Town03, WetNoon, sun=64°, dist=11m, lat=-1.0, hdg=+3°, npcs=45)
  [..] 000218: finally start
  [..] 000218: drain tick
  [..] 000218: destroy cam
  [..] 000218: destroy 45 npcs
  [..] 000218: destroy leader
  [..] 000218: destroy follower
  [..] 000218: post-cleanup tick
  [..] 000218: finally end
  [..] 000219: spawn follower
  [..] 000219: spawn leader
  [..] 000219: spawn NPCs (near=15, scattered=30)
  [..] 000219: spawn camera
  [..] 000219: settle (no listener)
  [..] 000219: tick 10/80
  [..] 000219: tick 20/80
  [..] 000219: tick 30/80
  [..] 000219: tick 40/80
  [..] 000219: tick 50/80
  [..] 000219: tick 60/80
  [..] 000219: tick 70/80
  [..] 000219: tick 80/80
  [..] 000219: cam.listen (skip 20 stale frames)
  [OK] 000219.png  (Town03, ClearNoon, sun=59°, dist=9m, lat=+0.0, hdg=-0°, npcs=45)
  [..] 000219: finally start
  [..] 000219: drain tick
  [..] 000219: destroy cam
  [..] 000219: destroy 45 npcs
  [..] 000219: destroy leader
  [..] 000219: destroy follower
  [..] 000219: post-cleanup tick
  [..] 000219: finally end
  [SKIP] 000220: no valid lane at shift=-1 from follower lane
  [SKIP] 000220: no valid lane at shift=-1 from follower lane
  [..] 000220: spawn follower
  [..] 000220: spawn leader
  [..] 000220: spawn NPCs (near=15, scattered=30)
  [..] 000220: spawn camera
  [..] 000220: settle (no listener)
  [..] 000220: tick 10/80
  [..] 000220: tick 20/80
  [..] 000220: tick 30/80
  [..] 000220: tick 40/80
  [..] 000220: tick 50/80
  [..] 000220: tick 60/80
  [..] 000220: tick 70/80
  [..] 000220: tick 80/80
  [..] 000220: cam.listen (skip 20 stale frames)
  [OK] 000220.png  (Town03, CloudyNoon, sun=33°, dist=9m, lat=+0.0, hdg=-3°, npcs=45)
  [..] 000220: finally start
  [..] 000220: drain tick
  [..] 000220: destroy cam
  [..] 000220: destroy 45 npcs
  [..] 000220: destroy leader
  [..] 000220: destroy follower
  [..] 000220: post-cleanup tick
  [..] 000220: finally end
  [SKIP] 000221: no valid lane at shift=+1 from follower lane
  [SKIP] 000221: no valid lane at shift=+1 from follower lane
  [SKIP] 000221: no valid lane at shift=-1 from follower lane
  [..] 000221: spawn follower
  [..] 000221: spawn leader
  [..] 000221: spawn NPCs (near=15, scattered=30)
  [..] 000221: spawn camera
  [..] 000221: settle (no listener)
  [..] 000221: tick 10/80
  [..] 000221: tick 20/80
  [..] 000221: tick 30/80
  [..] 000221: tick 40/80
  [..] 000221: tick 50/80
  [..] 000221: tick 60/80
  [..] 000221: tick 70/80
  [..] 000221: tick 80/80
  [..] 000221: cam.listen (skip 20 stale frames)
  [OK] 000221.png  (Town03, ClearNoon, sun=51°, dist=7m, lat=+0.0, hdg=-2°, npcs=45)
  [..] 000221: finally start
  [..] 000221: drain tick
  [..] 000221: destroy cam
  [..] 000221: destroy 45 npcs
  [..] 000221: destroy leader
  [..] 000221: destroy follower
  [..] 000221: post-cleanup tick
  [..] 000221: finally end
  [..] 000222: spawn follower
  [..] 000222: spawn leader
  [..] 000222: spawn NPCs (near=15, scattered=30)
  [..] 000222: spawn camera
  [..] 000222: settle (no listener)
  [..] 000222: tick 10/80
  [..] 000222: tick 20/80
  [..] 000222: tick 30/80
  [..] 000222: tick 40/80
  [..] 000222: tick 50/80
  [..] 000222: tick 60/80
  [..] 000222: tick 70/80
  [..] 000222: tick 80/80
  [..] 000222: cam.listen (skip 20 stale frames)
  [OK] 000222.png  (Town03, MidRainyNoon, sun=39°, dist=16m, lat=-1.0, hdg=-3°, npcs=45)
  [..] 000222: finally start
  [..] 000222: drain tick
  [..] 000222: destroy cam
  [..] 000222: destroy 45 npcs
  [..] 000222: destroy leader
  [..] 000222: destroy follower
  [..] 000222: post-cleanup tick
  [..] 000222: finally end
  [SKIP] 000223: no valid lane at shift=+1 from follower lane
  [SKIP] 000223: no valid lane at shift=+1 from follower lane
  [SKIP] 000223: no valid lane at shift=+1 from follower lane
  [..] 000223: spawn follower
  [..] 000223: spawn leader
  [..] 000223: spawn NPCs (near=15, scattered=30)
  [..] 000223: spawn camera
  [..] 000223: settle (no listener)
  [..] 000223: tick 10/80
  [..] 000223: tick 20/80
  [..] 000223: tick 30/80
  [..] 000223: tick 40/80
  [..] 000223: tick 50/80
  [..] 000223: tick 60/80
  [..] 000223: tick 70/80
  [..] 000223: tick 80/80
  [..] 000223: cam.listen (skip 20 stale frames)
  [OK] 000223.png  (Town03, CloudyNoon, sun=51°, dist=7m, lat=+0.0, hdg=-0°, npcs=45)
  [..] 000223: finally start
  [..] 000223: drain tick
  [..] 000223: destroy cam
  [..] 000223: destroy 45 npcs
  [..] 000223: destroy leader
  [..] 000223: destroy follower
  [..] 000223: post-cleanup tick
  [..] 000223: finally end
  [SKIP] 000224: no valid lane at shift=+1 from follower lane
  [..] 000224: spawn follower
  [..] 000224: spawn leader
  [..] 000224: spawn NPCs (near=15, scattered=30)
  [..] 000224: spawn camera
  [..] 000224: settle (no listener)
  [..] 000224: tick 10/80
  [..] 000224: tick 20/80
  [..] 000224: tick 30/80
  [..] 000224: tick 40/80
  [..] 000224: tick 50/80
  [..] 000224: tick 60/80
  [..] 000224: tick 70/80
  [..] 000224: tick 80/80
  [..] 000224: cam.listen (skip 20 stale frames)
  [OK] 000224.png  (Town03, MidRainyNoon, sun=34°, dist=7m, lat=+0.0, hdg=-4°, npcs=45)
  [..] 000224: finally start
  [..] 000224: drain tick
  [..] 000224: destroy cam
  [..] 000224: destroy 45 npcs
  [..] 000224: destroy leader
  [..] 000224: destroy follower
  [..] 000224: post-cleanup tick
  [..] 000224: finally end
  [..] 000225: spawn follower
  [..] 000225: spawn leader
  [..] 000225: spawn NPCs (near=15, scattered=30)
  [..] 000225: spawn camera
  [..] 000225: settle (no listener)
  [..] 000225: tick 10/80
  [..] 000225: tick 20/80
  [..] 000225: tick 30/80
  [..] 000225: tick 40/80
  [..] 000225: tick 50/80
  [..] 000225: tick 60/80
  [..] 000225: tick 70/80
  [..] 000225: tick 80/80
  [..] 000225: cam.listen (skip 20 stale frames)
  [OK] 000225.png  (Town03, WetNoon, sun=31°, dist=9m, lat=+0.0, hdg=+2°, npcs=45)
  [..] 000225: finally start
  [..] 000225: drain tick
  [..] 000225: destroy cam
  [..] 000225: destroy 45 npcs
  [..] 000225: destroy leader
  [..] 000225: destroy follower
  [..] 000225: post-cleanup tick
  [..] 000225: finally end
  [..] 000226: spawn follower
  [..] 000226: spawn leader
  [..] 000226: spawn NPCs (near=15, scattered=30)
  [..] 000226: spawn camera
  [..] 000226: settle (no listener)
  [..] 000226: tick 10/80
  [..] 000226: tick 20/80
  [..] 000226: tick 30/80
  [..] 000226: tick 40/80
  [..] 000226: tick 50/80
  [..] 000226: tick 60/80
  [..] 000226: tick 70/80
  [..] 000226: tick 80/80
  [..] 000226: cam.listen (skip 20 stale frames)
  [OK] 000226.png  (Town03, MidRainyNoon, sun=49°, dist=13m, lat=+0.0, hdg=+5°, npcs=45)
  [..] 000226: finally start
  [..] 000226: drain tick
  [..] 000226: destroy cam
  [..] 000226: destroy 45 npcs
  [..] 000226: destroy leader
  [..] 000226: destroy follower
  [..] 000226: post-cleanup tick
  [..] 000226: finally end
  [SKIP] 000227: no valid lane at shift=+1 from follower lane
  [..] 000227: spawn follower
  [..] 000227: spawn leader
  [..] 000227: spawn NPCs (near=15, scattered=30)
  [..] 000227: spawn camera
  [..] 000227: settle (no listener)
  [..] 000227: tick 10/80
  [..] 000227: tick 20/80
  [..] 000227: tick 30/80
  [..] 000227: tick 40/80
  [..] 000227: tick 50/80
  [..] 000227: tick 60/80
  [..] 000227: tick 70/80
  [..] 000227: tick 80/80
  [..] 000227: cam.listen (skip 20 stale frames)
  [OK] 000227.png  (Town03, MidRainyNoon, sun=58°, dist=17m, lat=+1.0, hdg=+5°, npcs=45)
  [..] 000227: finally start
  [..] 000227: drain tick
  [..] 000227: destroy cam
  [..] 000227: destroy 45 npcs
  [..] 000227: destroy leader
  [..] 000227: destroy follower
  [..] 000227: post-cleanup tick
  [..] 000227: finally end
  [..] 000228: spawn follower
  [..] 000228: spawn leader
  [..] 000228: spawn NPCs (near=15, scattered=30)
  [..] 000228: spawn camera
  [..] 000228: settle (no listener)
  [..] 000228: tick 10/80
  [..] 000228: tick 20/80
  [..] 000228: tick 30/80
  [..] 000228: tick 40/80
  [..] 000228: tick 50/80
  [..] 000228: tick 60/80
  [..] 000228: tick 70/80
  [..] 000228: tick 80/80
  [..] 000228: cam.listen (skip 20 stale frames)
  [OK] 000228.png  (Town03, ClearNoon, sun=36°, dist=16m, lat=+0.0, hdg=-4°, npcs=45)
  [..] 000228: finally start
  [..] 000228: drain tick
  [..] 000228: destroy cam
  [..] 000228: destroy 45 npcs
  [..] 000228: destroy leader
  [..] 000228: destroy follower
  [..] 000228: post-cleanup tick
  [..] 000228: finally end
  [..] 000229: spawn follower
  [..] 000229: spawn leader
  [..] 000229: spawn NPCs (near=15, scattered=30)
  [..] 000229: spawn camera
  [..] 000229: settle (no listener)
  [..] 000229: tick 10/80
  [..] 000229: tick 20/80
  [..] 000229: tick 30/80
  [..] 000229: tick 40/80
  [..] 000229: tick 50/80
  [..] 000229: tick 60/80
  [..] 000229: tick 70/80
  [..] 000229: tick 80/80
  [..] 000229: cam.listen (skip 20 stale frames)
  [OK] 000229.png  (Town03, ClearNoon, sun=32°, dist=13m, lat=+0.0, hdg=-4°, npcs=45)
  [..] 000229: finally start
  [..] 000229: drain tick
  [..] 000229: destroy cam
  [..] 000229: destroy 45 npcs
  [..] 000229: destroy leader
  [..] 000229: destroy follower
  [..] 000229: post-cleanup tick
  [..] 000229: finally end
  [SKIP] 000230: no valid lane at shift=+1 from follower lane
  [..] 000230: spawn follower
  [..] 000230: spawn leader
  [..] 000230: spawn NPCs (near=15, scattered=30)
  [..] 000230: spawn camera
  [..] 000230: settle (no listener)
  [..] 000230: tick 10/80
  [..] 000230: tick 20/80
  [..] 000230: tick 30/80
  [..] 000230: tick 40/80
  [..] 000230: tick 50/80
  [..] 000230: tick 60/80
  [..] 000230: tick 70/80
  [..] 000230: tick 80/80
  [..] 000230: cam.listen (skip 20 stale frames)
  [OK] 000230.png  (Town03, ClearNoon, sun=55°, dist=11m, lat=+0.0, hdg=+3°, npcs=45)
  [..] 000230: finally start
  [..] 000230: drain tick
  [..] 000230: destroy cam
  [..] 000230: destroy 45 npcs
  [..] 000230: destroy leader
  [..] 000230: destroy follower
  [..] 000230: post-cleanup tick
  [..] 000230: finally end
  [SKIP] 000231: no valid lane at shift=-1 from follower lane
  [..] 000231: spawn follower
  [..] 000231: spawn leader
  [..] 000231: spawn NPCs (near=15, scattered=30)
  [..] 000231: spawn camera
  [..] 000231: settle (no listener)
  [..] 000231: tick 10/80
  [..] 000231: tick 20/80
  [..] 000231: tick 30/80
  [..] 000231: tick 40/80
  [..] 000231: tick 50/80
  [..] 000231: tick 60/80
  [..] 000231: tick 70/80
  [..] 000231: tick 80/80
  [..] 000231: cam.listen (skip 20 stale frames)
  [OK] 000231.png  (Town03, MidRainyNoon, sun=62°, dist=17m, lat=+0.0, hdg=+3°, npcs=45)
  [..] 000231: finally start
  [..] 000231: drain tick
  [..] 000231: destroy cam
  [..] 000231: destroy 45 npcs
  [..] 000231: destroy leader
  [..] 000231: destroy follower
  [..] 000231: post-cleanup tick
  [..] 000231: finally end
  [..] 000232: spawn follower
  [..] 000232: spawn leader
  [..] 000232: spawn NPCs (near=15, scattered=30)
  [..] 000232: spawn camera
  [..] 000232: settle (no listener)
  [..] 000232: tick 10/80
  [..] 000232: tick 20/80
  [..] 000232: tick 30/80
  [..] 000232: tick 40/80
  [..] 000232: tick 50/80
  [..] 000232: tick 60/80
  [..] 000232: tick 70/80
  [..] 000232: tick 80/80
  [..] 000232: cam.listen (skip 20 stale frames)
  [OK] 000232.png  (Town03, CloudyNoon, sun=61°, dist=8m, lat=+0.0, hdg=-4°, npcs=45)
  [..] 000232: finally start
  [..] 000232: drain tick
  [..] 000232: destroy cam
  [..] 000232: destroy 45 npcs
  [..] 000232: destroy leader
  [..] 000232: destroy follower
  [..] 000232: post-cleanup tick
  [..] 000232: finally end
  [SKIP] 000233: no valid lane at shift=-1 from follower lane
  [..] 000233: spawn follower
  [..] 000233: spawn leader
  [..] 000233: spawn NPCs (near=15, scattered=30)
  [..] 000233: spawn camera
  [..] 000233: settle (no listener)
  [..] 000233: tick 10/80
  [..] 000233: tick 20/80
  [..] 000233: tick 30/80
  [..] 000233: tick 40/80
  [..] 000233: tick 50/80
  [..] 000233: tick 60/80
  [..] 000233: tick 70/80
  [..] 000233: tick 80/80
  [..] 000233: cam.listen (skip 20 stale frames)
  [OK] 000233.png  (Town03, MidRainyNoon, sun=52°, dist=17m, lat=+0.0, hdg=+1°, npcs=45)
  [..] 000233: finally start
  [..] 000233: drain tick
  [..] 000233: destroy cam
  [..] 000233: destroy 45 npcs
  [..] 000233: destroy leader
  [..] 000233: destroy follower
  [..] 000233: post-cleanup tick
  [..] 000233: finally end
  [SKIP] 000234: no valid lane at shift=-1 from follower lane
  [..] 000234: spawn follower
  [..] 000234: spawn leader
  [..] 000234: spawn NPCs (near=15, scattered=30)
  [..] 000234: spawn camera
  [..] 000234: settle (no listener)
  [..] 000234: tick 10/80
  [..] 000234: tick 20/80
  [..] 000234: tick 30/80
  [..] 000234: tick 40/80
  [..] 000234: tick 50/80
  [..] 000234: tick 60/80
  [..] 000234: tick 70/80
  [..] 000234: tick 80/80
  [..] 000234: cam.listen (skip 20 stale frames)
  [OK] 000234.png  (Town03, WetNoon, sun=58°, dist=16m, lat=-1.0, hdg=-3°, npcs=45)
  [..] 000234: finally start
  [..] 000234: drain tick
  [..] 000234: destroy cam
  [..] 000234: destroy 45 npcs
  [..] 000234: destroy leader
  [..] 000234: destroy follower
  [..] 000234: post-cleanup tick
  [..] 000234: finally end
  [..] 000235: spawn follower
  [..] 000235: spawn leader
  [..] 000235: spawn NPCs (near=15, scattered=30)
  [..] 000235: spawn camera
  [..] 000235: settle (no listener)
  [..] 000235: tick 10/80
  [..] 000235: tick 20/80
  [..] 000235: tick 30/80
  [..] 000235: tick 40/80
  [..] 000235: tick 50/80
  [..] 000235: tick 60/80
  [..] 000235: tick 70/80
  [..] 000235: tick 80/80
  [..] 000235: cam.listen (skip 20 stale frames)
  [OK] 000235.png  (Town03, ClearNoon, sun=67°, dist=16m, lat=+0.0, hdg=-5°, npcs=45)
  [..] 000235: finally start
  [..] 000235: drain tick
  [..] 000235: destroy cam
  [..] 000235: destroy 45 npcs
  [..] 000235: destroy leader
  [..] 000235: destroy follower
  [..] 000235: post-cleanup tick
  [..] 000235: finally end
  [SKIP] 000236: no valid lane at shift=-1 from follower lane
  [SKIP] 000236: no valid lane at shift=+1 from follower lane
  [SKIP] 000236: no valid lane at shift=-1 from follower lane
  [..] 000236: spawn follower
  [..] 000236: spawn leader
  [..] 000236: spawn NPCs (near=15, scattered=30)
  [..] 000236: spawn camera
  [..] 000236: settle (no listener)
  [..] 000236: tick 10/80
  [..] 000236: tick 20/80
  [..] 000236: tick 30/80
  [..] 000236: tick 40/80
  [..] 000236: tick 50/80
  [..] 000236: tick 60/80
  [..] 000236: tick 70/80
  [..] 000236: tick 80/80
  [..] 000236: cam.listen (skip 20 stale frames)
  [OK] 000236.png  (Town03, ClearNoon, sun=35°, dist=14m, lat=+0.0, hdg=+2°, npcs=45)
  [..] 000236: finally start
  [..] 000236: drain tick
  [..] 000236: destroy cam
  [..] 000236: destroy 45 npcs
  [..] 000236: destroy leader
  [..] 000236: destroy follower
  [..] 000236: post-cleanup tick
  [..] 000236: finally end
  [..] 000237: spawn follower
  [..] 000237: spawn leader
  [..] 000237: spawn NPCs (near=15, scattered=30)
  [..] 000237: spawn camera
  [..] 000237: settle (no listener)
  [..] 000237: tick 10/80
  [..] 000237: tick 20/80
  [..] 000237: tick 30/80
  [..] 000237: tick 40/80
  [..] 000237: tick 50/80
  [..] 000237: tick 60/80
  [..] 000237: tick 70/80
  [..] 000237: tick 80/80
  [..] 000237: cam.listen (skip 20 stale frames)
  [OK] 000237.png  (Town03, WetNoon, sun=47°, dist=9m, lat=+0.0, hdg=-4°, npcs=45)
  [..] 000237: finally start
  [..] 000237: drain tick
  [..] 000237: destroy cam
  [..] 000237: destroy 45 npcs
  [..] 000237: destroy leader
  [..] 000237: destroy follower
  [..] 000237: post-cleanup tick
  [..] 000237: finally end
  [..] 000238: spawn follower
  [..] 000238: spawn leader
  [..] 000238: spawn NPCs (near=15, scattered=30)
  [..] 000238: spawn camera
  [..] 000238: settle (no listener)
  [..] 000238: tick 10/80
  [..] 000238: tick 20/80
  [..] 000238: tick 30/80
  [..] 000238: tick 40/80
  [..] 000238: tick 50/80
  [..] 000238: tick 60/80
  [..] 000238: tick 70/80
  [..] 000238: tick 80/80
  [..] 000238: cam.listen (skip 20 stale frames)
  [OK] 000238.png  (Town03, CloudyNoon, sun=48°, dist=17m, lat=-1.0, hdg=-2°, npcs=45)
  [..] 000238: finally start
  [..] 000238: drain tick
  [..] 000238: destroy cam
  [..] 000238: destroy 45 npcs
  [..] 000238: destroy leader
  [..] 000238: destroy follower
  [..] 000238: post-cleanup tick
  [..] 000238: finally end
  [..] 000239: spawn follower
  [..] 000239: spawn leader
  [..] 000239: spawn NPCs (near=15, scattered=30)
  [..] 000239: spawn camera
  [..] 000239: settle (no listener)
  [..] 000239: tick 10/80
  [..] 000239: tick 20/80
  [..] 000239: tick 30/80
  [..] 000239: tick 40/80
  [..] 000239: tick 50/80
  [..] 000239: tick 60/80
  [..] 000239: tick 70/80
  [..] 000239: tick 80/80
  [..] 000239: cam.listen (skip 20 stale frames)
  [OK] 000239.png  (Town03, ClearNoon, sun=29°, dist=15m, lat=-1.0, hdg=+1°, npcs=45)
  [..] 000239: finally start
  [..] 000239: drain tick
  [..] 000239: destroy cam
  [..] 000239: destroy 45 npcs
  [..] 000239: destroy leader
  [..] 000239: destroy follower
  [..] 000239: post-cleanup tick
  [..] 000239: finally end
  [SKIP] 000240: no valid lane at shift=+1 from follower lane
  [..] 000240: spawn follower
  [..] 000240: spawn leader
  [..] 000240: spawn NPCs (near=15, scattered=30)
  [..] 000240: spawn camera
  [..] 000240: settle (no listener)
  [..] 000240: tick 10/80
  [..] 000240: tick 20/80
  [..] 000240: tick 30/80
  [..] 000240: tick 40/80
  [..] 000240: tick 50/80
  [..] 000240: tick 60/80
  [..] 000240: tick 70/80
  [..] 000240: tick 80/80
  [..] 000240: cam.listen (skip 20 stale frames)
  [OK] 000240.png  (Town03, MidRainyNoon, sun=53°, dist=17m, lat=+0.0, hdg=+4°, npcs=45)
  [..] 000240: finally start
  [..] 000240: drain tick
  [..] 000240: destroy cam
  [..] 000240: destroy 45 npcs
  [..] 000240: destroy leader
  [..] 000240: destroy follower
  [..] 000240: post-cleanup tick
  [..] 000240: finally end
  [..] 000241: spawn follower
  [..] 000241: spawn leader
  [..] 000241: spawn NPCs (near=15, scattered=30)
  [..] 000241: spawn camera
  [..] 000241: settle (no listener)
  [..] 000241: tick 10/80
  [..] 000241: tick 20/80
  [..] 000241: tick 30/80
  [..] 000241: tick 40/80
  [..] 000241: tick 50/80
  [..] 000241: tick 60/80
  [..] 000241: tick 70/80
  [..] 000241: tick 80/80
  [..] 000241: cam.listen (skip 20 stale frames)
  [OK] 000241.png  (Town03, ClearNoon, sun=32°, dist=13m, lat=+1.0, hdg=-4°, npcs=45)
  [..] 000241: finally start
  [..] 000241: drain tick
  [..] 000241: destroy cam
  [..] 000241: destroy 45 npcs
  [..] 000241: destroy leader
  [..] 000241: destroy follower
  [..] 000241: post-cleanup tick
  [..] 000241: finally end
  [..] 000242: spawn follower
  [..] 000242: spawn leader
  [..] 000242: spawn NPCs (near=15, scattered=30)
  [..] 000242: spawn camera
  [..] 000242: settle (no listener)
  [..] 000242: tick 10/80
  [..] 000242: tick 20/80
  [..] 000242: tick 30/80
  [..] 000242: tick 40/80
  [..] 000242: tick 50/80
  [..] 000242: tick 60/80
  [..] 000242: tick 70/80
  [..] 000242: tick 80/80
  [..] 000242: cam.listen (skip 20 stale frames)
  [OK] 000242.png  (Town03, ClearNoon, sun=27°, dist=12m, lat=-1.0, hdg=-1°, npcs=45)
  [..] 000242: finally start
  [..] 000242: drain tick
  [..] 000242: destroy cam
  [..] 000242: destroy 45 npcs
  [..] 000242: destroy leader
  [..] 000242: destroy follower
  [..] 000242: post-cleanup tick
  [..] 000242: finally end
  [..] 000243: spawn follower
  [..] 000243: spawn leader
  [..] 000243: spawn NPCs (near=15, scattered=30)
  [..] 000243: spawn camera
  [..] 000243: settle (no listener)
  [..] 000243: tick 10/80
  [..] 000243: tick 20/80
  [..] 000243: tick 30/80
  [..] 000243: tick 40/80
  [..] 000243: tick 50/80
  [..] 000243: tick 60/80
  [..] 000243: tick 70/80
  [..] 000243: tick 80/80
  [..] 000243: cam.listen (skip 20 stale frames)
  [OK] 000243.png  (Town03, CloudyNoon, sun=56°, dist=10m, lat=+1.0, hdg=+1°, npcs=45)
  [..] 000243: finally start
  [..] 000243: drain tick
  [..] 000243: destroy cam
  [..] 000243: destroy 45 npcs
  [..] 000243: destroy leader
  [..] 000243: destroy follower
  [..] 000243: post-cleanup tick
  [..] 000243: finally end
  [SKIP] 000244: no valid lane at shift=-1 from follower lane
  [SKIP] 000244: no valid lane at shift=-1 from follower lane
  [SKIP] 000244: no valid lane at shift=-1 from follower lane
  [..] 000244: spawn follower
  [..] 000244: spawn leader
  [..] 000244: spawn NPCs (near=15, scattered=30)
  [..] 000244: spawn camera
  [..] 000244: settle (no listener)
  [..] 000244: tick 10/80
  [..] 000244: tick 20/80
  [..] 000244: tick 30/80
  [..] 000244: tick 40/80
  [..] 000244: tick 50/80
  [..] 000244: tick 60/80
  [..] 000244: tick 70/80
  [..] 000244: tick 80/80
  [..] 000244: cam.listen (skip 20 stale frames)
  [OK] 000244.png  (Town03, MidRainyNoon, sun=54°, dist=14m, lat=+0.0, hdg=+3°, npcs=45)
  [..] 000244: finally start
  [..] 000244: drain tick
  [..] 000244: destroy cam
  [..] 000244: destroy 45 npcs
  [..] 000244: destroy leader
  [..] 000244: destroy follower
  [..] 000244: post-cleanup tick
  [..] 000244: finally end
  [..] 000245: spawn follower
  [..] 000245: spawn leader
  [..] 000245: spawn NPCs (near=15, scattered=30)
  [..] 000245: spawn camera
  [..] 000245: settle (no listener)
  [..] 000245: tick 10/80
  [..] 000245: tick 20/80
  [..] 000245: tick 30/80
  [..] 000245: tick 40/80
  [..] 000245: tick 50/80
  [..] 000245: tick 60/80
  [..] 000245: tick 70/80
  [..] 000245: tick 80/80
  [..] 000245: cam.listen (skip 20 stale frames)
  [OK] 000245.png  (Town03, MidRainyNoon, sun=57°, dist=11m, lat=+0.0, hdg=+3°, npcs=45)
  [..] 000245: finally start
  [..] 000245: drain tick
  [..] 000245: destroy cam
  [..] 000245: destroy 45 npcs
  [..] 000245: destroy leader
  [..] 000245: destroy follower
  [..] 000245: post-cleanup tick
  [..] 000245: finally end
  [SKIP] 000246: no valid lane at shift=+1 from follower lane
  [SKIP] 000246: no valid lane at shift=+1 from follower lane
  [..] 000246: spawn follower
  [..] 000246: spawn leader
  [..] 000246: spawn NPCs (near=15, scattered=30)
  [..] 000246: spawn camera
  [..] 000246: settle (no listener)
  [..] 000246: tick 10/80
  [..] 000246: tick 20/80
  [..] 000246: tick 30/80
  [..] 000246: tick 40/80
  [..] 000246: tick 50/80
  [..] 000246: tick 60/80
  [..] 000246: tick 70/80
  [..] 000246: tick 80/80
  [..] 000246: cam.listen (skip 20 stale frames)
  [OK] 000246.png  (Town03, MidRainyNoon, sun=64°, dist=11m, lat=+0.0, hdg=+2°, npcs=45)
  [..] 000246: finally start
  [..] 000246: drain tick
  [..] 000246: destroy cam
  [..] 000246: destroy 45 npcs
  [..] 000246: destroy leader
  [..] 000246: destroy follower
  [..] 000246: post-cleanup tick
  [..] 000246: finally end
  [..] 000247: spawn follower
  [..] 000247: spawn leader
  [..] 000247: spawn NPCs (near=15, scattered=30)
  [..] 000247: spawn camera
  [..] 000247: settle (no listener)
  [..] 000247: tick 10/80
  [..] 000247: tick 20/80
  [..] 000247: tick 30/80
  [..] 000247: tick 40/80
  [..] 000247: tick 50/80
  [..] 000247: tick 60/80
  [..] 000247: tick 70/80
  [..] 000247: tick 80/80
  [..] 000247: cam.listen (skip 20 stale frames)
  [OK] 000247.png  (Town03, CloudyNoon, sun=31°, dist=11m, lat=-1.0, hdg=-4°, npcs=45)
  [..] 000247: finally start
  [..] 000247: drain tick
  [..] 000247: destroy cam
  [..] 000247: destroy 45 npcs
  [..] 000247: destroy leader
  [..] 000247: destroy follower
  [..] 000247: post-cleanup tick
  [..] 000247: finally end
  [SKIP] 000248: no valid lane at shift=+1 from follower lane
  [..] 000248: spawn follower
  [..] 000248: spawn leader
  [..] 000248: spawn NPCs (near=15, scattered=30)
  [..] 000248: spawn camera
  [..] 000248: settle (no listener)
  [..] 000248: tick 10/80
  [..] 000248: tick 20/80
  [..] 000248: tick 30/80
  [..] 000248: tick 40/80
  [..] 000248: tick 50/80
  [..] 000248: tick 60/80
  [..] 000248: tick 70/80
  [..] 000248: tick 80/80
  [..] 000248: cam.listen (skip 20 stale frames)
  [OK] 000248.png  (Town03, CloudyNoon, sun=26°, dist=13m, lat=+0.0, hdg=-0°, npcs=45)
  [..] 000248: finally start
  [..] 000248: drain tick
  [..] 000248: destroy cam
  [..] 000248: destroy 45 npcs
  [..] 000248: destroy leader
  [..] 000248: destroy follower
  [..] 000248: post-cleanup tick
  [..] 000248: finally end
  [..] 000249: spawn follower
  [..] 000249: spawn leader
  [..] 000249: spawn NPCs (near=15, scattered=30)
  [..] 000249: spawn camera
  [..] 000249: settle (no listener)
  [..] 000249: tick 10/80
  [..] 000249: tick 20/80
  [..] 000249: tick 30/80
  [..] 000249: tick 40/80
  [..] 000249: tick 50/80
  [..] 000249: tick 60/80
  [..] 000249: tick 70/80
  [..] 000249: tick 80/80
  [..] 000249: cam.listen (skip 20 stale frames)
  [OK] 000249.png  (Town03, CloudyNoon, sun=40°, dist=16m, lat=+0.0, hdg=-1°, npcs=45)
  [..] 000249: finally start
  [..] 000249: drain tick
  [..] 000249: destroy cam
  [..] 000249: destroy 45 npcs
  [..] 000249: destroy leader
  [..] 000249: destroy follower
  [..] 000249: post-cleanup tick
  [..] 000249: finally end
  [..] 000250: spawn follower
  [..] 000250: spawn leader
  [..] 000250: spawn NPCs (near=15, scattered=30)
  [..] 000250: spawn camera
  [..] 000250: settle (no listener)
  [..] 000250: tick 10/80
  [..] 000250: tick 20/80
  [..] 000250: tick 30/80
  [..] 000250: tick 40/80
  [..] 000250: tick 50/80
  [..] 000250: tick 60/80
  [..] 000250: tick 70/80
  [..] 000250: tick 80/80
  [..] 000250: cam.listen (skip 20 stale frames)
  [OK] 000250.png  (Town03, CloudyNoon, sun=29°, dist=14m, lat=+0.0, hdg=-2°, npcs=45)
  [..] 000250: finally start
  [..] 000250: drain tick
  [..] 000250: destroy cam
  [..] 000250: destroy 45 npcs
  [..] 000250: destroy leader
  [..] 000250: destroy follower
  [..] 000250: post-cleanup tick
  [..] 000250: finally end
  [SKIP] 000251: no valid lane at shift=-1 from follower lane
  [..] 000251: spawn follower
  [..] 000251: spawn leader
  [..] 000251: spawn NPCs (near=15, scattered=30)
  [..] 000251: spawn camera
  [..] 000251: settle (no listener)
  [..] 000251: tick 10/80
  [..] 000251: tick 20/80
  [..] 000251: tick 30/80
  [..] 000251: tick 40/80
  [..] 000251: tick 50/80
  [..] 000251: tick 60/80
  [..] 000251: tick 70/80
  [..] 000251: tick 80/80
  [..] 000251: cam.listen (skip 20 stale frames)
  [OK] 000251.png  (Town03, ClearNoon, sun=52°, dist=14m, lat=-1.0, hdg=+1°, npcs=45)
  [..] 000251: finally start
  [..] 000251: drain tick
  [..] 000251: destroy cam
  [..] 000251: destroy 45 npcs
  [..] 000251: destroy leader
  [..] 000251: destroy follower
  [..] 000251: post-cleanup tick
  [..] 000251: finally end
  [SKIP] 000252: no valid lane at shift=+1 from follower lane
  [..] 000252: spawn follower
  [..] 000252: spawn leader
  [..] 000252: spawn NPCs (near=15, scattered=30)
  [..] 000252: spawn camera
  [..] 000252: settle (no listener)
  [..] 000252: tick 10/80
  [..] 000252: tick 20/80
  [..] 000252: tick 30/80
  [..] 000252: tick 40/80
  [..] 000252: tick 50/80
  [..] 000252: tick 60/80
  [..] 000252: tick 70/80
  [..] 000252: tick 80/80
  [..] 000252: cam.listen (skip 20 stale frames)
  [OK] 000252.png  (Town03, WetNoon, sun=70°, dist=12m, lat=+0.0, hdg=+0°, npcs=45)
  [..] 000252: finally start
  [..] 000252: drain tick
  [..] 000252: destroy cam
  [..] 000252: destroy 45 npcs
  [..] 000252: destroy leader
  [..] 000252: destroy follower
  [..] 000252: post-cleanup tick
  [..] 000252: finally end
  [SKIP] 000253: no valid lane at shift=-1 from follower lane
  [SKIP] 000253: no valid lane at shift=-1 from follower lane
  [..] 000253: spawn follower
  [..] 000253: spawn leader
  [..] 000253: spawn NPCs (near=15, scattered=30)
  [..] 000253: spawn camera
  [..] 000253: settle (no listener)
  [..] 000253: tick 10/80
  [..] 000253: tick 20/80
  [..] 000253: tick 30/80
  [..] 000253: tick 40/80
  [..] 000253: tick 50/80
  [..] 000253: tick 60/80
  [..] 000253: tick 70/80
  [..] 000253: tick 80/80
  [..] 000253: cam.listen (skip 20 stale frames)
  [OK] 000253.png  (Town03, CloudyNoon, sun=38°, dist=11m, lat=+0.0, hdg=+1°, npcs=45)
  [..] 000253: finally start
  [..] 000253: drain tick
  [..] 000253: destroy cam
  [..] 000253: destroy 45 npcs
  [..] 000253: destroy leader
  [..] 000253: destroy follower
  [..] 000253: post-cleanup tick
  [..] 000253: finally end
  [..] 000254: spawn follower
  [..] 000254: spawn leader
  [..] 000254: spawn NPCs (near=15, scattered=30)
  [..] 000254: spawn camera
  [..] 000254: settle (no listener)
  [..] 000254: tick 10/80
  [..] 000254: tick 20/80
  [..] 000254: tick 30/80
  [..] 000254: tick 40/80
  [..] 000254: tick 50/80
  [..] 000254: tick 60/80
  [..] 000254: tick 70/80
  [..] 000254: tick 80/80
  [..] 000254: cam.listen (skip 20 stale frames)
  [OK] 000254.png  (Town03, ClearNoon, sun=48°, dist=13m, lat=+0.0, hdg=+1°, npcs=45)
  [..] 000254: finally start
  [..] 000254: drain tick
  [..] 000254: destroy cam
  [..] 000254: destroy 45 npcs
  [..] 000254: destroy leader
  [..] 000254: destroy follower
  [..] 000254: post-cleanup tick
  [..] 000254: finally end
  [SKIP] 000255: no valid lane at shift=+1 from follower lane
  [..] 000255: spawn follower
  [..] 000255: spawn leader
  [..] 000255: spawn NPCs (near=15, scattered=30)
  [..] 000255: spawn camera
  [..] 000255: settle (no listener)
  [..] 000255: tick 10/80
  [..] 000255: tick 20/80
  [..] 000255: tick 30/80
  [..] 000255: tick 40/80
  [..] 000255: tick 50/80
  [..] 000255: tick 60/80
  [..] 000255: tick 70/80
  [..] 000255: tick 80/80
  [..] 000255: cam.listen (skip 20 stale frames)
  [OK] 000255.png  (Town03, WetNoon, sun=37°, dist=10m, lat=+1.0, hdg=-4°, npcs=45)
  [..] 000255: finally start
  [..] 000255: drain tick
  [..] 000255: destroy cam
  [..] 000255: destroy 45 npcs
  [..] 000255: destroy leader
  [..] 000255: destroy follower
  [..] 000255: post-cleanup tick
  [..] 000255: finally end
  [SKIP] 000256: no valid lane at shift=-1 from follower lane
  [SKIP] 000256: no valid lane at shift=+1 from follower lane
  [SKIP] 000256: no valid lane at shift=+1 from follower lane
  [..] 000256: spawn follower
  [..] 000256: spawn leader
  [..] 000256: spawn NPCs (near=15, scattered=30)
  [..] 000256: spawn camera
  [..] 000256: settle (no listener)
  [..] 000256: tick 10/80
  [..] 000256: tick 20/80
  [..] 000256: tick 30/80
  [..] 000256: tick 40/80
  [..] 000256: tick 50/80
  [..] 000256: tick 60/80
  [..] 000256: tick 70/80
  [..] 000256: tick 80/80
  [..] 000256: cam.listen (skip 20 stale frames)
  [OK] 000256.png  (Town03, MidRainyNoon, sun=30°, dist=17m, lat=+1.0, hdg=+0°, npcs=45)
  [..] 000256: finally start
  [..] 000256: drain tick
  [..] 000256: destroy cam
  [..] 000256: destroy 45 npcs
  [..] 000256: destroy leader
  [..] 000256: destroy follower
  [..] 000256: post-cleanup tick
  [..] 000256: finally end
  [..] 000257: spawn follower
  [..] 000257: spawn leader
  [..] 000257: spawn NPCs (near=15, scattered=30)
  [..] 000257: spawn camera
  [..] 000257: settle (no listener)
  [..] 000257: tick 10/80
  [..] 000257: tick 20/80
  [..] 000257: tick 30/80
  [..] 000257: tick 40/80
  [..] 000257: tick 50/80
  [..] 000257: tick 60/80
  [..] 000257: tick 70/80
  [..] 000257: tick 80/80
  [..] 000257: cam.listen (skip 20 stale frames)
  [OK] 000257.png  (Town03, MidRainyNoon, sun=31°, dist=18m, lat=+0.0, hdg=+4°, npcs=45)
  [..] 000257: finally start
  [..] 000257: drain tick
  [..] 000257: destroy cam
  [..] 000257: destroy 45 npcs
  [..] 000257: destroy leader
  [..] 000257: destroy follower
  [..] 000257: post-cleanup tick
  [..] 000257: finally end
  [..] 000258: spawn follower
  [..] 000258: spawn leader
  [..] 000258: spawn NPCs (near=15, scattered=30)
  [..] 000258: spawn camera
  [..] 000258: settle (no listener)
  [..] 000258: tick 10/80
  [..] 000258: tick 20/80
  [..] 000258: tick 30/80
  [..] 000258: tick 40/80
  [..] 000258: tick 50/80
  [..] 000258: tick 60/80
  [..] 000258: tick 70/80
  [..] 000258: tick 80/80
  [..] 000258: cam.listen (skip 20 stale frames)
  [OK] 000258.png  (Town03, MidRainyNoon, sun=62°, dist=9m, lat=+1.0, hdg=+4°, npcs=45)
  [..] 000258: finally start
  [..] 000258: drain tick
  [..] 000258: destroy cam
  [..] 000258: destroy 45 npcs
  [..] 000258: destroy leader
  [..] 000258: destroy follower
  [..] 000258: post-cleanup tick
  [..] 000258: finally end
  [SKIP] 000259: no valid lane at shift=-1 from follower lane
  [..] 000259: spawn follower
  [..] 000259: spawn leader
  [..] 000259: spawn NPCs (near=15, scattered=30)
  [..] 000259: spawn camera
  [..] 000259: settle (no listener)
  [..] 000259: tick 10/80
  [..] 000259: tick 20/80
  [..] 000259: tick 30/80
  [..] 000259: tick 40/80
  [..] 000259: tick 50/80
  [..] 000259: tick 60/80
  [..] 000259: tick 70/80
  [..] 000259: tick 80/80
  [..] 000259: cam.listen (skip 20 stale frames)
  [OK] 000259.png  (Town03, WetNoon, sun=26°, dist=15m, lat=+0.0, hdg=-3°, npcs=45)
  [..] 000259: finally start
  [..] 000259: drain tick
  [..] 000259: destroy cam
  [..] 000259: destroy 45 npcs
  [..] 000259: destroy leader
  [..] 000259: destroy follower
  [..] 000259: post-cleanup tick
  [..] 000259: finally end
  [..] 000260: spawn follower
  [..] 000260: spawn leader
  [..] 000260: spawn NPCs (near=15, scattered=30)
  [..] 000260: spawn camera
  [..] 000260: settle (no listener)
  [..] 000260: tick 10/80
  [..] 000260: tick 20/80
  [..] 000260: tick 30/80
  [..] 000260: tick 40/80
  [..] 000260: tick 50/80
  [..] 000260: tick 60/80
  [..] 000260: tick 70/80
  [..] 000260: tick 80/80
  [..] 000260: cam.listen (skip 20 stale frames)
  [OK] 000260.png  (Town03, CloudyNoon, sun=44°, dist=14m, lat=+0.0, hdg=+4°, npcs=45)
  [..] 000260: finally start
  [..] 000260: drain tick
  [..] 000260: destroy cam
  [..] 000260: destroy 45 npcs
  [..] 000260: destroy leader
  [..] 000260: destroy follower
  [..] 000260: post-cleanup tick
  [..] 000260: finally end
  [SKIP] 000261: no valid lane at shift=-1 from follower lane
  [..] 000261: spawn follower
  [..] 000261: spawn leader
  [..] 000261: spawn NPCs (near=15, scattered=30)
  [..] 000261: spawn camera
  [..] 000261: settle (no listener)
  [..] 000261: tick 10/80
  [..] 000261: tick 20/80
  [..] 000261: tick 30/80
  [..] 000261: tick 40/80
  [..] 000261: tick 50/80
  [..] 000261: tick 60/80
  [..] 000261: tick 70/80
  [..] 000261: tick 80/80
  [..] 000261: cam.listen (skip 20 stale frames)
  [OK] 000261.png  (Town03, ClearNoon, sun=64°, dist=7m, lat=+0.0, hdg=+5°, npcs=45)
  [..] 000261: finally start
  [..] 000261: drain tick
  [..] 000261: destroy cam
  [..] 000261: destroy 45 npcs
  [..] 000261: destroy leader
  [..] 000261: destroy follower
  [..] 000261: post-cleanup tick
  [..] 000261: finally end
  [..] 000262: spawn follower
  [..] 000262: spawn leader
  [..] 000262: spawn NPCs (near=15, scattered=30)
  [..] 000262: spawn camera
  [..] 000262: settle (no listener)
  [..] 000262: tick 10/80
  [..] 000262: tick 20/80
  [..] 000262: tick 30/80
  [..] 000262: tick 40/80
  [..] 000262: tick 50/80
  [..] 000262: tick 60/80
  [..] 000262: tick 70/80
  [..] 000262: tick 80/80
  [..] 000262: cam.listen (skip 20 stale frames)
  [OK] 000262.png  (Town03, ClearNoon, sun=57°, dist=12m, lat=+0.0, hdg=-5°, npcs=45)
  [..] 000262: finally start
  [..] 000262: drain tick
  [..] 000262: destroy cam
  [..] 000262: destroy 45 npcs
  [..] 000262: destroy leader
  [..] 000262: destroy follower
  [..] 000262: post-cleanup tick
  [..] 000262: finally end
  [..] 000263: spawn follower
  [..] 000263: spawn leader
  [..] 000263: spawn NPCs (near=15, scattered=30)
  [..] 000263: spawn camera
  [..] 000263: settle (no listener)
  [..] 000263: tick 10/80
  [..] 000263: tick 20/80
  [..] 000263: tick 30/80
  [..] 000263: tick 40/80
  [..] 000263: tick 50/80
  [..] 000263: tick 60/80
  [..] 000263: tick 70/80
  [..] 000263: tick 80/80
  [..] 000263: cam.listen (skip 20 stale frames)
  [OK] 000263.png  (Town03, MidRainyNoon, sun=29°, dist=15m, lat=-1.0, hdg=-4°, npcs=45)
  [..] 000263: finally start
  [..] 000263: drain tick
  [..] 000263: destroy cam
  [..] 000263: destroy 45 npcs
  [..] 000263: destroy leader
  [..] 000263: destroy follower
  [..] 000263: post-cleanup tick
  [..] 000263: finally end
  [..] 000264: spawn follower
  [..] 000264: spawn leader
  [..] 000264: spawn NPCs (near=15, scattered=30)
  [..] 000264: spawn camera
  [..] 000264: settle (no listener)
  [..] 000264: tick 10/80
  [..] 000264: tick 20/80
  [..] 000264: tick 30/80
  [..] 000264: tick 40/80
  [..] 000264: tick 50/80
  [..] 000264: tick 60/80
  [..] 000264: tick 70/80
  [..] 000264: tick 80/80
  [..] 000264: cam.listen (skip 20 stale frames)
  [OK] 000264.png  (Town03, MidRainyNoon, sun=30°, dist=15m, lat=+0.0, hdg=-4°, npcs=45)
  [..] 000264: finally start
  [..] 000264: drain tick
  [..] 000264: destroy cam
  [..] 000264: destroy 45 npcs
  [..] 000264: destroy leader
  [..] 000264: destroy follower
  [..] 000264: post-cleanup tick
  [..] 000264: finally end
  [..] 000265: spawn follower
  [..] 000265: spawn leader
  [..] 000265: spawn NPCs (near=15, scattered=30)
  [..] 000265: spawn camera
  [..] 000265: settle (no listener)
  [..] 000265: tick 10/80
  [..] 000265: tick 20/80
  [..] 000265: tick 30/80
  [..] 000265: tick 40/80
  [..] 000265: tick 50/80
  [..] 000265: tick 60/80
  [..] 000265: tick 70/80
  [..] 000265: tick 80/80
  [..] 000265: cam.listen (skip 20 stale frames)
  [OK] 000265.png  (Town03, WetNoon, sun=59°, dist=17m, lat=+0.0, hdg=-5°, npcs=45)
  [..] 000265: finally start
  [..] 000265: drain tick
  [..] 000265: destroy cam
  [..] 000265: destroy 45 npcs
  [..] 000265: destroy leader
  [..] 000265: destroy follower
  [..] 000265: post-cleanup tick
  [..] 000265: finally end
  [..] 000266: spawn follower
  [..] 000266: spawn leader
  [..] 000266: spawn NPCs (near=15, scattered=30)
  [..] 000266: spawn camera
  [..] 000266: settle (no listener)
  [..] 000266: tick 10/80
  [..] 000266: tick 20/80
  [..] 000266: tick 30/80
  [..] 000266: tick 40/80
  [..] 000266: tick 50/80
  [..] 000266: tick 60/80
  [..] 000266: tick 70/80
  [..] 000266: tick 80/80
  [..] 000266: cam.listen (skip 20 stale frames)
  [OK] 000266.png  (Town03, WetNoon, sun=38°, dist=10m, lat=+1.0, hdg=+1°, npcs=45)
  [..] 000266: finally start
  [..] 000266: drain tick
  [..] 000266: destroy cam
  [..] 000266: destroy 45 npcs
  [..] 000266: destroy leader
  [..] 000266: destroy follower
  [..] 000266: post-cleanup tick
  [..] 000266: finally end
  [SKIP] 000267: no valid lane at shift=-1 from follower lane
  [..] 000267: spawn follower
  [..] 000267: spawn leader
  [..] 000267: spawn NPCs (near=15, scattered=30)
  [..] 000267: spawn camera
  [..] 000267: settle (no listener)
  [..] 000267: tick 10/80
  [..] 000267: tick 20/80
  [..] 000267: tick 30/80
  [..] 000267: tick 40/80
  [..] 000267: tick 50/80
  [..] 000267: tick 60/80
  [..] 000267: tick 70/80
  [..] 000267: tick 80/80
  [..] 000267: cam.listen (skip 20 stale frames)
  [OK] 000267.png  (Town03, MidRainyNoon, sun=68°, dist=7m, lat=+0.0, hdg=+3°, npcs=45)
  [..] 000267: finally start
  [..] 000267: drain tick
  [..] 000267: destroy cam
  [..] 000267: destroy 45 npcs
  [..] 000267: destroy leader
  [..] 000267: destroy follower
  [..] 000267: post-cleanup tick
  [..] 000267: finally end
  [..] 000268: spawn follower
  [..] 000268: spawn leader
  [..] 000268: spawn NPCs (near=15, scattered=30)
  [..] 000268: spawn camera
  [..] 000268: settle (no listener)
  [..] 000268: tick 10/80
  [..] 000268: tick 20/80
  [..] 000268: tick 30/80
  [..] 000268: tick 40/80
  [..] 000268: tick 50/80
  [..] 000268: tick 60/80
  [..] 000268: tick 70/80
  [..] 000268: tick 80/80
  [..] 000268: cam.listen (skip 20 stale frames)
  [OK] 000268.png  (Town03, CloudyNoon, sun=45°, dist=10m, lat=+1.0, hdg=-2°, npcs=45)
  [..] 000268: finally start
  [..] 000268: drain tick
  [..] 000268: destroy cam
  [..] 000268: destroy 45 npcs
  [..] 000268: destroy leader
  [..] 000268: destroy follower
  [..] 000268: post-cleanup tick
  [..] 000268: finally end
  [..] 000269: spawn follower
  [..] 000269: spawn leader
  [..] 000269: spawn NPCs (near=15, scattered=30)
  [..] 000269: spawn camera
  [..] 000269: settle (no listener)
  [..] 000269: tick 10/80
  [..] 000269: tick 20/80
  [..] 000269: tick 30/80
  [..] 000269: tick 40/80
  [..] 000269: tick 50/80
  [..] 000269: tick 60/80
  [..] 000269: tick 70/80
  [..] 000269: tick 80/80
  [..] 000269: cam.listen (skip 20 stale frames)
  [OK] 000269.png  (Town03, WetNoon, sun=42°, dist=11m, lat=+1.0, hdg=+4°, npcs=45)
  [..] 000269: finally start
  [..] 000269: drain tick
  [..] 000269: destroy cam
  [..] 000269: destroy 45 npcs
  [..] 000269: destroy leader
  [..] 000269: destroy follower
  [..] 000269: post-cleanup tick
  [..] 000269: finally end
  [..] 000270: spawn follower
  [..] 000270: spawn leader
  [..] 000270: spawn NPCs (near=15, scattered=30)
  [..] 000270: spawn camera
  [..] 000270: settle (no listener)
  [..] 000270: tick 10/80
  [..] 000270: tick 20/80
  [..] 000270: tick 30/80
  [..] 000270: tick 40/80
  [..] 000270: tick 50/80
  [..] 000270: tick 60/80
  [..] 000270: tick 70/80
  [..] 000270: tick 80/80
  [..] 000270: cam.listen (skip 20 stale frames)
  [OK] 000270.png  (Town03, WetNoon, sun=35°, dist=7m, lat=+0.0, hdg=+4°, npcs=45)
  [..] 000270: finally start
  [..] 000270: drain tick
  [..] 000270: destroy cam
  [..] 000270: destroy 45 npcs
  [..] 000270: destroy leader
  [..] 000270: destroy follower
  [..] 000270: post-cleanup tick
  [..] 000270: finally end
  [..] 000271: spawn follower
  [..] 000271: spawn leader
  [..] 000271: spawn NPCs (near=15, scattered=30)
  [..] 000271: spawn camera
  [..] 000271: settle (no listener)
  [..] 000271: tick 10/80
  [..] 000271: tick 20/80
  [..] 000271: tick 30/80
  [..] 000271: tick 40/80
  [..] 000271: tick 50/80
  [..] 000271: tick 60/80
  [..] 000271: tick 70/80
  [..] 000271: tick 80/80
  [..] 000271: cam.listen (skip 20 stale frames)
  [OK] 000271.png  (Town03, WetNoon, sun=55°, dist=10m, lat=+0.0, hdg=-1°, npcs=45)
  [..] 000271: finally start
  [..] 000271: drain tick
  [..] 000271: destroy cam
  [..] 000271: destroy 45 npcs
  [..] 000271: destroy leader
  [..] 000271: destroy follower
  [..] 000271: post-cleanup tick
  [..] 000271: finally end
  [..] 000272: spawn follower
  [..] 000272: spawn leader
  [..] 000272: spawn NPCs (near=15, scattered=30)
  [..] 000272: spawn camera
  [..] 000272: settle (no listener)
  [..] 000272: tick 10/80
  [..] 000272: tick 20/80
  [..] 000272: tick 30/80
  [..] 000272: tick 40/80
  [..] 000272: tick 50/80
  [..] 000272: tick 60/80
  [..] 000272: tick 70/80
  [..] 000272: tick 80/80
  [..] 000272: cam.listen (skip 20 stale frames)
  [OK] 000272.png  (Town03, ClearNoon, sun=66°, dist=13m, lat=+1.0, hdg=-2°, npcs=45)
  [..] 000272: finally start
  [..] 000272: drain tick
  [..] 000272: destroy cam
  [..] 000272: destroy 45 npcs
  [..] 000272: destroy leader
  [..] 000272: destroy follower
  [..] 000272: post-cleanup tick
  [..] 000272: finally end
  [..] 000273: spawn follower
  [..] 000273: spawn leader
  [..] 000273: spawn NPCs (near=15, scattered=30)
  [..] 000273: spawn camera
  [..] 000273: settle (no listener)
  [..] 000273: tick 10/80
  [..] 000273: tick 20/80
  [..] 000273: tick 30/80
  [..] 000273: tick 40/80
  [..] 000273: tick 50/80
  [..] 000273: tick 60/80
  [..] 000273: tick 70/80
  [..] 000273: tick 80/80
  [..] 000273: cam.listen (skip 20 stale frames)
  [OK] 000273.png  (Town03, ClearNoon, sun=54°, dist=9m, lat=+1.0, hdg=+2°, npcs=45)
  [..] 000273: finally start
  [..] 000273: drain tick
  [..] 000273: destroy cam
  [..] 000273: destroy 45 npcs
  [..] 000273: destroy leader
  [..] 000273: destroy follower
  [..] 000273: post-cleanup tick
  [..] 000273: finally end
  [SKIP] 000274: no valid lane at shift=-1 from follower lane
  [..] 000274: spawn follower
  [..] 000274: spawn leader
  [..] 000274: spawn NPCs (near=15, scattered=30)
  [..] 000274: spawn camera
  [..] 000274: settle (no listener)
  [..] 000274: tick 10/80
  [..] 000274: tick 20/80
  [..] 000274: tick 30/80
  [..] 000274: tick 40/80
  [..] 000274: tick 50/80
  [..] 000274: tick 60/80
  [..] 000274: tick 70/80
  [..] 000274: tick 80/80
  [..] 000274: cam.listen (skip 20 stale frames)
  [OK] 000274.png  (Town03, WetNoon, sun=39°, dist=7m, lat=+0.0, hdg=+1°, npcs=45)
  [..] 000274: finally start
  [..] 000274: drain tick
  [..] 000274: destroy cam
  [..] 000274: destroy 45 npcs
  [..] 000274: destroy leader
  [..] 000274: destroy follower
  [..] 000274: post-cleanup tick
  [..] 000274: finally end
  [SKIP] 000275: no valid lane at shift=+1 from follower lane
  [SKIP] 000275: no valid lane at shift=+1 from follower lane
  [..] 000275: spawn follower
  [..] 000275: spawn leader
  [..] 000275: spawn NPCs (near=15, scattered=30)
  [..] 000275: spawn camera
  [..] 000275: settle (no listener)
  [..] 000275: tick 10/80
  [..] 000275: tick 20/80
  [..] 000275: tick 30/80
  [..] 000275: tick 40/80
  [..] 000275: tick 50/80
  [..] 000275: tick 60/80
  [..] 000275: tick 70/80
  [..] 000275: tick 80/80
  [..] 000275: cam.listen (skip 20 stale frames)
  [OK] 000275.png  (Town03, ClearNoon, sun=59°, dist=8m, lat=+0.0, hdg=+0°, npcs=45)
  [..] 000275: finally start
  [..] 000275: drain tick
  [..] 000275: destroy cam
  [..] 000275: destroy 45 npcs
  [..] 000275: destroy leader
  [..] 000275: destroy follower
  [..] 000275: post-cleanup tick
  [..] 000275: finally end
  [..] 000276: spawn follower
  [..] 000276: spawn leader
  [..] 000276: spawn NPCs (near=15, scattered=30)
  [..] 000276: spawn camera
  [..] 000276: settle (no listener)
  [..] 000276: tick 10/80
  [..] 000276: tick 20/80
  [..] 000276: tick 30/80
  [..] 000276: tick 40/80
  [..] 000276: tick 50/80
  [..] 000276: tick 60/80
  [..] 000276: tick 70/80
  [..] 000276: tick 80/80
  [..] 000276: cam.listen (skip 20 stale frames)
  [OK] 000276.png  (Town03, MidRainyNoon, sun=49°, dist=16m, lat=+0.0, hdg=-4°, npcs=45)
  [..] 000276: finally start
  [..] 000276: drain tick
  [..] 000276: destroy cam
  [..] 000276: destroy 45 npcs
  [..] 000276: destroy leader
  [..] 000276: destroy follower
  [..] 000276: post-cleanup tick
  [..] 000276: finally end
  [SKIP] 000277: no valid lane at shift=+1 from follower lane
  [..] 000277: spawn follower
  [..] 000277: spawn leader
  [..] 000277: spawn NPCs (near=15, scattered=30)
  [..] 000277: spawn camera
  [..] 000277: settle (no listener)
  [..] 000277: tick 10/80
  [..] 000277: tick 20/80
  [..] 000277: tick 30/80
  [..] 000277: tick 40/80
  [..] 000277: tick 50/80
  [..] 000277: tick 60/80
  [..] 000277: tick 70/80
  [..] 000277: tick 80/80
  [..] 000277: cam.listen (skip 20 stale frames)
  [OK] 000277.png  (Town03, ClearNoon, sun=65°, dist=8m, lat=-1.0, hdg=+2°, npcs=45)
  [..] 000277: finally start
  [..] 000277: drain tick
  [..] 000277: destroy cam
  [..] 000277: destroy 45 npcs
  [..] 000277: destroy leader
  [..] 000277: destroy follower
  [..] 000277: post-cleanup tick
  [..] 000277: finally end
  [SKIP] 000278: no valid lane at shift=-1 from follower lane
  [..] 000278: spawn follower
  [..] 000278: spawn leader
  [..] 000278: spawn NPCs (near=15, scattered=30)
  [..] 000278: spawn camera
  [..] 000278: settle (no listener)
  [..] 000278: tick 10/80
  [..] 000278: tick 20/80
  [..] 000278: tick 30/80
  [..] 000278: tick 40/80
  [..] 000278: tick 50/80
  [..] 000278: tick 60/80
  [..] 000278: tick 70/80
  [..] 000278: tick 80/80
  [..] 000278: cam.listen (skip 20 stale frames)
  [OK] 000278.png  (Town03, ClearNoon, sun=41°, dist=7m, lat=-1.0, hdg=+4°, npcs=45)
  [..] 000278: finally start
  [..] 000278: drain tick
  [..] 000278: destroy cam
  [..] 000278: destroy 45 npcs
  [..] 000278: destroy leader
  [..] 000278: destroy follower
  [..] 000278: post-cleanup tick
  [..] 000278: finally end
  [..] 000279: spawn follower
  [..] 000279: spawn leader
  [..] 000279: spawn NPCs (near=15, scattered=30)
  [..] 000279: spawn camera
  [..] 000279: settle (no listener)
  [..] 000279: tick 10/80
  [..] 000279: tick 20/80
  [..] 000279: tick 30/80
  [..] 000279: tick 40/80
  [..] 000279: tick 50/80
  [..] 000279: tick 60/80
  [..] 000279: tick 70/80
  [..] 000279: tick 80/80
  [..] 000279: cam.listen (skip 20 stale frames)
  [OK] 000279.png  (Town03, WetNoon, sun=36°, dist=14m, lat=+1.0, hdg=-2°, npcs=45)
  [..] 000279: finally start
  [..] 000279: drain tick
  [..] 000279: destroy cam
  [..] 000279: destroy 45 npcs
  [..] 000279: destroy leader
  [..] 000279: destroy follower
  [..] 000279: post-cleanup tick
  [..] 000279: finally end
  [..] 000280: spawn follower
  [..] 000280: spawn leader
  [..] 000280: spawn NPCs (near=15, scattered=30)
  [..] 000280: spawn camera
  [..] 000280: settle (no listener)
  [..] 000280: tick 10/80
  [..] 000280: tick 20/80
  [..] 000280: tick 30/80
  [..] 000280: tick 40/80
  [..] 000280: tick 50/80
  [..] 000280: tick 60/80
  [..] 000280: tick 70/80
  [..] 000280: tick 80/80
  [..] 000280: cam.listen (skip 20 stale frames)
  [OK] 000280.png  (Town03, CloudyNoon, sun=48°, dist=7m, lat=+1.0, hdg=-3°, npcs=45)
  [..] 000280: finally start
  [..] 000280: drain tick
  [..] 000280: destroy cam
  [..] 000280: destroy 45 npcs
  [..] 000280: destroy leader
  [..] 000280: destroy follower
  [..] 000280: post-cleanup tick
  [..] 000280: finally end
  [SKIP] 000281: no valid lane at shift=+1 from follower lane
  [SKIP] 000281: no valid lane at shift=+1 from follower lane
  [..] 000281: spawn follower
  [..] 000281: spawn leader
  [..] 000281: spawn NPCs (near=15, scattered=30)
  [..] 000281: spawn camera
  [..] 000281: settle (no listener)
  [..] 000281: tick 10/80
  [..] 000281: tick 20/80
  [..] 000281: tick 30/80
  [..] 000281: tick 40/80
  [..] 000281: tick 50/80
  [..] 000281: tick 60/80
  [..] 000281: tick 70/80
  [..] 000281: tick 80/80
  [..] 000281: cam.listen (skip 20 stale frames)
  [OK] 000281.png  (Town03, WetNoon, sun=39°, dist=15m, lat=-1.0, hdg=-5°, npcs=45)
  [..] 000281: finally start
  [..] 000281: drain tick
  [..] 000281: destroy cam
  [..] 000281: destroy 45 npcs
  [..] 000281: destroy leader
  [..] 000281: destroy follower
  [..] 000281: post-cleanup tick
  [..] 000281: finally end
  [..] 000282: spawn follower
  [..] 000282: spawn leader
  [..] 000282: spawn NPCs (near=15, scattered=30)
  [..] 000282: spawn camera
  [..] 000282: settle (no listener)
  [..] 000282: tick 10/80
  [..] 000282: tick 20/80
  [..] 000282: tick 30/80
  [..] 000282: tick 40/80
  [..] 000282: tick 50/80
  [..] 000282: tick 60/80
  [..] 000282: tick 70/80
  [..] 000282: tick 80/80
  [..] 000282: cam.listen (skip 20 stale frames)
  [OK] 000282.png  (Town03, WetNoon, sun=58°, dist=13m, lat=+0.0, hdg=+1°, npcs=45)
  [..] 000282: finally start
  [..] 000282: drain tick
  [..] 000282: destroy cam
  [..] 000282: destroy 45 npcs
  [..] 000282: destroy leader
  [..] 000282: destroy follower
  [..] 000282: post-cleanup tick
  [..] 000282: finally end
  [SKIP] 000283: no valid lane at shift=+1 from follower lane
  [..] 000283: spawn follower
  [..] 000283: spawn leader
  [..] 000283: spawn NPCs (near=15, scattered=30)
  [..] 000283: spawn camera
  [..] 000283: settle (no listener)
  [..] 000283: tick 10/80
  [..] 000283: tick 20/80
  [..] 000283: tick 30/80
  [..] 000283: tick 40/80
  [..] 000283: tick 50/80
  [..] 000283: tick 60/80
  [..] 000283: tick 70/80
  [..] 000283: tick 80/80
  [..] 000283: cam.listen (skip 20 stale frames)
  [OK] 000283.png  (Town03, ClearNoon, sun=41°, dist=11m, lat=-1.0, hdg=+0°, npcs=45)
  [..] 000283: finally start
  [..] 000283: drain tick
  [..] 000283: destroy cam
  [..] 000283: destroy 45 npcs
  [..] 000283: destroy leader
  [..] 000283: destroy follower
  [..] 000283: post-cleanup tick
  [..] 000283: finally end
  [..] 000284: spawn follower
  [..] 000284: spawn leader
  [..] 000284: spawn NPCs (near=15, scattered=30)
  [..] 000284: spawn camera
  [..] 000284: settle (no listener)
  [..] 000284: tick 10/80
  [..] 000284: tick 20/80
  [..] 000284: tick 30/80
  [..] 000284: tick 40/80
  [..] 000284: tick 50/80
  [..] 000284: tick 60/80
  [..] 000284: tick 70/80
  [..] 000284: tick 80/80
  [..] 000284: cam.listen (skip 20 stale frames)
  [OK] 000284.png  (Town03, MidRainyNoon, sun=54°, dist=15m, lat=+0.0, hdg=-2°, npcs=45)
  [..] 000284: finally start
  [..] 000284: drain tick
  [..] 000284: destroy cam
  [..] 000284: destroy 45 npcs
  [..] 000284: destroy leader
  [..] 000284: destroy follower
  [..] 000284: post-cleanup tick
  [..] 000284: finally end
  [SKIP] 000285: no valid lane at shift=+1 from follower lane
  [SKIP] 000285: no valid lane at shift=+1 from follower lane
  [SKIP] 000285: no valid lane at shift=-1 from follower lane
  [SKIP] 000285: no valid lane at shift=+1 from follower lane
  [SKIP] 000285: no valid lane at shift=-1 from follower lane
  [SKIP] 000285: no valid lane at shift=-1 from follower lane
  [SKIP] 000285: no valid lane at shift=-1 from follower lane
  [SKIP] 000285: no valid lane at shift=+1 from follower lane
  [SKIP] 000285: no valid lane at shift=+1 from follower lane
  [..] 000285: spawn follower
  [..] 000285: spawn leader
  [..] 000285: spawn NPCs (near=15, scattered=30)
  [..] 000285: spawn camera
  [..] 000285: settle (no listener)
  [..] 000285: tick 10/80
  [..] 000285: tick 20/80
  [..] 000285: tick 30/80
  [..] 000285: tick 40/80
  [..] 000285: tick 50/80
  [..] 000285: tick 60/80
  [..] 000285: tick 70/80
  [..] 000285: tick 80/80
  [..] 000285: cam.listen (skip 20 stale frames)
  [OK] 000285.png  (Town03, WetNoon, sun=42°, dist=12m, lat=+0.0, hdg=-2°, npcs=45)
  [..] 000285: finally start
  [..] 000285: drain tick
  [..] 000285: destroy cam
  [..] 000285: destroy 45 npcs
  [..] 000285: destroy leader
  [..] 000285: destroy follower
  [..] 000285: post-cleanup tick
  [..] 000285: finally end
  [SKIP] 000286: no valid lane at shift=-1 from follower lane
  [..] 000286: spawn follower
  [..] 000286: spawn leader
  [..] 000286: spawn NPCs (near=15, scattered=30)
  [..] 000286: spawn camera
  [..] 000286: settle (no listener)
  [..] 000286: tick 10/80
  [..] 000286: tick 20/80
  [..] 000286: tick 30/80
  [..] 000286: tick 40/80
  [..] 000286: tick 50/80
  [..] 000286: tick 60/80
  [..] 000286: tick 70/80
  [..] 000286: tick 80/80
  [..] 000286: cam.listen (skip 20 stale frames)
  [OK] 000286.png  (Town03, ClearNoon, sun=26°, dist=12m, lat=+0.0, hdg=-3°, npcs=45)
  [..] 000286: finally start
  [..] 000286: drain tick
  [..] 000286: destroy cam
  [..] 000286: destroy 45 npcs
  [..] 000286: destroy leader
  [..] 000286: destroy follower
  [..] 000286: post-cleanup tick
  [..] 000286: finally end
  [..] 000287: spawn follower
  [..] 000287: spawn leader
  [..] 000287: spawn NPCs (near=15, scattered=30)
  [..] 000287: spawn camera
  [..] 000287: settle (no listener)
  [..] 000287: tick 10/80
  [..] 000287: tick 20/80
  [..] 000287: tick 30/80
  [..] 000287: tick 40/80
  [..] 000287: tick 50/80
  [..] 000287: tick 60/80
  [..] 000287: tick 70/80
  [..] 000287: tick 80/80
  [..] 000287: cam.listen (skip 20 stale frames)
  [OK] 000287.png  (Town03, CloudyNoon, sun=50°, dist=14m, lat=+0.0, hdg=-4°, npcs=45)
  [..] 000287: finally start
  [..] 000287: drain tick
  [..] 000287: destroy cam
  [..] 000287: destroy 45 npcs
  [..] 000287: destroy leader
  [..] 000287: destroy follower
  [..] 000287: post-cleanup tick
  [..] 000287: finally end
  [SKIP] 000288: no valid lane at shift=-1 from follower lane
  [SKIP] 000288: no valid lane at shift=+1 from follower lane
  [SKIP] 000288: no valid lane at shift=-1 from follower lane
  [SKIP] 000288: no valid lane at shift=+1 from follower lane
  [..] 000288: spawn follower
  [..] 000288: spawn leader
  [..] 000288: spawn NPCs (near=15, scattered=30)
  [..] 000288: spawn camera
  [..] 000288: settle (no listener)
  [..] 000288: tick 10/80
  [..] 000288: tick 20/80
  [..] 000288: tick 30/80
  [..] 000288: tick 40/80
  [..] 000288: tick 50/80
  [..] 000288: tick 60/80
  [..] 000288: tick 70/80
  [..] 000288: tick 80/80
  [..] 000288: cam.listen (skip 20 stale frames)
  [OK] 000288.png  (Town03, CloudyNoon, sun=68°, dist=15m, lat=-1.0, hdg=-1°, npcs=45)
  [..] 000288: finally start
  [..] 000288: drain tick
  [..] 000288: destroy cam
  [..] 000288: destroy 45 npcs
  [..] 000288: destroy leader
  [..] 000288: destroy follower
  [..] 000288: post-cleanup tick
  [..] 000288: finally end
  [..] 000289: spawn follower
  [..] 000289: spawn leader
  [..] 000289: spawn NPCs (near=15, scattered=30)
  [..] 000289: spawn camera
  [..] 000289: settle (no listener)
  [..] 000289: tick 10/80
  [..] 000289: tick 20/80
  [..] 000289: tick 30/80
  [..] 000289: tick 40/80
  [..] 000289: tick 50/80
  [..] 000289: tick 60/80
  [..] 000289: tick 70/80
  [..] 000289: tick 80/80
  [..] 000289: cam.listen (skip 20 stale frames)
  [OK] 000289.png  (Town03, MidRainyNoon, sun=59°, dist=15m, lat=+0.0, hdg=+2°, npcs=45)
  [..] 000289: finally start
  [..] 000289: drain tick
  [..] 000289: destroy cam
  [..] 000289: destroy 45 npcs
  [..] 000289: destroy leader
  [..] 000289: destroy follower
  [..] 000289: post-cleanup tick
  [..] 000289: finally end
  [..] 000290: spawn follower
  [..] 000290: spawn leader
  [..] 000290: spawn NPCs (near=15, scattered=30)
  [..] 000290: spawn camera
  [..] 000290: settle (no listener)
  [..] 000290: tick 10/80
  [..] 000290: tick 20/80
  [..] 000290: tick 30/80
  [..] 000290: tick 40/80
  [..] 000290: tick 50/80
  [..] 000290: tick 60/80
  [..] 000290: tick 70/80
  [..] 000290: tick 80/80
  [..] 000290: cam.listen (skip 20 stale frames)
  [OK] 000290.png  (Town03, ClearNoon, sun=29°, dist=9m, lat=-1.0, hdg=+5°, npcs=45)
  [..] 000290: finally start
  [..] 000290: drain tick
  [..] 000290: destroy cam
  [..] 000290: destroy 45 npcs
  [..] 000290: destroy leader
  [..] 000290: destroy follower
  [..] 000290: post-cleanup tick
  [..] 000290: finally end
  [SKIP] 000291: no valid lane at shift=+1 from follower lane
  [SKIP] 000291: no valid lane at shift=-1 from follower lane
  [..] 000291: spawn follower
  [..] 000291: spawn leader
  [..] 000291: spawn NPCs (near=15, scattered=30)
  [..] 000291: spawn camera
  [..] 000291: settle (no listener)
  [..] 000291: tick 10/80
  [..] 000291: tick 20/80
  [..] 000291: tick 30/80
  [..] 000291: tick 40/80
  [..] 000291: tick 50/80
  [..] 000291: tick 60/80
  [..] 000291: tick 70/80
  [..] 000291: tick 80/80
  [..] 000291: cam.listen (skip 20 stale frames)
  [OK] 000291.png  (Town03, WetNoon, sun=51°, dist=15m, lat=-1.0, hdg=+1°, npcs=45)
  [..] 000291: finally start
  [..] 000291: drain tick
  [..] 000291: destroy cam
  [..] 000291: destroy 45 npcs
  [..] 000291: destroy leader
  [..] 000291: destroy follower
  [..] 000291: post-cleanup tick
  [..] 000291: finally end
  [..] 000292: spawn follower
  [..] 000292: spawn leader
  [..] 000292: spawn NPCs (near=15, scattered=30)
  [..] 000292: spawn camera
  [..] 000292: settle (no listener)
  [..] 000292: tick 10/80
  [..] 000292: tick 20/80
  [..] 000292: tick 30/80
  [..] 000292: tick 40/80
  [..] 000292: tick 50/80
  [..] 000292: tick 60/80
  [..] 000292: tick 70/80
  [..] 000292: tick 80/80
  [..] 000292: cam.listen (skip 20 stale frames)
  [OK] 000292.png  (Town03, MidRainyNoon, sun=56°, dist=8m, lat=+0.0, hdg=-0°, npcs=45)
  [..] 000292: finally start
  [..] 000292: drain tick
  [..] 000292: destroy cam
  [..] 000292: destroy 45 npcs
  [..] 000292: destroy leader
  [..] 000292: destroy follower
  [..] 000292: post-cleanup tick
  [..] 000292: finally end
  [SKIP] 000293: no valid lane at shift=+1 from follower lane
  [..] 000293: spawn follower
  [..] 000293: spawn leader
  [..] 000293: spawn NPCs (near=15, scattered=30)
  [..] 000293: spawn camera
  [..] 000293: settle (no listener)
  [..] 000293: tick 10/80
  [..] 000293: tick 20/80
  [..] 000293: tick 30/80
  [..] 000293: tick 40/80
  [..] 000293: tick 50/80
  [..] 000293: tick 60/80
  [..] 000293: tick 70/80
  [..] 000293: tick 80/80
  [..] 000293: cam.listen (skip 20 stale frames)
  [OK] 000293.png  (Town03, WetNoon, sun=59°, dist=12m, lat=+1.0, hdg=-0°, npcs=45)
  [..] 000293: finally start
  [..] 000293: drain tick
  [..] 000293: destroy cam
  [..] 000293: destroy 45 npcs
  [..] 000293: destroy leader
  [..] 000293: destroy follower
  [..] 000293: post-cleanup tick
  [..] 000293: finally end
  [SKIP] 000294: no valid lane at shift=+1 from follower lane
  [SKIP] 000294: no valid lane at shift=+1 from follower lane
  [..] 000294: spawn follower
  [..] 000294: spawn leader
  [..] 000294: spawn NPCs (near=15, scattered=30)
  [..] 000294: spawn camera
  [..] 000294: settle (no listener)
  [..] 000294: tick 10/80
  [..] 000294: tick 20/80
  [..] 000294: tick 30/80
  [..] 000294: tick 40/80
  [..] 000294: tick 50/80
  [..] 000294: tick 60/80
  [..] 000294: tick 70/80
  [..] 000294: tick 80/80
  [..] 000294: cam.listen (skip 20 stale frames)
  [OK] 000294.png  (Town03, CloudyNoon, sun=27°, dist=7m, lat=+0.0, hdg=+2°, npcs=45)
  [..] 000294: finally start
  [..] 000294: drain tick
  [..] 000294: destroy cam
  [..] 000294: destroy 45 npcs
  [..] 000294: destroy leader
  [..] 000294: destroy follower
  [..] 000294: post-cleanup tick
  [..] 000294: finally end
  [..] 000295: spawn follower
  [..] 000295: spawn leader
  [..] 000295: spawn NPCs (near=15, scattered=30)
  [..] 000295: spawn camera
  [..] 000295: settle (no listener)
  [..] 000295: tick 10/80
  [..] 000295: tick 20/80
  [..] 000295: tick 30/80
  [..] 000295: tick 40/80
  [..] 000295: tick 50/80
  [..] 000295: tick 60/80
  [..] 000295: tick 70/80
  [..] 000295: tick 80/80
  [..] 000295: cam.listen (skip 20 stale frames)
  [OK] 000295.png  (Town03, MidRainyNoon, sun=54°, dist=9m, lat=+0.0, hdg=-5°, npcs=45)
  [..] 000295: finally start
  [..] 000295: drain tick
  [..] 000295: destroy cam
  [..] 000295: destroy 45 npcs
  [..] 000295: destroy leader
  [..] 000295: destroy follower
  [..] 000295: post-cleanup tick
  [..] 000295: finally end
  [SKIP] 000296: no valid lane at shift=+1 from follower lane
  [SKIP] 000296: no valid lane at shift=+1 from follower lane
  [..] 000296: spawn follower
  [..] 000296: spawn leader
  [..] 000296: spawn NPCs (near=15, scattered=30)
  [..] 000296: spawn camera
  [..] 000296: settle (no listener)
  [..] 000296: tick 10/80
  [..] 000296: tick 20/80
  [..] 000296: tick 30/80
  [..] 000296: tick 40/80
  [..] 000296: tick 50/80
  [..] 000296: tick 60/80
  [..] 000296: tick 70/80
  [..] 000296: tick 80/80
  [..] 000296: cam.listen (skip 20 stale frames)
  [OK] 000296.png  (Town03, ClearNoon, sun=59°, dist=9m, lat=+1.0, hdg=+2°, npcs=45)
  [..] 000296: finally start
  [..] 000296: drain tick
  [..] 000296: destroy cam
  [..] 000296: destroy 45 npcs
  [..] 000296: destroy leader
  [..] 000296: destroy follower
  [..] 000296: post-cleanup tick
  [..] 000296: finally end
  [..] 000297: spawn follower
  [..] 000297: spawn leader
  [..] 000297: spawn NPCs (near=15, scattered=30)
  [..] 000297: spawn camera
  [..] 000297: settle (no listener)
  [..] 000297: tick 10/80
  [..] 000297: tick 20/80
  [..] 000297: tick 30/80
  [..] 000297: tick 40/80
  [..] 000297: tick 50/80
  [..] 000297: tick 60/80
  [..] 000297: tick 70/80
  [..] 000297: tick 80/80
  [..] 000297: cam.listen (skip 20 stale frames)
  [OK] 000297.png  (Town03, MidRainyNoon, sun=68°, dist=9m, lat=+0.0, hdg=+4°, npcs=45)
  [..] 000297: finally start
  [..] 000297: drain tick
  [..] 000297: destroy cam
  [..] 000297: destroy 45 npcs
  [..] 000297: destroy leader
  [..] 000297: destroy follower
  [..] 000297: post-cleanup tick
  [..] 000297: finally end
  [SKIP] 000298: no valid lane at shift=-1 from follower lane
  [..] 000298: spawn follower
  [..] 000298: spawn leader
  [..] 000298: spawn NPCs (near=15, scattered=30)
  [..] 000298: spawn camera
  [..] 000298: settle (no listener)
  [..] 000298: tick 10/80
  [..] 000298: tick 20/80
  [..] 000298: tick 30/80
  [..] 000298: tick 40/80
  [..] 000298: tick 50/80
  [..] 000298: tick 60/80
  [..] 000298: tick 70/80
  [..] 000298: tick 80/80
  [..] 000298: cam.listen (skip 20 stale frames)
  [OK] 000298.png  (Town03, MidRainyNoon, sun=38°, dist=8m, lat=+0.0, hdg=+2°, npcs=45)
  [..] 000298: finally start
  [..] 000298: drain tick
  [..] 000298: destroy cam
  [..] 000298: destroy 45 npcs
  [..] 000298: destroy leader
  [..] 000298: destroy follower
  [..] 000298: post-cleanup tick
  [..] 000298: finally end
  [SKIP] 000299: no valid lane at shift=+1 from follower lane
  [..] 000299: spawn follower
  [..] 000299: spawn leader
  [..] 000299: spawn NPCs (near=15, scattered=30)
  [..] 000299: spawn camera
  [..] 000299: settle (no listener)
  [..] 000299: tick 10/80
  [..] 000299: tick 20/80
  [..] 000299: tick 30/80
  [..] 000299: tick 40/80
  [..] 000299: tick 50/80
  [..] 000299: tick 60/80
  [..] 000299: tick 70/80
  [..] 000299: tick 80/80
  [..] 000299: cam.listen (skip 20 stale frames)
  [OK] 000299.png  (Town03, ClearNoon, sun=48°, dist=9m, lat=+1.0, hdg=+1°, npcs=45)
  [..] 000299: finally start
  [..] 000299: drain tick
  [..] 000299: destroy cam
  [..] 000299: destroy 45 npcs
  [..] 000299: destroy leader
  [..] 000299: destroy follower
  [..] 000299: post-cleanup tick
  [..] 000299: finally end
  [..] 000300: spawn follower
  [..] 000300: spawn leader
  [..] 000300: spawn NPCs (near=15, scattered=30)
  [..] 000300: spawn camera
  [..] 000300: settle (no listener)
  [..] 000300: tick 10/80
  [..] 000300: tick 20/80
  [..] 000300: tick 30/80
  [..] 000300: tick 40/80
  [..] 000300: tick 50/80
  [..] 000300: tick 60/80
  [..] 000300: tick 70/80
  [..] 000300: tick 80/80
  [..] 000300: cam.listen (skip 20 stale frames)
  [OK] 000300.png  (Town03, WetNoon, sun=58°, dist=7m, lat=+1.0, hdg=+5°, npcs=45)
  [..] 000300: finally start
  [..] 000300: drain tick
  [..] 000300: destroy cam
  [..] 000300: destroy 45 npcs
  [..] 000300: destroy leader
  [..] 000300: destroy follower
  [..] 000300: post-cleanup tick
  [..] 000300: finally end
  [..] 000301: spawn follower
  [..] 000301: spawn leader
  [..] 000301: spawn NPCs (near=15, scattered=30)
  [..] 000301: spawn camera
  [..] 000301: settle (no listener)
  [..] 000301: tick 10/80
  [..] 000301: tick 20/80
  [..] 000301: tick 30/80
  [..] 000301: tick 40/80
  [..] 000301: tick 50/80
  [..] 000301: tick 60/80
  [..] 000301: tick 70/80
  [..] 000301: tick 80/80
  [..] 000301: cam.listen (skip 20 stale frames)
  [OK] 000301.png  (Town03, ClearNoon, sun=52°, dist=7m, lat=+0.0, hdg=+1°, npcs=45)
  [..] 000301: finally start
  [..] 000301: drain tick
  [..] 000301: destroy cam
  [..] 000301: destroy 45 npcs
  [..] 000301: destroy leader
  [..] 000301: destroy follower
  [..] 000301: post-cleanup tick
  [..] 000301: finally end
  [..] 000302: spawn follower
  [..] 000302: spawn leader
  [..] 000302: spawn NPCs (near=15, scattered=30)
  [..] 000302: spawn camera
  [..] 000302: settle (no listener)
  [..] 000302: tick 10/80
  [..] 000302: tick 20/80
  [..] 000302: tick 30/80
  [..] 000302: tick 40/80
  [..] 000302: tick 50/80
  [..] 000302: tick 60/80
  [..] 000302: tick 70/80
  [..] 000302: tick 80/80
  [..] 000302: cam.listen (skip 20 stale frames)
  [OK] 000302.png  (Town03, MidRainyNoon, sun=70°, dist=11m, lat=+0.0, hdg=-1°, npcs=45)
  [..] 000302: finally start
  [..] 000302: drain tick
  [..] 000302: destroy cam
  [..] 000302: destroy 45 npcs
  [..] 000302: destroy leader
  [..] 000302: destroy follower
  [..] 000302: post-cleanup tick
  [..] 000302: finally end
  [..] 000303: spawn follower
  [..] 000303: spawn leader
  [..] 000303: spawn NPCs (near=15, scattered=30)
  [..] 000303: spawn camera
  [..] 000303: settle (no listener)
  [..] 000303: tick 10/80
  [..] 000303: tick 20/80
  [..] 000303: tick 30/80
  [..] 000303: tick 40/80
  [..] 000303: tick 50/80
  [..] 000303: tick 60/80
  [..] 000303: tick 70/80
  [..] 000303: tick 80/80
  [..] 000303: cam.listen (skip 20 stale frames)
  [OK] 000303.png  (Town03, CloudyNoon, sun=50°, dist=11m, lat=+1.0, hdg=+3°, npcs=45)
  [..] 000303: finally start
  [..] 000303: drain tick
  [..] 000303: destroy cam
  [..] 000303: destroy 45 npcs
  [..] 000303: destroy leader
  [..] 000303: destroy follower
  [..] 000303: post-cleanup tick
  [..] 000303: finally end
  [SKIP] 000304: no valid lane at shift=+1 from follower lane
  [..] 000304: spawn follower
  [..] 000304: spawn leader
  [..] 000304: spawn NPCs (near=15, scattered=30)
  [..] 000304: spawn camera
  [..] 000304: settle (no listener)
  [..] 000304: tick 10/80
  [..] 000304: tick 20/80
  [..] 000304: tick 30/80
  [..] 000304: tick 40/80
  [..] 000304: tick 50/80
  [..] 000304: tick 60/80
  [..] 000304: tick 70/80
  [..] 000304: tick 80/80
  [..] 000304: cam.listen (skip 20 stale frames)
  [OK] 000304.png  (Town03, MidRainyNoon, sun=58°, dist=12m, lat=+0.0, hdg=+3°, npcs=45)
  [..] 000304: finally start
  [..] 000304: drain tick
  [..] 000304: destroy cam
  [..] 000304: destroy 45 npcs
  [..] 000304: destroy leader
  [..] 000304: destroy follower
  [..] 000304: post-cleanup tick
  [..] 000304: finally end
  [..] 000305: spawn follower
  [..] 000305: spawn leader
  [..] 000305: spawn NPCs (near=15, scattered=30)
  [..] 000305: spawn camera
  [..] 000305: settle (no listener)
  [..] 000305: tick 10/80
  [..] 000305: tick 20/80
  [..] 000305: tick 30/80
  [..] 000305: tick 40/80
  [..] 000305: tick 50/80
  [..] 000305: tick 60/80
  [..] 000305: tick 70/80
  [..] 000305: tick 80/80
  [..] 000305: cam.listen (skip 20 stale frames)
  [OK] 000305.png  (Town03, ClearNoon, sun=31°, dist=14m, lat=-1.0, hdg=+2°, npcs=45)
  [..] 000305: finally start
  [..] 000305: drain tick
  [..] 000305: destroy cam
  [..] 000305: destroy 45 npcs
  [..] 000305: destroy leader
  [..] 000305: destroy follower
  [..] 000305: post-cleanup tick
  [..] 000305: finally end
  [..] 000306: spawn follower
  [..] 000306: spawn leader
  [..] 000306: spawn NPCs (near=15, scattered=30)
  [..] 000306: spawn camera
  [..] 000306: settle (no listener)
  [..] 000306: tick 10/80
  [..] 000306: tick 20/80
  [..] 000306: tick 30/80
  [..] 000306: tick 40/80
  [..] 000306: tick 50/80
  [..] 000306: tick 60/80
  [..] 000306: tick 70/80
  [..] 000306: tick 80/80
  [..] 000306: cam.listen (skip 20 stale frames)
  [OK] 000306.png  (Town03, MidRainyNoon, sun=67°, dist=15m, lat=+0.0, hdg=-1°, npcs=45)
  [..] 000306: finally start
  [..] 000306: drain tick
  [..] 000306: destroy cam
  [..] 000306: destroy 45 npcs
  [..] 000306: destroy leader
  [..] 000306: destroy follower
  [..] 000306: post-cleanup tick
  [..] 000306: finally end
  [..] 000307: spawn follower
  [..] 000307: spawn leader
  [..] 000307: spawn NPCs (near=15, scattered=30)
  [..] 000307: spawn camera
  [..] 000307: settle (no listener)
  [..] 000307: tick 10/80
  [..] 000307: tick 20/80
  [..] 000307: tick 30/80
  [..] 000307: tick 40/80
  [..] 000307: tick 50/80
  [..] 000307: tick 60/80
  [..] 000307: tick 70/80
  [..] 000307: tick 80/80
  [..] 000307: cam.listen (skip 20 stale frames)
  [OK] 000307.png  (Town03, MidRainyNoon, sun=58°, dist=10m, lat=+0.0, hdg=+2°, npcs=45)
  [..] 000307: finally start
  [..] 000307: drain tick
  [..] 000307: destroy cam
  [..] 000307: destroy 45 npcs
  [..] 000307: destroy leader
  [..] 000307: destroy follower
  [..] 000307: post-cleanup tick
  [..] 000307: finally end
  [SKIP] 000308: no valid lane at shift=+1 from follower lane
  [..] 000308: spawn follower
  [..] 000308: spawn leader
  [..] 000308: spawn NPCs (near=15, scattered=30)
  [..] 000308: spawn camera
  [..] 000308: settle (no listener)
  [..] 000308: tick 10/80
  [..] 000308: tick 20/80
  [..] 000308: tick 30/80
  [..] 000308: tick 40/80
  [..] 000308: tick 50/80
  [..] 000308: tick 60/80
  [..] 000308: tick 70/80
  [..] 000308: tick 80/80
  [..] 000308: cam.listen (skip 20 stale frames)
  [OK] 000308.png  (Town03, CloudyNoon, sun=55°, dist=15m, lat=+1.0, hdg=-2°, npcs=45)
  [..] 000308: finally start
  [..] 000308: drain tick
  [..] 000308: destroy cam
  [..] 000308: destroy 45 npcs
  [..] 000308: destroy leader
  [..] 000308: destroy follower
  [..] 000308: post-cleanup tick
  [..] 000308: finally end
  [..] 000309: spawn follower
  [..] 000309: spawn leader
  [..] 000309: spawn NPCs (near=15, scattered=30)
  [..] 000309: spawn camera
  [..] 000309: settle (no listener)
  [..] 000309: tick 10/80
  [..] 000309: tick 20/80
  [..] 000309: tick 30/80
  [..] 000309: tick 40/80
  [..] 000309: tick 50/80
  [..] 000309: tick 60/80
  [..] 000309: tick 70/80
  [..] 000309: tick 80/80
  [..] 000309: cam.listen (skip 20 stale frames)
  [OK] 000309.png  (Town03, MidRainyNoon, sun=45°, dist=15m, lat=+0.0, hdg=-2°, npcs=45)
  [..] 000309: finally start
  [..] 000309: drain tick
  [..] 000309: destroy cam
  [..] 000309: destroy 45 npcs
  [..] 000309: destroy leader
  [..] 000309: destroy follower
  [..] 000309: post-cleanup tick
  [..] 000309: finally end
  [..] 000310: spawn follower
  [..] 000310: spawn leader
  [..] 000310: spawn NPCs (near=15, scattered=30)
  [..] 000310: spawn camera
  [..] 000310: settle (no listener)
  [..] 000310: tick 10/80
  [..] 000310: tick 20/80
  [..] 000310: tick 30/80
  [..] 000310: tick 40/80
  [..] 000310: tick 50/80
  [..] 000310: tick 60/80
  [..] 000310: tick 70/80
  [..] 000310: tick 80/80
  [..] 000310: cam.listen (skip 20 stale frames)
  [OK] 000310.png  (Town03, WetNoon, sun=63°, dist=16m, lat=+0.0, hdg=-2°, npcs=45)
  [..] 000310: finally start
  [..] 000310: drain tick
  [..] 000310: destroy cam
  [..] 000310: destroy 45 npcs
  [..] 000310: destroy leader
  [..] 000310: destroy follower
  [..] 000310: post-cleanup tick
  [..] 000310: finally end
  [SKIP] 000311: no valid lane at shift=-1 from follower lane
  [SKIP] 000311: no valid lane at shift=-1 from follower lane
  [..] 000311: spawn follower
  [..] 000311: spawn leader
  [..] 000311: spawn NPCs (near=15, scattered=30)
  [..] 000311: spawn camera
  [..] 000311: settle (no listener)
  [..] 000311: tick 10/80
  [..] 000311: tick 20/80
  [..] 000311: tick 30/80
  [..] 000311: tick 40/80
  [..] 000311: tick 50/80
  [..] 000311: tick 60/80
  [..] 000311: tick 70/80
  [..] 000311: tick 80/80
  [..] 000311: cam.listen (skip 20 stale frames)
  [OK] 000311.png  (Town03, WetNoon, sun=34°, dist=9m, lat=+1.0, hdg=+3°, npcs=45)
  [..] 000311: finally start
  [..] 000311: drain tick
  [..] 000311: destroy cam
  [..] 000311: destroy 45 npcs
  [..] 000311: destroy leader
  [..] 000311: destroy follower
  [..] 000311: post-cleanup tick
  [..] 000311: finally end
  [SKIP] 000312: no valid lane at shift=+1 from follower lane
  [..] 000312: spawn follower
  [..] 000312: spawn leader
  [..] 000312: spawn NPCs (near=15, scattered=30)
  [..] 000312: spawn camera
  [..] 000312: settle (no listener)
  [..] 000312: tick 10/80
  [..] 000312: tick 20/80
  [..] 000312: tick 30/80
  [..] 000312: tick 40/80
  [..] 000312: tick 50/80
  [..] 000312: tick 60/80
  [..] 000312: tick 70/80
  [..] 000312: tick 80/80
  [..] 000312: cam.listen (skip 20 stale frames)
  [OK] 000312.png  (Town03, MidRainyNoon, sun=31°, dist=16m, lat=+0.0, hdg=-3°, npcs=45)
  [..] 000312: finally start
  [..] 000312: drain tick
  [..] 000312: destroy cam
  [..] 000312: destroy 45 npcs
  [..] 000312: destroy leader
  [..] 000312: destroy follower
  [..] 000312: post-cleanup tick
  [..] 000312: finally end
  [SKIP] 000313: no valid lane at shift=+1 from follower lane
  [SKIP] 000313: no valid lane at shift=-1 from follower lane
  [SKIP] 000313: no valid lane at shift=+1 from follower lane
  [SKIP] 000313: no valid lane at shift=-1 from follower lane
  [..] 000313: spawn follower
  [..] 000313: spawn leader
  [..] 000313: spawn NPCs (near=15, scattered=30)
  [..] 000313: spawn camera
  [..] 000313: settle (no listener)
  [..] 000313: tick 10/80
  [..] 000313: tick 20/80
  [..] 000313: tick 30/80
  [..] 000313: tick 40/80
  [..] 000313: tick 50/80
  [..] 000313: tick 60/80
  [..] 000313: tick 70/80
  [..] 000313: tick 80/80
  [..] 000313: cam.listen (skip 20 stale frames)
  [OK] 000313.png  (Town03, ClearNoon, sun=40°, dist=6m, lat=+0.0, hdg=+4°, npcs=45)
  [..] 000313: finally start
  [..] 000313: drain tick
  [..] 000313: destroy cam
  [..] 000313: destroy 45 npcs
  [..] 000313: destroy leader
  [..] 000313: destroy follower
  [..] 000313: post-cleanup tick
  [..] 000313: finally end
  [SKIP] 000314: no valid lane at shift=+1 from follower lane
  [..] 000314: spawn follower
  [..] 000314: spawn leader
  [..] 000314: spawn NPCs (near=15, scattered=30)
  [..] 000314: spawn camera
  [..] 000314: settle (no listener)
  [..] 000314: tick 10/80
  [..] 000314: tick 20/80
  [..] 000314: tick 30/80
  [..] 000314: tick 40/80
  [..] 000314: tick 50/80
  [..] 000314: tick 60/80
  [..] 000314: tick 70/80
  [..] 000314: tick 80/80
  [..] 000314: cam.listen (skip 20 stale frames)
  [OK] 000314.png  (Town03, CloudyNoon, sun=34°, dist=17m, lat=+0.0, hdg=+5°, npcs=45)
  [..] 000314: finally start
  [..] 000314: drain tick
  [..] 000314: destroy cam
  [..] 000314: destroy 45 npcs
  [..] 000314: destroy leader
  [..] 000314: destroy follower
  [..] 000314: post-cleanup tick
  [..] 000314: finally end
  [SKIP] 000315: no valid lane at shift=-1 from follower lane
  [SKIP] 000315: no valid lane at shift=+1 from follower lane
  [..] 000315: spawn follower
  [..] 000315: spawn leader
  [..] 000315: spawn NPCs (near=15, scattered=30)
  [..] 000315: spawn camera
  [..] 000315: settle (no listener)
  [..] 000315: tick 10/80
  [..] 000315: tick 20/80
  [..] 000315: tick 30/80
  [..] 000315: tick 40/80
  [..] 000315: tick 50/80
  [..] 000315: tick 60/80
  [..] 000315: tick 70/80
  [..] 000315: tick 80/80
  [..] 000315: cam.listen (skip 20 stale frames)
  [OK] 000315.png  (Town03, MidRainyNoon, sun=26°, dist=16m, lat=-1.0, hdg=-0°, npcs=45)
  [..] 000315: finally start
  [..] 000315: drain tick
  [..] 000315: destroy cam
  [..] 000315: destroy 45 npcs
  [..] 000315: destroy leader
  [..] 000315: destroy follower
  [..] 000315: post-cleanup tick
  [..] 000315: finally end
  [..] 000316: spawn follower
  [..] 000316: spawn leader
  [..] 000316: spawn NPCs (near=15, scattered=30)
  [..] 000316: spawn camera
  [..] 000316: settle (no listener)
  [..] 000316: tick 10/80
  [..] 000316: tick 20/80
  [..] 000316: tick 30/80
  [..] 000316: tick 40/80
  [..] 000316: tick 50/80
  [..] 000316: tick 60/80
  [..] 000316: tick 70/80
  [..] 000316: tick 80/80
  [..] 000316: cam.listen (skip 20 stale frames)
  [OK] 000316.png  (Town03, ClearNoon, sun=38°, dist=10m, lat=+0.0, hdg=-5°, npcs=45)
  [..] 000316: finally start
  [..] 000316: drain tick
  [..] 000316: destroy cam
  [..] 000316: destroy 45 npcs
  [..] 000316: destroy leader
  [..] 000316: destroy follower
  [..] 000316: post-cleanup tick
  [..] 000316: finally end
  [SKIP] 000317: no valid lane at shift=-1 from follower lane
  [SKIP] 000317: no valid lane at shift=+1 from follower lane
  [..] 000317: spawn follower
  [..] 000317: spawn leader
  [..] 000317: spawn NPCs (near=15, scattered=30)
  [..] 000317: spawn camera
  [..] 000317: settle (no listener)
  [..] 000317: tick 10/80
  [..] 000317: tick 20/80
  [..] 000317: tick 30/80
  [..] 000317: tick 40/80
  [..] 000317: tick 50/80
  [..] 000317: tick 60/80
  [..] 000317: tick 70/80
  [..] 000317: tick 80/80
  [..] 000317: cam.listen (skip 20 stale frames)
  [OK] 000317.png  (Town03, ClearNoon, sun=42°, dist=8m, lat=+1.0, hdg=+2°, npcs=45)
  [..] 000317: finally start
  [..] 000317: drain tick
  [..] 000317: destroy cam
  [..] 000317: destroy 45 npcs
  [..] 000317: destroy leader
  [..] 000317: destroy follower
  [..] 000317: post-cleanup tick
  [..] 000317: finally end
  [SKIP] 000318: no valid lane at shift=-1 from follower lane
  [..] 000318: spawn follower
  [..] 000318: spawn leader
  [..] 000318: spawn NPCs (near=15, scattered=30)
  [..] 000318: spawn camera
  [..] 000318: settle (no listener)
  [..] 000318: tick 10/80
  [..] 000318: tick 20/80
  [..] 000318: tick 30/80
  [..] 000318: tick 40/80
  [..] 000318: tick 50/80
  [..] 000318: tick 60/80
  [..] 000318: tick 70/80
  [..] 000318: tick 80/80
  [..] 000318: cam.listen (skip 20 stale frames)
  [OK] 000318.png  (Town03, WetNoon, sun=69°, dist=14m, lat=+0.0, hdg=-5°, npcs=45)
  [..] 000318: finally start
  [..] 000318: drain tick
  [..] 000318: destroy cam
  [..] 000318: destroy 45 npcs
  [..] 000318: destroy leader
  [..] 000318: destroy follower
  [..] 000318: post-cleanup tick
  [..] 000318: finally end
  [..] 000319: spawn follower
  [..] 000319: spawn leader
  [..] 000319: spawn NPCs (near=15, scattered=30)
  [..] 000319: spawn camera
  [..] 000319: settle (no listener)
  [..] 000319: tick 10/80
  [..] 000319: tick 20/80
  [..] 000319: tick 30/80
  [..] 000319: tick 40/80
  [..] 000319: tick 50/80
  [..] 000319: tick 60/80
  [..] 000319: tick 70/80
  [..] 000319: tick 80/80
  [..] 000319: cam.listen (skip 20 stale frames)
  [OK] 000319.png  (Town03, WetNoon, sun=47°, dist=17m, lat=+0.0, hdg=+1°, npcs=45)
  [..] 000319: finally start
  [..] 000319: drain tick
  [..] 000319: destroy cam
  [..] 000319: destroy 45 npcs
  [..] 000319: destroy leader
  [..] 000319: destroy follower
  [..] 000319: post-cleanup tick
  [..] 000319: finally end
  [..] 000320: spawn follower
  [..] 000320: spawn leader
  [..] 000320: spawn NPCs (near=15, scattered=30)
  [..] 000320: spawn camera
  [..] 000320: settle (no listener)
  [..] 000320: tick 10/80
  [..] 000320: tick 20/80
  [..] 000320: tick 30/80
  [..] 000320: tick 40/80
  [..] 000320: tick 50/80
  [..] 000320: tick 60/80
  [..] 000320: tick 70/80
  [..] 000320: tick 80/80
  [..] 000320: cam.listen (skip 20 stale frames)
  [OK] 000320.png  (Town03, ClearNoon, sun=26°, dist=17m, lat=+0.0, hdg=+1°, npcs=45)
  [..] 000320: finally start
  [..] 000320: drain tick
  [..] 000320: destroy cam
  [..] 000320: destroy 45 npcs
  [..] 000320: destroy leader
  [..] 000320: destroy follower
  [..] 000320: post-cleanup tick
  [..] 000320: finally end
  [..] 000321: spawn follower
  [..] 000321: spawn leader
  [..] 000321: spawn NPCs (near=15, scattered=30)
  [..] 000321: spawn camera
  [..] 000321: settle (no listener)
  [..] 000321: tick 10/80
  [..] 000321: tick 20/80
  [..] 000321: tick 30/80
  [..] 000321: tick 40/80
  [..] 000321: tick 50/80
  [..] 000321: tick 60/80
  [..] 000321: tick 70/80
  [..] 000321: tick 80/80
  [..] 000321: cam.listen (skip 20 stale frames)
  [OK] 000321.png  (Town03, WetNoon, sun=59°, dist=9m, lat=+1.0, hdg=-4°, npcs=45)
  [..] 000321: finally start
  [..] 000321: drain tick
  [..] 000321: destroy cam
  [..] 000321: destroy 45 npcs
  [..] 000321: destroy leader
  [..] 000321: destroy follower
  [..] 000321: post-cleanup tick
  [..] 000321: finally end
  [SKIP] 000322: no valid lane at shift=-1 from follower lane
  [..] 000322: spawn follower
  [..] 000322: spawn leader
  [..] 000322: spawn NPCs (near=15, scattered=30)
  [..] 000322: spawn camera
  [..] 000322: settle (no listener)
  [..] 000322: tick 10/80
  [..] 000322: tick 20/80
  [..] 000322: tick 30/80
  [..] 000322: tick 40/80
  [..] 000322: tick 50/80
  [..] 000322: tick 60/80
  [..] 000322: tick 70/80
  [..] 000322: tick 80/80
  [..] 000322: cam.listen (skip 20 stale frames)
  [OK] 000322.png  (Town03, MidRainyNoon, sun=49°, dist=11m, lat=-1.0, hdg=+3°, npcs=45)
  [..] 000322: finally start
  [..] 000322: drain tick
  [..] 000322: destroy cam
  [..] 000322: destroy 45 npcs
  [..] 000322: destroy leader
  [..] 000322: destroy follower
  [..] 000322: post-cleanup tick
  [..] 000322: finally end
  [SKIP] 000323: no valid lane at shift=-1 from follower lane
  [..] 000323: spawn follower
  [..] 000323: spawn leader
  [..] 000323: spawn NPCs (near=15, scattered=30)
  [..] 000323: spawn camera
  [..] 000323: settle (no listener)
  [..] 000323: tick 10/80
  [..] 000323: tick 20/80
  [..] 000323: tick 30/80
  [..] 000323: tick 40/80
  [..] 000323: tick 50/80
  [..] 000323: tick 60/80
  [..] 000323: tick 70/80
  [..] 000323: tick 80/80
  [..] 000323: cam.listen (skip 20 stale frames)
  [OK] 000323.png  (Town03, WetNoon, sun=32°, dist=17m, lat=+0.0, hdg=-4°, npcs=45)
  [..] 000323: finally start
  [..] 000323: drain tick
  [..] 000323: destroy cam
  [..] 000323: destroy 45 npcs
  [..] 000323: destroy leader
  [..] 000323: destroy follower
  [..] 000323: post-cleanup tick
  [..] 000323: finally end
  [..] 000324: spawn follower
  [..] 000324: spawn leader
  [..] 000324: spawn NPCs (near=15, scattered=30)
  [..] 000324: spawn camera
  [..] 000324: settle (no listener)
  [..] 000324: tick 10/80
  [..] 000324: tick 20/80
  [..] 000324: tick 30/80
  [..] 000324: tick 40/80
  [..] 000324: tick 50/80
  [..] 000324: tick 60/80
  [..] 000324: tick 70/80
  [..] 000324: tick 80/80
  [..] 000324: cam.listen (skip 20 stale frames)
  [OK] 000324.png  (Town03, CloudyNoon, sun=48°, dist=13m, lat=+0.0, hdg=+4°, npcs=45)
  [..] 000324: finally start
  [..] 000324: drain tick
  [..] 000324: destroy cam
  [..] 000324: destroy 45 npcs
  [..] 000324: destroy leader
  [..] 000324: destroy follower
  [..] 000324: post-cleanup tick
  [..] 000324: finally end

Done. 324 frame(s) saved → data/chroma_key_dataset/capture_20260609_014138_marker
   Town03                 200 / 200  [OK]
Index: data/chroma_key_dataset/capture_20260609_014138_marker/captures_index.csv
[01:50:58] DONE

============================================================
 TOWN: Town04
============================================================
>>> stopping CARLA
 168167>>> launching CarlaUE4.sh (headless, off-screen render)
>>> CARLA up and listening on :2000
################################################################
# CHROMA-KEY CAPTURE — 2026-06-09 01:51:30
################################################################
  towns          : Town04
  weather        : ClearNoon CloudyNoon WetNoon MidRainyNoon
  sun_alts       : 70 55 40 25
  distances      : 6 10 14 18
  lateral_offs   : -1 0 1
  heading_offs   : -5 0 5
  npc_count      : 15  (radius 80 m)
  npc_scattered  : 30  (random across map)
  spawn_pool     : 6
  leader         : vehicle.carlamotors.carlacola
  follower       : vehicle.tesla.model3
  max_frames     : 99999
  shuffle        : 1
  continuous     : 1  (per-town: 200)
  sun_range      : 25 70
  dist_range     : 6 18
  heading_range  : -5 5
  seed           : 42
  log            : /dev/null


Connecting to CARLA at localhost:2000 (timeout=180s) ...
Continuous sampling: 400 attempts across 1 towns (200/town)
Sampled : 400 frame(s) (shuffled)
   Town04                400
Out     : data/chroma_key_dataset/capture_20260609_014138_marker

[resume] appending to existing run, starting frame_id 000325

--- Loading Town04 ---
WARNING: Version mismatch detected: You are trying to connect to a simulator that might be incompatible with this API 
WARNING: Client API version     = 0.9.15 
WARNING: Simulator API version  = 0.9.15.2 
  warmup: 100 ticks
  [..] 000325: spawn follower
  [..] 000325: spawn leader
  [..] 000325: spawn NPCs (near=15, scattered=30)
  [..] 000325: spawn camera
  [..] 000325: settle (no listener)
  [..] 000325: tick 10/80
  [..] 000325: tick 20/80
  [..] 000325: tick 30/80
  [..] 000325: tick 40/80
  [..] 000325: tick 50/80
  [..] 000325: tick 60/80
  [..] 000325: tick 70/80
  [..] 000325: tick 80/80
  [..] 000325: cam.listen (skip 20 stale frames)
  [OK] 000325.png  (Town04, MidRainyNoon, sun=59°, dist=10m, lat=-1.0, hdg=-0°, npcs=45)
  [..] 000325: finally start
  [..] 000325: drain tick
  [..] 000325: destroy cam
  [..] 000325: destroy 45 npcs
  [..] 000325: destroy leader
  [..] 000325: destroy follower
  [..] 000325: post-cleanup tick
  [..] 000325: finally end
  [..] 000326: spawn follower
  [..] 000326: spawn leader
  [..] 000326: spawn NPCs (near=15, scattered=30)
  [..] 000326: spawn camera
  [..] 000326: settle (no listener)
  [..] 000326: tick 10/80
  [..] 000326: tick 20/80
  [..] 000326: tick 30/80
  [..] 000326: tick 40/80
  [..] 000326: tick 50/80
  [..] 000326: tick 60/80
  [..] 000326: tick 70/80
  [..] 000326: tick 80/80
  [..] 000326: cam.listen (skip 20 stale frames)
  [OK] 000326.png  (Town04, MidRainyNoon, sun=58°, dist=18m, lat=+0.0, hdg=+1°, npcs=45)
  [..] 000326: finally start
  [..] 000326: drain tick
  [..] 000326: destroy cam
  [..] 000326: destroy 45 npcs
  [..] 000326: destroy leader
  [..] 000326: destroy follower
  [..] 000326: post-cleanup tick
  [..] 000326: finally end
  [..] 000327: spawn follower
  [..] 000327: spawn leader
  [..] 000327: spawn NPCs (near=15, scattered=30)
  [..] 000327: spawn camera
  [..] 000327: settle (no listener)
  [..] 000327: tick 10/80
  [..] 000327: tick 20/80
  [..] 000327: tick 30/80
  [..] 000327: tick 40/80
  [..] 000327: tick 50/80
  [..] 000327: tick 60/80
  [..] 000327: tick 70/80
  [..] 000327: tick 80/80
  [..] 000327: cam.listen (skip 20 stale frames)
  [OK] 000327.png  (Town04, CloudyNoon, sun=46°, dist=18m, lat=+0.0, hdg=+1°, npcs=45)
  [..] 000327: finally start
  [..] 000327: drain tick
  [..] 000327: destroy cam
  [..] 000327: destroy 45 npcs
  [..] 000327: destroy leader
  [..] 000327: destroy follower
  [..] 000327: post-cleanup tick
  [..] 000327: finally end
  [..] 000328: spawn follower
  [..] 000328: spawn leader
  [..] 000328: spawn NPCs (near=15, scattered=30)
  [..] 000328: spawn camera
  [..] 000328: settle (no listener)
  [..] 000328: tick 10/80
  [..] 000328: tick 20/80
  [..] 000328: tick 30/80
  [..] 000328: tick 40/80
  [..] 000328: tick 50/80
  [..] 000328: tick 60/80
  [..] 000328: tick 70/80
  [..] 000328: tick 80/80
  [..] 000328: cam.listen (skip 20 stale frames)
  [OK] 000328.png  (Town04, MidRainyNoon, sun=61°, dist=7m, lat=+1.0, hdg=+2°, npcs=45)
  [..] 000328: finally start
  [..] 000328: drain tick
  [..] 000328: destroy cam
  [..] 000328: destroy 45 npcs
  [..] 000328: destroy leader
  [..] 000328: destroy follower
  [..] 000328: post-cleanup tick
  [..] 000328: finally end
  [..] 000329: spawn follower
  [..] 000329: spawn leader
  [..] 000329: spawn NPCs (near=15, scattered=30)
  [..] 000329: spawn camera
  [..] 000329: settle (no listener)
  [..] 000329: tick 10/80
  [..] 000329: tick 20/80
  [..] 000329: tick 30/80
  [..] 000329: tick 40/80
  [..] 000329: tick 50/80
  [..] 000329: tick 60/80
  [..] 000329: tick 70/80
  [..] 000329: tick 80/80
  [..] 000329: cam.listen (skip 20 stale frames)
  [OK] 000329.png  (Town04, WetNoon, sun=37°, dist=11m, lat=+0.0, hdg=+5°, npcs=45)
  [..] 000329: finally start
  [..] 000329: drain tick
  [..] 000329: destroy cam
  [..] 000329: destroy 45 npcs
  [..] 000329: destroy leader
  [..] 000329: destroy follower
  [..] 000329: post-cleanup tick
  [..] 000329: finally end
  [..] 000330: spawn follower
  [..] 000330: spawn leader
  [..] 000330: spawn NPCs (near=15, scattered=30)
  [..] 000330: spawn camera
  [..] 000330: settle (no listener)
  [..] 000330: tick 10/80
  [..] 000330: tick 20/80
  [..] 000330: tick 30/80
  [..] 000330: tick 40/80
  [..] 000330: tick 50/80
  [..] 000330: tick 60/80
  [..] 000330: tick 70/80
  [..] 000330: tick 80/80
  [..] 000330: cam.listen (skip 20 stale frames)
  [OK] 000330.png  (Town04, CloudyNoon, sun=40°, dist=15m, lat=-1.0, hdg=-3°, npcs=45)
  [..] 000330: finally start
  [..] 000330: drain tick
  [..] 000330: destroy cam
  [..] 000330: destroy 45 npcs
  [..] 000330: destroy leader
  [..] 000330: destroy follower
  [..] 000330: post-cleanup tick
  [..] 000330: finally end
  [..] 000331: spawn follower
  [..] 000331: spawn leader
  [..] 000331: spawn NPCs (near=15, scattered=30)
  [..] 000331: spawn camera
  [..] 000331: settle (no listener)
  [..] 000331: tick 10/80
  [..] 000331: tick 20/80
  [..] 000331: tick 30/80
  [..] 000331: tick 40/80
  [..] 000331: tick 50/80
  [..] 000331: tick 60/80
  [..] 000331: tick 70/80
  [..] 000331: tick 80/80
  [..] 000331: cam.listen (skip 20 stale frames)
  [OK] 000331.png  (Town04, ClearNoon, sun=61°, dist=16m, lat=-1.0, hdg=-4°, npcs=45)
  [..] 000331: finally start
  [..] 000331: drain tick
  [..] 000331: destroy cam
  [..] 000331: destroy 45 npcs
  [..] 000331: destroy leader
  [..] 000331: destroy follower
  [..] 000331: post-cleanup tick
  [..] 000331: finally end
  [..] 000332: spawn follower
  [..] 000332: spawn leader
  [..] 000332: spawn NPCs (near=15, scattered=30)
  [..] 000332: spawn camera
  [..] 000332: settle (no listener)
  [..] 000332: tick 10/80
  [..] 000332: tick 20/80
  [..] 000332: tick 30/80
  [..] 000332: tick 40/80
  [..] 000332: tick 50/80
  [..] 000332: tick 60/80
  [..] 000332: tick 70/80
  [..] 000332: tick 80/80
  [..] 000332: cam.listen (skip 20 stale frames)
  [OK] 000332.png  (Town04, MidRainyNoon, sun=62°, dist=11m, lat=-1.0, hdg=+1°, npcs=45)
  [..] 000332: finally start
  [..] 000332: drain tick
  [..] 000332: destroy cam
  [..] 000332: destroy 45 npcs
  [..] 000332: destroy leader
  [..] 000332: destroy follower
  [..] 000332: post-cleanup tick
  [..] 000332: finally end
  [..] 000333: spawn follower
  [..] 000333: spawn leader
  [..] 000333: spawn NPCs (near=15, scattered=30)
  [..] 000333: spawn camera
  [..] 000333: settle (no listener)
  [..] 000333: tick 10/80
  [..] 000333: tick 20/80
  [..] 000333: tick 30/80
  [..] 000333: tick 40/80
  [..] 000333: tick 50/80
  [..] 000333: tick 60/80
  [..] 000333: tick 70/80
  [..] 000333: tick 80/80
  [..] 000333: cam.listen (skip 20 stale frames)
  [OK] 000333.png  (Town04, CloudyNoon, sun=44°, dist=17m, lat=+0.0, hdg=+1°, npcs=45)
  [..] 000333: finally start
  [..] 000333: drain tick
  [..] 000333: destroy cam
  [..] 000333: destroy 45 npcs
  [..] 000333: destroy leader
  [..] 000333: destroy follower
  [..] 000333: post-cleanup tick
  [..] 000333: finally end
  [SKIP] 000334: no valid lane at shift=+1 from follower lane
  [..] 000334: spawn follower
  [..] 000334: spawn leader
  [..] 000334: spawn NPCs (near=15, scattered=30)
  [..] 000334: spawn camera
  [..] 000334: settle (no listener)
  [..] 000334: tick 10/80
  [..] 000334: tick 20/80
  [..] 000334: tick 30/80
  [..] 000334: tick 40/80
  [..] 000334: tick 50/80
  [..] 000334: tick 60/80
  [..] 000334: tick 70/80
  [..] 000334: tick 80/80
  [..] 000334: cam.listen (skip 20 stale frames)
  [OK] 000334.png  (Town04, ClearNoon, sun=42°, dist=15m, lat=+0.0, hdg=+1°, npcs=45)
  [..] 000334: finally start
  [..] 000334: drain tick
  [..] 000334: destroy cam
  [..] 000334: destroy 45 npcs
  [..] 000334: destroy leader
  [..] 000334: destroy follower
  [..] 000334: post-cleanup tick
  [..] 000334: finally end
  [..] 000335: spawn follower
  [..] 000335: spawn leader
  [..] 000335: spawn NPCs (near=15, scattered=30)
  [..] 000335: spawn camera
  [..] 000335: settle (no listener)
  [..] 000335: tick 10/80
  [..] 000335: tick 20/80
  [..] 000335: tick 30/80
  [..] 000335: tick 40/80
  [..] 000335: tick 50/80
  [..] 000335: tick 60/80
  [..] 000335: tick 70/80
  [..] 000335: tick 80/80
  [..] 000335: cam.listen (skip 20 stale frames)
  [OK] 000335.png  (Town04, WetNoon, sun=52°, dist=10m, lat=-1.0, hdg=-2°, npcs=45)
  [..] 000335: finally start
  [..] 000335: drain tick
  [..] 000335: destroy cam
  [..] 000335: destroy 45 npcs
  [..] 000335: destroy leader
  [..] 000335: destroy follower
  [..] 000335: post-cleanup tick
  [..] 000335: finally end
  [SKIP] 000336: no valid lane at shift=+1 from follower lane
  [..] 000336: spawn follower
  [..] 000336: spawn leader
  [..] 000336: spawn NPCs (near=15, scattered=30)
  [..] 000336: spawn camera
  [..] 000336: settle (no listener)
  [..] 000336: tick 10/80
  [..] 000336: tick 20/80
  [..] 000336: tick 30/80
  [..] 000336: tick 40/80
  [..] 000336: tick 50/80
  [..] 000336: tick 60/80
  [..] 000336: tick 70/80
  [..] 000336: tick 80/80
  [..] 000336: cam.listen (skip 20 stale frames)
  [OK] 000336.png  (Town04, MidRainyNoon, sun=52°, dist=6m, lat=-1.0, hdg=-3°, npcs=45)
  [..] 000336: finally start
  [..] 000336: drain tick
  [..] 000336: destroy cam
  [..] 000336: destroy 45 npcs
  [..] 000336: destroy leader
  [..] 000336: destroy follower
  [..] 000336: post-cleanup tick
  [..] 000336: finally end
  [..] 000337: spawn follower
  [..] 000337: spawn leader
  [..] 000337: spawn NPCs (near=15, scattered=30)
  [..] 000337: spawn camera
  [..] 000337: settle (no listener)
  [..] 000337: tick 10/80
  [..] 000337: tick 20/80
  [..] 000337: tick 30/80
  [..] 000337: tick 40/80
  [..] 000337: tick 50/80
  [..] 000337: tick 60/80
  [..] 000337: tick 70/80
  [..] 000337: tick 80/80
  [..] 000337: cam.listen (skip 20 stale frames)
  [OK] 000337.png  (Town04, CloudyNoon, sun=40°, dist=9m, lat=+0.0, hdg=-1°, npcs=45)
  [..] 000337: finally start
  [..] 000337: drain tick
  [..] 000337: destroy cam
  [..] 000337: destroy 45 npcs
  [..] 000337: destroy leader
  [..] 000337: destroy follower
  [..] 000337: post-cleanup tick
  [..] 000337: finally end
  [..] 000338: spawn follower
  [..] 000338: spawn leader
  [..] 000338: spawn NPCs (near=15, scattered=30)
  [..] 000338: spawn camera
  [..] 000338: settle (no listener)
  [..] 000338: tick 10/80
  [..] 000338: tick 20/80
  [..] 000338: tick 30/80
  [..] 000338: tick 40/80
  [..] 000338: tick 50/80
  [..] 000338: tick 60/80
  [..] 000338: tick 70/80
  [..] 000338: tick 80/80
  [..] 000338: cam.listen (skip 20 stale frames)
  [OK] 000338.png  (Town04, ClearNoon, sun=58°, dist=11m, lat=-1.0, hdg=+0°, npcs=45)
  [..] 000338: finally start
  [..] 000338: drain tick
  [..] 000338: destroy cam
  [..] 000338: destroy 45 npcs
  [..] 000338: destroy leader
  [..] 000338: destroy follower
  [..] 000338: post-cleanup tick
  [..] 000338: finally end
  [..] 000339: spawn follower
  [..] 000339: spawn leader
  [..] 000339: spawn NPCs (near=15, scattered=30)
  [..] 000339: spawn camera
  [..] 000339: settle (no listener)
  [..] 000339: tick 10/80
  [..] 000339: tick 20/80
  [..] 000339: tick 30/80
  [..] 000339: tick 40/80
  [..] 000339: tick 50/80
  [..] 000339: tick 60/80
  [..] 000339: tick 70/80
  [..] 000339: tick 80/80
  [..] 000339: cam.listen (skip 20 stale frames)
  [OK] 000339.png  (Town04, WetNoon, sun=43°, dist=13m, lat=+0.0, hdg=+1°, npcs=45)
  [..] 000339: finally start
  [..] 000339: drain tick
  [..] 000339: destroy cam
  [..] 000339: destroy 45 npcs
  [..] 000339: destroy leader
  [..] 000339: destroy follower
  [..] 000339: post-cleanup tick
  [..] 000339: finally end
  [..] 000340: spawn follower
  [..] 000340: spawn leader
  [..] 000340: spawn NPCs (near=15, scattered=30)
  [..] 000340: spawn camera
  [..] 000340: settle (no listener)
  [..] 000340: tick 10/80
  [..] 000340: tick 20/80
  [..] 000340: tick 30/80
  [..] 000340: tick 40/80
  [..] 000340: tick 50/80
  [..] 000340: tick 60/80
  [..] 000340: tick 70/80
  [..] 000340: tick 80/80
  [..] 000340: cam.listen (skip 20 stale frames)
  [OK] 000340.png  (Town04, CloudyNoon, sun=46°, dist=13m, lat=-1.0, hdg=-5°, npcs=45)
  [..] 000340: finally start
  [..] 000340: drain tick
  [..] 000340: destroy cam
  [..] 000340: destroy 45 npcs
  [..] 000340: destroy leader
  [..] 000340: destroy follower
  [..] 000340: post-cleanup tick
  [..] 000340: finally end
  [..] 000341: spawn follower
  [..] 000341: spawn leader
  [..] 000341: spawn NPCs (near=15, scattered=30)
  [..] 000341: spawn camera
  [..] 000341: settle (no listener)
  [..] 000341: tick 10/80
  [..] 000341: tick 20/80
  [..] 000341: tick 30/80
  [..] 000341: tick 40/80
  [..] 000341: tick 50/80
  [..] 000341: tick 60/80
  [..] 000341: tick 70/80
  [..] 000341: tick 80/80
  [..] 000341: cam.listen (skip 20 stale frames)
  [OK] 000341.png  (Town04, ClearNoon, sun=28°, dist=6m, lat=+0.0, hdg=-4°, npcs=45)
  [..] 000341: finally start
  [..] 000341: drain tick
  [..] 000341: destroy cam
  [..] 000341: destroy 45 npcs
  [..] 000341: destroy leader
  [..] 000341: destroy follower
  [..] 000341: post-cleanup tick
  [..] 000341: finally end
  [..] 000342: spawn follower
  [..] 000342: spawn leader
  [..] 000342: spawn NPCs (near=15, scattered=30)
  [..] 000342: spawn camera
  [..] 000342: settle (no listener)
  [..] 000342: tick 10/80
  [..] 000342: tick 20/80
  [..] 000342: tick 30/80
  [..] 000342: tick 40/80
  [..] 000342: tick 50/80
  [..] 000342: tick 60/80
  [..] 000342: tick 70/80
  [..] 000342: tick 80/80
  [..] 000342: cam.listen (skip 20 stale frames)
  [OK] 000342.png  (Town04, ClearNoon, sun=66°, dist=10m, lat=+1.0, hdg=-3°, npcs=45)
  [..] 000342: finally start
  [..] 000342: drain tick
  [..] 000342: destroy cam
  [..] 000342: destroy 45 npcs
  [..] 000342: destroy leader
  [..] 000342: destroy follower
  [..] 000342: post-cleanup tick
  [..] 000342: finally end
  [..] 000343: spawn follower
  [..] 000343: spawn leader
  [..] 000343: spawn NPCs (near=15, scattered=30)
  [..] 000343: spawn camera
  [..] 000343: settle (no listener)
  [..] 000343: tick 10/80
  [..] 000343: tick 20/80
  [..] 000343: tick 30/80
  [..] 000343: tick 40/80
  [..] 000343: tick 50/80
  [..] 000343: tick 60/80
  [..] 000343: tick 70/80
  [..] 000343: tick 80/80
  [..] 000343: cam.listen (skip 20 stale frames)
  [OK] 000343.png  (Town04, CloudyNoon, sun=38°, dist=7m, lat=+0.0, hdg=+2°, npcs=39)
  [..] 000343: finally start
  [..] 000343: drain tick
  [..] 000343: destroy cam
  [..] 000343: destroy 39 npcs
  [..] 000343: destroy leader
  [..] 000343: destroy follower
  [..] 000343: post-cleanup tick
  [..] 000343: finally end
  [..] 000344: spawn follower
  [..] 000344: spawn leader
  [..] 000344: spawn NPCs (near=15, scattered=30)
  [..] 000344: spawn camera
  [..] 000344: settle (no listener)
  [..] 000344: tick 10/80
  [..] 000344: tick 20/80
  [..] 000344: tick 30/80
  [..] 000344: tick 40/80
  [..] 000344: tick 50/80
  [..] 000344: tick 60/80
  [..] 000344: tick 70/80
  [..] 000344: tick 80/80
  [..] 000344: cam.listen (skip 20 stale frames)
  [OK] 000344.png  (Town04, CloudyNoon, sun=33°, dist=13m, lat=+0.0, hdg=+1°, npcs=45)
  [..] 000344: finally start
  [..] 000344: drain tick
  [..] 000344: destroy cam
  [..] 000344: destroy 45 npcs
  [..] 000344: destroy leader
  [..] 000344: destroy follower
  [..] 000344: post-cleanup tick
  [..] 000344: finally end
  [SKIP] 000345: no valid lane at shift=+1 from follower lane
  [..] 000345: spawn follower
  [..] 000345: spawn leader
  [..] 000345: spawn NPCs (near=15, scattered=30)
  [..] 000345: spawn camera
  [..] 000345: settle (no listener)
  [..] 000345: tick 10/80
  [..] 000345: tick 20/80
  [..] 000345: tick 30/80
  [..] 000345: tick 40/80
  [..] 000345: tick 50/80
  [..] 000345: tick 60/80
  [..] 000345: tick 70/80
  [..] 000345: tick 80/80
  [..] 000345: cam.listen (skip 20 stale frames)
  [OK] 000345.png  (Town04, ClearNoon, sun=35°, dist=10m, lat=-1.0, hdg=+3°, npcs=45)
  [..] 000345: finally start
  [..] 000345: drain tick
  [..] 000345: destroy cam
  [..] 000345: destroy 45 npcs
  [..] 000345: destroy leader
  [..] 000345: destroy follower
  [..] 000345: post-cleanup tick
  [..] 000345: finally end
  [..] 000346: spawn follower
  [..] 000346: spawn leader
  [..] 000346: spawn NPCs (near=15, scattered=30)
  [..] 000346: spawn camera
  [..] 000346: settle (no listener)
  [..] 000346: tick 10/80
  [..] 000346: tick 20/80
  [..] 000346: tick 30/80
  [..] 000346: tick 40/80
  [..] 000346: tick 50/80
  [..] 000346: tick 60/80
  [..] 000346: tick 70/80
  [..] 000346: tick 80/80
  [..] 000346: cam.listen (skip 20 stale frames)
  [OK] 000346.png  (Town04, CloudyNoon, sun=61°, dist=9m, lat=-1.0, hdg=+1°, npcs=39)
  [..] 000346: finally start
  [..] 000346: drain tick
  [..] 000346: destroy cam
  [..] 000346: destroy 39 npcs
  [..] 000346: destroy leader
  [..] 000346: destroy follower
  [..] 000346: post-cleanup tick
  [..] 000346: finally end
  [..] 000347: spawn follower
  [..] 000347: spawn leader
  [..] 000347: spawn NPCs (near=15, scattered=30)
  [..] 000347: spawn camera
  [..] 000347: settle (no listener)
  [..] 000347: tick 10/80
  [..] 000347: tick 20/80
  [..] 000347: tick 30/80
  [..] 000347: tick 40/80
  [..] 000347: tick 50/80
  [..] 000347: tick 60/80
  [..] 000347: tick 70/80
  [..] 000347: tick 80/80
  [..] 000347: cam.listen (skip 20 stale frames)
  [OK] 000347.png  (Town04, WetNoon, sun=39°, dist=11m, lat=+0.0, hdg=-1°, npcs=45)
  [..] 000347: finally start
  [..] 000347: drain tick
  [..] 000347: destroy cam
  [..] 000347: destroy 45 npcs
  [..] 000347: destroy leader
  [..] 000347: destroy follower
  [..] 000347: post-cleanup tick
  [..] 000347: finally end
  [..] 000348: spawn follower
  [..] 000348: spawn leader
  [..] 000348: spawn NPCs (near=15, scattered=30)
  [..] 000348: spawn camera
  [..] 000348: settle (no listener)
  [..] 000348: tick 10/80
  [..] 000348: tick 20/80
  [..] 000348: tick 30/80
  [..] 000348: tick 40/80
  [..] 000348: tick 50/80
  [..] 000348: tick 60/80
  [..] 000348: tick 70/80
  [..] 000348: tick 80/80
  [..] 000348: cam.listen (skip 20 stale frames)
  [OK] 000348.png  (Town04, MidRainyNoon, sun=59°, dist=8m, lat=+1.0, hdg=-2°, npcs=45)
  [..] 000348: finally start
  [..] 000348: drain tick
  [..] 000348: destroy cam
  [..] 000348: destroy 45 npcs
  [..] 000348: destroy leader
  [..] 000348: destroy follower
  [..] 000348: post-cleanup tick
  [..] 000348: finally end
  [..] 000349: spawn follower
  [..] 000349: spawn leader
  [..] 000349: spawn NPCs (near=15, scattered=30)
  [..] 000349: spawn camera
  [..] 000349: settle (no listener)
  [..] 000349: tick 10/80
  [..] 000349: tick 20/80
  [..] 000349: tick 30/80
  [..] 000349: tick 40/80
  [..] 000349: tick 50/80
  [..] 000349: tick 60/80
  [..] 000349: tick 70/80
  [..] 000349: tick 80/80
  [..] 000349: cam.listen (skip 20 stale frames)
  [OK] 000349.png  (Town04, CloudyNoon, sun=36°, dist=8m, lat=+1.0, hdg=-4°, npcs=45)
  [..] 000349: finally start
  [..] 000349: drain tick
  [..] 000349: destroy cam
  [..] 000349: destroy 45 npcs
  [..] 000349: destroy leader
  [..] 000349: destroy follower
  [..] 000349: post-cleanup tick
  [..] 000349: finally end
  [..] 000350: spawn follower
  [..] 000350: spawn leader
  [..] 000350: spawn NPCs (near=15, scattered=30)
  [..] 000350: spawn camera
  [..] 000350: settle (no listener)
  [..] 000350: tick 10/80
  [..] 000350: tick 20/80
  [..] 000350: tick 30/80
  [..] 000350: tick 40/80
  [..] 000350: tick 50/80
  [..] 000350: tick 60/80
  [..] 000350: tick 70/80
  [..] 000350: tick 80/80
  [..] 000350: cam.listen (skip 20 stale frames)
  [OK] 000350.png  (Town04, WetNoon, sun=59°, dist=11m, lat=+0.0, hdg=-2°, npcs=45)
  [..] 000350: finally start
  [..] 000350: drain tick
  [..] 000350: destroy cam
  [..] 000350: destroy 45 npcs
  [..] 000350: destroy leader
  [..] 000350: destroy follower
  [..] 000350: post-cleanup tick
  [..] 000350: finally end
  [..] 000351: spawn follower
  [..] 000351: spawn leader
  [..] 000351: spawn NPCs (near=15, scattered=30)
  [..] 000351: spawn camera
  [..] 000351: settle (no listener)
  [..] 000351: tick 10/80
  [..] 000351: tick 20/80
  [..] 000351: tick 30/80
  [..] 000351: tick 40/80
  [..] 000351: tick 50/80
  [..] 000351: tick 60/80
  [..] 000351: tick 70/80
  [..] 000351: tick 80/80
  [..] 000351: cam.listen (skip 20 stale frames)
  [OK] 000351.png  (Town04, MidRainyNoon, sun=48°, dist=15m, lat=-1.0, hdg=+5°, npcs=45)
  [..] 000351: finally start
  [..] 000351: drain tick
  [..] 000351: destroy cam
  [..] 000351: destroy 45 npcs
  [..] 000351: destroy leader
  [..] 000351: destroy follower
  [..] 000351: post-cleanup tick
  [..] 000351: finally end
  [..] 000352: spawn follower
  [..] 000352: spawn leader
  [..] 000352: spawn NPCs (near=15, scattered=30)
  [..] 000352: spawn camera
  [..] 000352: settle (no listener)
  [..] 000352: tick 10/80
  [..] 000352: tick 20/80
  [..] 000352: tick 30/80
  [..] 000352: tick 40/80
  [..] 000352: tick 50/80
  [..] 000352: tick 60/80
  [..] 000352: tick 70/80
  [..] 000352: tick 80/80
  [..] 000352: cam.listen (skip 20 stale frames)
  [OK] 000352.png  (Town04, CloudyNoon, sun=29°, dist=12m, lat=+1.0, hdg=+1°, npcs=45)
  [..] 000352: finally start
  [..] 000352: drain tick
  [..] 000352: destroy cam
  [..] 000352: destroy 45 npcs
  [..] 000352: destroy leader
  [..] 000352: destroy follower
  [..] 000352: post-cleanup tick
  [..] 000352: finally end
  [..] 000353: spawn follower
  [..] 000353: spawn leader
  [..] 000353: spawn NPCs (near=15, scattered=30)
  [..] 000353: spawn camera
  [..] 000353: settle (no listener)
  [..] 000353: tick 10/80
  [..] 000353: tick 20/80
  [..] 000353: tick 30/80
  [..] 000353: tick 40/80
  [..] 000353: tick 50/80
  [..] 000353: tick 60/80
  [..] 000353: tick 70/80
  [..] 000353: tick 80/80
  [..] 000353: cam.listen (skip 20 stale frames)
  [OK] 000353.png  (Town04, WetNoon, sun=35°, dist=18m, lat=-1.0, hdg=-5°, npcs=45)
  [..] 000353: finally start
  [..] 000353: drain tick
  [..] 000353: destroy cam
  [..] 000353: destroy 45 npcs
  [..] 000353: destroy leader
  [..] 000353: destroy follower
  [..] 000353: post-cleanup tick
  [..] 000353: finally end
  [..] 000354: spawn follower
  [..] 000354: spawn leader
  [..] 000354: spawn NPCs (near=15, scattered=30)
  [..] 000354: spawn camera
  [..] 000354: settle (no listener)
  [..] 000354: tick 10/80
  [..] 000354: tick 20/80
  [..] 000354: tick 30/80
  [..] 000354: tick 40/80
  [..] 000354: tick 50/80
  [..] 000354: tick 60/80
  [..] 000354: tick 70/80
  [..] 000354: tick 80/80
  [..] 000354: cam.listen (skip 20 stale frames)
  [OK] 000354.png  (Town04, WetNoon, sun=31°, dist=13m, lat=-1.0, hdg=+4°, npcs=45)
  [..] 000354: finally start
  [..] 000354: drain tick
  [..] 000354: destroy cam
  [..] 000354: destroy 45 npcs
  [..] 000354: destroy leader
  [..] 000354: destroy follower
  [..] 000354: post-cleanup tick
  [..] 000354: finally end
  [..] 000355: spawn follower
  [..] 000355: spawn leader
  [..] 000355: spawn NPCs (near=15, scattered=30)
  [..] 000355: spawn camera
  [..] 000355: settle (no listener)
  [..] 000355: tick 10/80
  [..] 000355: tick 20/80
  [..] 000355: tick 30/80
  [..] 000355: tick 40/80
  [..] 000355: tick 50/80
  [..] 000355: tick 60/80
  [..] 000355: tick 70/80
  [..] 000355: tick 80/80
  [..] 000355: cam.listen (skip 20 stale frames)
  [OK] 000355.png  (Town04, ClearNoon, sun=51°, dist=16m, lat=+1.0, hdg=+4°, npcs=45)
  [..] 000355: finally start
  [..] 000355: drain tick
  [..] 000355: destroy cam
  [..] 000355: destroy 45 npcs
  [..] 000355: destroy leader
  [..] 000355: destroy follower
  [..] 000355: post-cleanup tick
  [..] 000355: finally end
  [..] 000356: spawn follower
  [..] 000356: spawn leader
  [..] 000356: spawn NPCs (near=15, scattered=30)
  [..] 000356: spawn camera
  [..] 000356: settle (no listener)
  [..] 000356: tick 10/80
  [..] 000356: tick 20/80
  [..] 000356: tick 30/80
  [..] 000356: tick 40/80
  [..] 000356: tick 50/80
  [..] 000356: tick 60/80
  [..] 000356: tick 70/80
  [..] 000356: tick 80/80
  [..] 000356: cam.listen (skip 20 stale frames)
  [OK] 000356.png  (Town04, MidRainyNoon, sun=54°, dist=12m, lat=-1.0, hdg=+2°, npcs=45)
  [..] 000356: finally start
  [..] 000356: drain tick
  [..] 000356: destroy cam
  [..] 000356: destroy 45 npcs
  [..] 000356: destroy leader
  [..] 000356: destroy follower
  [..] 000356: post-cleanup tick
  [..] 000356: finally end
  [..] 000357: spawn follower
  [..] 000357: spawn leader
  [..] 000357: spawn NPCs (near=15, scattered=30)
  [..] 000357: spawn camera
  [..] 000357: settle (no listener)
  [..] 000357: tick 10/80
  [..] 000357: tick 20/80
  [..] 000357: tick 30/80
  [..] 000357: tick 40/80
  [..] 000357: tick 50/80
  [..] 000357: tick 60/80
  [..] 000357: tick 70/80
  [..] 000357: tick 80/80
  [..] 000357: cam.listen (skip 20 stale frames)
  [OK] 000357.png  (Town04, ClearNoon, sun=60°, dist=9m, lat=+1.0, hdg=+0°, npcs=45)
  [..] 000357: finally start
  [..] 000357: drain tick
  [..] 000357: destroy cam
  [..] 000357: destroy 45 npcs
  [..] 000357: destroy leader
  [..] 000357: destroy follower
  [..] 000357: post-cleanup tick
  [..] 000357: finally end
  [..] 000358: spawn follower
  [..] 000358: spawn leader
  [..] 000358: spawn NPCs (near=15, scattered=30)
  [..] 000358: spawn camera
  [..] 000358: settle (no listener)
  [..] 000358: tick 10/80
  [..] 000358: tick 20/80
  [..] 000358: tick 30/80
  [..] 000358: tick 40/80
  [..] 000358: tick 50/80
  [..] 000358: tick 60/80
  [..] 000358: tick 70/80
  [..] 000358: tick 80/80
  [..] 000358: cam.listen (skip 20 stale frames)
  [OK] 000358.png  (Town04, WetNoon, sun=51°, dist=18m, lat=-1.0, hdg=-4°, npcs=45)
  [..] 000358: finally start
  [..] 000358: drain tick
  [..] 000358: destroy cam
  [..] 000358: destroy 45 npcs
  [..] 000358: destroy leader
  [..] 000358: destroy follower
  [..] 000358: post-cleanup tick
  [..] 000358: finally end
  [..] 000359: spawn follower
  [..] 000359: spawn leader
  [..] 000359: spawn NPCs (near=15, scattered=30)
  [..] 000359: spawn camera
  [..] 000359: settle (no listener)
  [..] 000359: tick 10/80
  [..] 000359: tick 20/80
  [..] 000359: tick 30/80
  [..] 000359: tick 40/80
  [..] 000359: tick 50/80
  [..] 000359: tick 60/80
  [..] 000359: tick 70/80
  [..] 000359: tick 80/80
  [..] 000359: cam.listen (skip 20 stale frames)
  [OK] 000359.png  (Town04, CloudyNoon, sun=56°, dist=15m, lat=-1.0, hdg=+1°, npcs=45)
  [..] 000359: finally start
  [..] 000359: drain tick
  [..] 000359: destroy cam
  [..] 000359: destroy 45 npcs
  [..] 000359: destroy leader
  [..] 000359: destroy follower
  [..] 000359: post-cleanup tick
  [..] 000359: finally end
  [..] 000360: spawn follower
  [..] 000360: spawn leader
  [..] 000360: spawn NPCs (near=15, scattered=30)
  [..] 000360: spawn camera
  [..] 000360: settle (no listener)
  [..] 000360: tick 10/80
  [..] 000360: tick 20/80
  [..] 000360: tick 30/80
  [..] 000360: tick 40/80
  [..] 000360: tick 50/80
  [..] 000360: tick 60/80
  [..] 000360: tick 70/80
  [..] 000360: tick 80/80
  [..] 000360: cam.listen (skip 20 stale frames)
  [OK] 000360.png  (Town04, CloudyNoon, sun=54°, dist=18m, lat=-1.0, hdg=+3°, npcs=45)
  [..] 000360: finally start
  [..] 000360: drain tick
  [..] 000360: destroy cam
  [..] 000360: destroy 45 npcs
  [..] 000360: destroy leader
  [..] 000360: destroy follower
  [..] 000360: post-cleanup tick
  [..] 000360: finally end
  [..] 000361: spawn follower
  [..] 000361: spawn leader
  [..] 000361: spawn NPCs (near=15, scattered=30)
  [..] 000361: spawn camera
  [..] 000361: settle (no listener)
  [..] 000361: tick 10/80
  [..] 000361: tick 20/80
  [..] 000361: tick 30/80
  [..] 000361: tick 40/80
  [..] 000361: tick 50/80
  [..] 000361: tick 60/80
  [..] 000361: tick 70/80
  [..] 000361: tick 80/80
  [..] 000361: cam.listen (skip 20 stale frames)
  [OK] 000361.png  (Town04, MidRainyNoon, sun=38°, dist=15m, lat=+0.0, hdg=-3°, npcs=39)
  [..] 000361: finally start
  [..] 000361: drain tick
  [..] 000361: destroy cam
  [..] 000361: destroy 39 npcs
  [..] 000361: destroy leader
  [..] 000361: destroy follower
  [..] 000361: post-cleanup tick
  [..] 000361: finally end
  [..] 000362: spawn follower
  [..] 000362: spawn leader
  [..] 000362: spawn NPCs (near=15, scattered=30)
  [..] 000362: spawn camera
  [..] 000362: settle (no listener)
  [..] 000362: tick 10/80
  [..] 000362: tick 20/80
  [..] 000362: tick 30/80
  [..] 000362: tick 40/80
  [..] 000362: tick 50/80
  [..] 000362: tick 60/80
  [..] 000362: tick 70/80
  [..] 000362: tick 80/80
  [..] 000362: cam.listen (skip 20 stale frames)
  [OK] 000362.png  (Town04, CloudyNoon, sun=45°, dist=9m, lat=+0.0, hdg=+3°, npcs=45)
  [..] 000362: finally start
  [..] 000362: drain tick
  [..] 000362: destroy cam
  [..] 000362: destroy 45 npcs
  [..] 000362: destroy leader
  [..] 000362: destroy follower
  [..] 000362: post-cleanup tick
  [..] 000362: finally end
  [..] 000363: spawn follower
  [..] 000363: spawn leader
  [..] 000363: spawn NPCs (near=15, scattered=30)
  [..] 000363: spawn camera
  [..] 000363: settle (no listener)
  [..] 000363: tick 10/80
  [..] 000363: tick 20/80
  [..] 000363: tick 30/80
  [..] 000363: tick 40/80
  [..] 000363: tick 50/80
  [..] 000363: tick 60/80
  [..] 000363: tick 70/80
  [..] 000363: tick 80/80
  [..] 000363: cam.listen (skip 20 stale frames)
  [OK] 000363.png  (Town04, ClearNoon, sun=52°, dist=11m, lat=+1.0, hdg=+2°, npcs=45)
  [..] 000363: finally start
  [..] 000363: drain tick
  [..] 000363: destroy cam
  [..] 000363: destroy 45 npcs
  [..] 000363: destroy leader
  [..] 000363: destroy follower
  [..] 000363: post-cleanup tick
  [..] 000363: finally end
  [SKIP] 000364: no valid lane at shift=+1 from follower lane
  [..] 000364: spawn follower
  [..] 000364: spawn leader
  [..] 000364: spawn NPCs (near=15, scattered=30)
  [..] 000364: spawn camera
  [..] 000364: settle (no listener)
  [..] 000364: tick 10/80
  [..] 000364: tick 20/80
  [..] 000364: tick 30/80
  [..] 000364: tick 40/80
  [..] 000364: tick 50/80
  [..] 000364: tick 60/80
  [..] 000364: tick 70/80
  [..] 000364: tick 80/80
  [..] 000364: cam.listen (skip 20 stale frames)
  [OK] 000364.png  (Town04, ClearNoon, sun=59°, dist=16m, lat=+0.0, hdg=+3°, npcs=39)
  [..] 000364: finally start
  [..] 000364: drain tick
  [..] 000364: destroy cam
  [..] 000364: destroy 39 npcs
  [..] 000364: destroy leader
  [..] 000364: destroy follower
  [..] 000364: post-cleanup tick
  [..] 000364: finally end
  [..] 000365: spawn follower
  [..] 000365: spawn leader
  [..] 000365: spawn NPCs (near=15, scattered=30)
  [..] 000365: spawn camera
  [..] 000365: settle (no listener)
  [..] 000365: tick 10/80
  [..] 000365: tick 20/80
  [..] 000365: tick 30/80
  [..] 000365: tick 40/80
  [..] 000365: tick 50/80
  [..] 000365: tick 60/80
  [..] 000365: tick 70/80
  [..] 000365: tick 80/80
  [..] 000365: cam.listen (skip 20 stale frames)
  [OK] 000365.png  (Town04, CloudyNoon, sun=46°, dist=16m, lat=+0.0, hdg=+4°, npcs=39)
  [..] 000365: finally start
  [..] 000365: drain tick
  [..] 000365: destroy cam
  [..] 000365: destroy 39 npcs
  [..] 000365: destroy leader
  [..] 000365: destroy follower
  [..] 000365: post-cleanup tick
  [..] 000365: finally end
  [..] 000366: spawn follower
  [..] 000366: spawn leader
  [..] 000366: spawn NPCs (near=15, scattered=30)
  [..] 000366: spawn camera
  [..] 000366: settle (no listener)
  [..] 000366: tick 10/80
  [..] 000366: tick 20/80
  [..] 000366: tick 30/80
  [..] 000366: tick 40/80
  [..] 000366: tick 50/80
  [..] 000366: tick 60/80
  [..] 000366: tick 70/80
  [..] 000366: tick 80/80
  [..] 000366: cam.listen (skip 20 stale frames)
  [OK] 000366.png  (Town04, WetNoon, sun=50°, dist=10m, lat=+1.0, hdg=+1°, npcs=45)
  [..] 000366: finally start
  [..] 000366: drain tick
  [..] 000366: destroy cam
  [..] 000366: destroy 45 npcs
  [..] 000366: destroy leader
  [..] 000366: destroy follower
  [..] 000366: post-cleanup tick
  [..] 000366: finally end
  [..] 000367: spawn follower
  [..] 000367: spawn leader
  [..] 000367: spawn NPCs (near=15, scattered=30)
  [..] 000367: spawn camera
  [..] 000367: settle (no listener)
  [..] 000367: tick 10/80
  [..] 000367: tick 20/80
  [..] 000367: tick 30/80
  [..] 000367: tick 40/80
  [..] 000367: tick 50/80
  [..] 000367: tick 60/80
  [..] 000367: tick 70/80
  [..] 000367: tick 80/80
  [..] 000367: cam.listen (skip 20 stale frames)
  [OK] 000367.png  (Town04, WetNoon, sun=33°, dist=15m, lat=+0.0, hdg=+5°, npcs=45)
  [..] 000367: finally start
  [..] 000367: drain tick
  [..] 000367: destroy cam
  [..] 000367: destroy 45 npcs
  [..] 000367: destroy leader
  [..] 000367: destroy follower
  [..] 000367: post-cleanup tick
  [..] 000367: finally end
  [..] 000368: spawn follower
  [..] 000368: spawn leader
  [..] 000368: spawn NPCs (near=15, scattered=30)
  [..] 000368: spawn camera
  [..] 000368: settle (no listener)
  [..] 000368: tick 10/80
  [..] 000368: tick 20/80
  [..] 000368: tick 30/80
  [..] 000368: tick 40/80
  [..] 000368: tick 50/80
  [..] 000368: tick 60/80
  [..] 000368: tick 70/80
  [..] 000368: tick 80/80
  [..] 000368: cam.listen (skip 20 stale frames)
  [OK] 000368.png  (Town04, MidRainyNoon, sun=48°, dist=7m, lat=+1.0, hdg=-4°, npcs=45)
  [..] 000368: finally start
  [..] 000368: drain tick
  [..] 000368: destroy cam
  [..] 000368: destroy 45 npcs
  [..] 000368: destroy leader
  [..] 000368: destroy follower
  [..] 000368: post-cleanup tick
  [..] 000368: finally end
  [SKIP] 000369: no valid lane at shift=+1 from follower lane
  [..] 000369: spawn follower
  [..] 000369: spawn leader
  [..] 000369: spawn NPCs (near=15, scattered=30)
  [..] 000369: spawn camera
  [..] 000369: settle (no listener)
  [..] 000369: tick 10/80
  [..] 000369: tick 20/80
  [..] 000369: tick 30/80
  [..] 000369: tick 40/80
  [..] 000369: tick 50/80
  [..] 000369: tick 60/80
  [..] 000369: tick 70/80
  [..] 000369: tick 80/80
  [..] 000369: cam.listen (skip 20 stale frames)
  [OK] 000369.png  (Town04, WetNoon, sun=28°, dist=17m, lat=-1.0, hdg=-4°, npcs=45)
  [..] 000369: finally start
  [..] 000369: drain tick
  [..] 000369: destroy cam
  [..] 000369: destroy 45 npcs
  [..] 000369: destroy leader
  [..] 000369: destroy follower
  [..] 000369: post-cleanup tick
  [..] 000369: finally end
  [..] 000370: spawn follower
  [..] 000370: spawn leader
  [..] 000370: spawn NPCs (near=15, scattered=30)
  [..] 000370: spawn camera
  [..] 000370: settle (no listener)
  [..] 000370: tick 10/80
  [..] 000370: tick 20/80
  [..] 000370: tick 30/80
  [..] 000370: tick 40/80
  [..] 000370: tick 50/80
  [..] 000370: tick 60/80
  [..] 000370: tick 70/80
  [..] 000370: tick 80/80
  [..] 000370: cam.listen (skip 20 stale frames)
  [OK] 000370.png  (Town04, ClearNoon, sun=68°, dist=7m, lat=-1.0, hdg=+4°, npcs=45)
  [..] 000370: finally start
  [..] 000370: drain tick
  [..] 000370: destroy cam
  [..] 000370: destroy 45 npcs
  [..] 000370: destroy leader
  [..] 000370: destroy follower
  [..] 000370: post-cleanup tick
  [..] 000370: finally end
  [SKIP] 000371: no valid lane at shift=+1 from follower lane
  [..] 000371: spawn follower
  [..] 000371: spawn leader
  [..] 000371: spawn NPCs (near=15, scattered=30)
  [..] 000371: spawn camera
  [..] 000371: settle (no listener)
  [..] 000371: tick 10/80
  [..] 000371: tick 20/80
  [..] 000371: tick 30/80
  [..] 000371: tick 40/80
  [..] 000371: tick 50/80
  [..] 000371: tick 60/80
  [..] 000371: tick 70/80
  [..] 000371: tick 80/80
  [..] 000371: cam.listen (skip 20 stale frames)
  [OK] 000371.png  (Town04, WetNoon, sun=59°, dist=13m, lat=+0.0, hdg=+3°, npcs=45)
  [..] 000371: finally start
  [..] 000371: drain tick
  [..] 000371: destroy cam
  [..] 000371: destroy 45 npcs
  [..] 000371: destroy leader
  [..] 000371: destroy follower
  [..] 000371: post-cleanup tick
  [..] 000371: finally end
  [SKIP] 000372: no valid lane at shift=+1 from follower lane
  [..] 000372: spawn follower
  [..] 000372: spawn leader
  [..] 000372: spawn NPCs (near=15, scattered=30)
  [..] 000372: spawn camera
  [..] 000372: settle (no listener)
  [..] 000372: tick 10/80
  [..] 000372: tick 20/80
  [..] 000372: tick 30/80
  [..] 000372: tick 40/80
  [..] 000372: tick 50/80
  [..] 000372: tick 60/80
  [..] 000372: tick 70/80
  [..] 000372: tick 80/80
  [..] 000372: cam.listen (skip 20 stale frames)
  [OK] 000372.png  (Town04, ClearNoon, sun=54°, dist=6m, lat=+0.0, hdg=+3°, npcs=39)
  [..] 000372: finally start
  [..] 000372: drain tick
  [..] 000372: destroy cam
  [..] 000372: destroy 39 npcs
  [..] 000372: destroy leader
  [..] 000372: destroy follower
  [..] 000372: post-cleanup tick
  [..] 000372: finally end
  [SKIP] 000373: no valid lane at shift=+1 from follower lane
  [..] 000373: spawn follower
  [..] 000373: spawn leader
  [..] 000373: spawn NPCs (near=15, scattered=30)
  [..] 000373: spawn camera
  [..] 000373: settle (no listener)
  [..] 000373: tick 10/80
  [..] 000373: tick 20/80
  [..] 000373: tick 30/80
  [..] 000373: tick 40/80
  [..] 000373: tick 50/80
  [..] 000373: tick 60/80
  [..] 000373: tick 70/80
  [..] 000373: tick 80/80
  [..] 000373: cam.listen (skip 20 stale frames)
  [OK] 000373.png  (Town04, WetNoon, sun=57°, dist=11m, lat=+0.0, hdg=+5°, npcs=39)
  [..] 000373: finally start
  [..] 000373: drain tick
  [..] 000373: destroy cam
  [..] 000373: destroy 39 npcs
  [..] 000373: destroy leader
  [..] 000373: destroy follower
  [..] 000373: post-cleanup tick
  [..] 000373: finally end
  [..] 000374: spawn follower
  [..] 000374: spawn leader
  [..] 000374: spawn NPCs (near=15, scattered=30)
  [..] 000374: spawn camera
  [..] 000374: settle (no listener)
  [..] 000374: tick 10/80
  [..] 000374: tick 20/80
  [..] 000374: tick 30/80
  [..] 000374: tick 40/80
  [..] 000374: tick 50/80
  [..] 000374: tick 60/80
  [..] 000374: tick 70/80
  [..] 000374: tick 80/80
  [..] 000374: cam.listen (skip 20 stale frames)
  [OK] 000374.png  (Town04, CloudyNoon, sun=64°, dist=7m, lat=+1.0, hdg=-1°, npcs=45)
  [..] 000374: finally start
  [..] 000374: drain tick
  [..] 000374: destroy cam
  [..] 000374: destroy 45 npcs
  [..] 000374: destroy leader
  [..] 000374: destroy follower
  [..] 000374: post-cleanup tick
  [..] 000374: finally end
  [SKIP] 000375: no valid lane at shift=+1 from follower lane
  [SKIP] 000375: no valid lane at shift=+1 from follower lane
  [..] 000375: spawn follower
  [..] 000375: spawn leader
  [..] 000375: spawn NPCs (near=15, scattered=30)
  [..] 000375: spawn camera
  [..] 000375: settle (no listener)
  [..] 000375: tick 10/80
  [..] 000375: tick 20/80
  [..] 000375: tick 30/80
  [..] 000375: tick 40/80
  [..] 000375: tick 50/80
  [..] 000375: tick 60/80
  [..] 000375: tick 70/80
  [..] 000375: tick 80/80
  [..] 000375: cam.listen (skip 20 stale frames)
  [OK] 000375.png  (Town04, CloudyNoon, sun=64°, dist=12m, lat=-1.0, hdg=+1°, npcs=45)
  [..] 000375: finally start
  [..] 000375: drain tick
  [..] 000375: destroy cam
  [..] 000375: destroy 45 npcs
  [..] 000375: destroy leader
  [..] 000375: destroy follower
  [..] 000375: post-cleanup tick
  [..] 000375: finally end
  [..] 000376: spawn follower
  [..] 000376: spawn leader
  [..] 000376: spawn NPCs (near=15, scattered=30)
  [..] 000376: spawn camera
  [..] 000376: settle (no listener)
  [..] 000376: tick 10/80
  [..] 000376: tick 20/80
  [..] 000376: tick 30/80
  [..] 000376: tick 40/80
  [..] 000376: tick 50/80
  [..] 000376: tick 60/80
  [..] 000376: tick 70/80
  [..] 000376: tick 80/80
  [..] 000376: cam.listen (skip 20 stale frames)
  [OK] 000376.png  (Town04, ClearNoon, sun=63°, dist=9m, lat=+1.0, hdg=-1°, npcs=45)
  [..] 000376: finally start
  [..] 000376: drain tick
  [..] 000376: destroy cam
  [..] 000376: destroy 45 npcs
  [..] 000376: destroy leader
  [..] 000376: destroy follower
  [..] 000376: post-cleanup tick
  [..] 000376: finally end
  [..] 000377: spawn follower
  [..] 000377: spawn leader
  [..] 000377: spawn NPCs (near=15, scattered=30)
  [..] 000377: spawn camera
  [..] 000377: settle (no listener)
  [..] 000377: tick 10/80
  [..] 000377: tick 20/80
  [..] 000377: tick 30/80
  [..] 000377: tick 40/80
  [..] 000377: tick 50/80
  [..] 000377: tick 60/80
  [..] 000377: tick 70/80
  [..] 000377: tick 80/80
  [..] 000377: cam.listen (skip 20 stale frames)
  [OK] 000377.png  (Town04, MidRainyNoon, sun=45°, dist=12m, lat=+0.0, hdg=+1°, npcs=45)
  [..] 000377: finally start
  [..] 000377: drain tick
  [..] 000377: destroy cam
  [..] 000377: destroy 45 npcs
  [..] 000377: destroy leader
  [..] 000377: destroy follower
  [..] 000377: post-cleanup tick
  [..] 000377: finally end
  [..] 000378: spawn follower
  [..] 000378: spawn leader
  [..] 000378: spawn NPCs (near=15, scattered=30)
  [..] 000378: spawn camera
  [..] 000378: settle (no listener)
  [..] 000378: tick 10/80
  [..] 000378: tick 20/80
  [..] 000378: tick 30/80
  [..] 000378: tick 40/80
  [..] 000378: tick 50/80
  [..] 000378: tick 60/80
  [..] 000378: tick 70/80
  [..] 000378: tick 80/80
  [..] 000378: cam.listen (skip 20 stale frames)
  [OK] 000378.png  (Town04, MidRainyNoon, sun=51°, dist=15m, lat=-1.0, hdg=+4°, npcs=45)
  [..] 000378: finally start
  [..] 000378: drain tick
  [..] 000378: destroy cam
  [..] 000378: destroy 45 npcs
  [..] 000378: destroy leader
  [..] 000378: destroy follower
  [..] 000378: post-cleanup tick
  [..] 000378: finally end
  [..] 000379: spawn follower
  [..] 000379: spawn leader
  [..] 000379: spawn NPCs (near=15, scattered=30)
  [..] 000379: spawn camera
  [..] 000379: settle (no listener)
  [..] 000379: tick 10/80
  [..] 000379: tick 20/80
  [..] 000379: tick 30/80
  [..] 000379: tick 40/80
  [..] 000379: tick 50/80
  [..] 000379: tick 60/80
  [..] 000379: tick 70/80
  [..] 000379: tick 80/80
  [..] 000379: cam.listen (skip 20 stale frames)
  [OK] 000379.png  (Town04, MidRainyNoon, sun=41°, dist=15m, lat=-1.0, hdg=-2°, npcs=39)
  [..] 000379: finally start
  [..] 000379: drain tick
  [..] 000379: destroy cam
  [..] 000379: destroy 39 npcs
  [..] 000379: destroy leader
  [..] 000379: destroy follower
  [..] 000379: post-cleanup tick
  [..] 000379: finally end
  [..] 000380: spawn follower
  [..] 000380: spawn leader
  [..] 000380: spawn NPCs (near=15, scattered=30)
  [..] 000380: spawn camera
  [..] 000380: settle (no listener)
  [..] 000380: tick 10/80
  [..] 000380: tick 20/80
  [..] 000380: tick 30/80
  [..] 000380: tick 40/80
  [..] 000380: tick 50/80
  [..] 000380: tick 60/80
  [..] 000380: tick 70/80
  [..] 000380: tick 80/80
  [..] 000380: cam.listen (skip 20 stale frames)
  [OK] 000380.png  (Town04, WetNoon, sun=67°, dist=15m, lat=-1.0, hdg=+1°, npcs=39)
  [..] 000380: finally start
  [..] 000380: drain tick
  [..] 000380: destroy cam
  [..] 000380: destroy 39 npcs
  [..] 000380: destroy leader
  [..] 000380: destroy follower
  [..] 000380: post-cleanup tick
  [..] 000380: finally end
  [..] 000381: spawn follower
  [..] 000381: spawn leader
  [..] 000381: spawn NPCs (near=15, scattered=30)
  [..] 000381: spawn camera
  [..] 000381: settle (no listener)
  [..] 000381: tick 10/80
  [..] 000381: tick 20/80
  [..] 000381: tick 30/80
  [..] 000381: tick 40/80
  [..] 000381: tick 50/80
  [..] 000381: tick 60/80
  [..] 000381: tick 70/80
  [..] 000381: tick 80/80
  [..] 000381: cam.listen (skip 20 stale frames)
  [OK] 000381.png  (Town04, WetNoon, sun=48°, dist=9m, lat=-1.0, hdg=-2°, npcs=39)
  [..] 000381: finally start
  [..] 000381: drain tick
  [..] 000381: destroy cam
  [..] 000381: destroy 39 npcs
  [..] 000381: destroy leader
  [..] 000381: destroy follower
  [..] 000381: post-cleanup tick
  [..] 000381: finally end
  [..] 000382: spawn follower
  [..] 000382: spawn leader
  [..] 000382: spawn NPCs (near=15, scattered=30)
  [..] 000382: spawn camera
  [..] 000382: settle (no listener)
  [..] 000382: tick 10/80
  [..] 000382: tick 20/80
  [..] 000382: tick 30/80
  [..] 000382: tick 40/80
  [..] 000382: tick 50/80
  [..] 000382: tick 60/80
  [..] 000382: tick 70/80
  [..] 000382: tick 80/80
  [..] 000382: cam.listen (skip 20 stale frames)
  [OK] 000382.png  (Town04, CloudyNoon, sun=46°, dist=15m, lat=+0.0, hdg=+3°, npcs=45)
  [..] 000382: finally start
  [..] 000382: drain tick
  [..] 000382: destroy cam
  [..] 000382: destroy 45 npcs
  [..] 000382: destroy leader
  [..] 000382: destroy follower
  [..] 000382: post-cleanup tick
  [..] 000382: finally end
  [..] 000383: spawn follower
  [..] 000383: spawn leader
  [..] 000383: spawn NPCs (near=15, scattered=30)
  [..] 000383: spawn camera
  [..] 000383: settle (no listener)
  [..] 000383: tick 10/80
  [..] 000383: tick 20/80
  [..] 000383: tick 30/80
  [..] 000383: tick 40/80
  [..] 000383: tick 50/80
  [..] 000383: tick 60/80
  [..] 000383: tick 70/80
  [..] 000383: tick 80/80
  [..] 000383: cam.listen (skip 20 stale frames)
  [OK] 000383.png  (Town04, ClearNoon, sun=37°, dist=8m, lat=+0.0, hdg=-1°, npcs=45)
  [..] 000383: finally start
  [..] 000383: drain tick
  [..] 000383: destroy cam
  [..] 000383: destroy 45 npcs
  [..] 000383: destroy leader
  [..] 000383: destroy follower
  [..] 000383: post-cleanup tick
  [..] 000383: finally end
  [..] 000384: spawn follower
  [..] 000384: spawn leader
  [..] 000384: spawn NPCs (near=15, scattered=30)
  [..] 000384: spawn camera
  [..] 000384: settle (no listener)
  [..] 000384: tick 10/80
  [..] 000384: tick 20/80
  [..] 000384: tick 30/80
  [..] 000384: tick 40/80
  [..] 000384: tick 50/80
  [..] 000384: tick 60/80
  [..] 000384: tick 70/80
  [..] 000384: tick 80/80
  [..] 000384: cam.listen (skip 20 stale frames)
  [OK] 000384.png  (Town04, ClearNoon, sun=58°, dist=9m, lat=-1.0, hdg=+2°, npcs=45)
  [..] 000384: finally start
  [..] 000384: drain tick
  [..] 000384: destroy cam
  [..] 000384: destroy 45 npcs
  [..] 000384: destroy leader
  [..] 000384: destroy follower
  [..] 000384: post-cleanup tick
  [..] 000384: finally end
  [..] 000385: spawn follower
  [..] 000385: spawn leader
  [..] 000385: spawn NPCs (near=15, scattered=30)
  [..] 000385: spawn camera
  [..] 000385: settle (no listener)
  [..] 000385: tick 10/80
  [..] 000385: tick 20/80
  [..] 000385: tick 30/80
  [..] 000385: tick 40/80
  [..] 000385: tick 50/80
  [..] 000385: tick 60/80
  [..] 000385: tick 70/80
  [..] 000385: tick 80/80
  [..] 000385: cam.listen (skip 20 stale frames)
  [OK] 000385.png  (Town04, ClearNoon, sun=62°, dist=10m, lat=+1.0, hdg=-4°, npcs=45)
  [..] 000385: finally start
  [..] 000385: drain tick
  [..] 000385: destroy cam
  [..] 000385: destroy 45 npcs
  [..] 000385: destroy leader
  [..] 000385: destroy follower
  [..] 000385: post-cleanup tick
  [..] 000385: finally end
  [..] 000386: spawn follower
  [..] 000386: spawn leader
  [..] 000386: spawn NPCs (near=15, scattered=30)
  [..] 000386: spawn camera
  [..] 000386: settle (no listener)
  [..] 000386: tick 10/80
  [..] 000386: tick 20/80
  [..] 000386: tick 30/80
  [..] 000386: tick 40/80
  [..] 000386: tick 50/80
  [..] 000386: tick 60/80
  [..] 000386: tick 70/80
  [..] 000386: tick 80/80
  [..] 000386: cam.listen (skip 20 stale frames)
  [OK] 000386.png  (Town04, CloudyNoon, sun=28°, dist=16m, lat=+1.0, hdg=+2°, npcs=45)
  [..] 000386: finally start
  [..] 000386: drain tick
  [..] 000386: destroy cam
  [..] 000386: destroy 45 npcs
  [..] 000386: destroy leader
  [..] 000386: destroy follower
  [..] 000386: post-cleanup tick
  [..] 000386: finally end
  [..] 000387: spawn follower
  [..] 000387: spawn leader
  [..] 000387: spawn NPCs (near=15, scattered=30)
  [..] 000387: spawn camera
  [..] 000387: settle (no listener)
  [..] 000387: tick 10/80
  [..] 000387: tick 20/80
  [..] 000387: tick 30/80
  [..] 000387: tick 40/80
  [..] 000387: tick 50/80
  [..] 000387: tick 60/80
  [..] 000387: tick 70/80
  [..] 000387: tick 80/80
  [..] 000387: cam.listen (skip 20 stale frames)
  [OK] 000387.png  (Town04, ClearNoon, sun=68°, dist=14m, lat=-1.0, hdg=-0°, npcs=45)
  [..] 000387: finally start
  [..] 000387: drain tick
  [..] 000387: destroy cam
  [..] 000387: destroy 45 npcs
  [..] 000387: destroy leader
  [..] 000387: destroy follower
  [..] 000387: post-cleanup tick
  [..] 000387: finally end
  [..] 000388: spawn follower
  [..] 000388: spawn leader
  [..] 000388: spawn NPCs (near=15, scattered=30)
  [..] 000388: spawn camera
  [..] 000388: settle (no listener)
  [..] 000388: tick 10/80
  [..] 000388: tick 20/80
  [..] 000388: tick 30/80
  [..] 000388: tick 40/80
  [..] 000388: tick 50/80
  [..] 000388: tick 60/80
  [..] 000388: tick 70/80
  [..] 000388: tick 80/80
  [..] 000388: cam.listen (skip 20 stale frames)
  [OK] 000388.png  (Town04, WetNoon, sun=69°, dist=10m, lat=+1.0, hdg=-1°, npcs=45)
  [..] 000388: finally start
  [..] 000388: drain tick
  [..] 000388: destroy cam
  [..] 000388: destroy 45 npcs
  [..] 000388: destroy leader
  [..] 000388: destroy follower
  [..] 000388: post-cleanup tick
  [..] 000388: finally end
  [..] 000389: spawn follower
  [..] 000389: spawn leader
  [..] 000389: spawn NPCs (near=15, scattered=30)
  [..] 000389: spawn camera
  [..] 000389: settle (no listener)
  [..] 000389: tick 10/80
  [..] 000389: tick 20/80
  [..] 000389: tick 30/80
  [..] 000389: tick 40/80
  [..] 000389: tick 50/80
  [..] 000389: tick 60/80
  [..] 000389: tick 70/80
  [..] 000389: tick 80/80
  [..] 000389: cam.listen (skip 20 stale frames)
  [OK] 000389.png  (Town04, MidRainyNoon, sun=38°, dist=16m, lat=-1.0, hdg=+2°, npcs=39)
  [..] 000389: finally start
  [..] 000389: drain tick
  [..] 000389: destroy cam
  [..] 000389: destroy 39 npcs
  [..] 000389: destroy leader
  [..] 000389: destroy follower
  [..] 000389: post-cleanup tick
  [..] 000389: finally end
  [..] 000390: spawn follower
  [..] 000390: spawn leader
  [..] 000390: spawn NPCs (near=15, scattered=30)
  [..] 000390: spawn camera
  [..] 000390: settle (no listener)
  [..] 000390: tick 10/80
  [..] 000390: tick 20/80
  [..] 000390: tick 30/80
  [..] 000390: tick 40/80
  [..] 000390: tick 50/80
  [..] 000390: tick 60/80
  [..] 000390: tick 70/80
  [..] 000390: tick 80/80
  [..] 000390: cam.listen (skip 20 stale frames)
  [OK] 000390.png  (Town04, WetNoon, sun=40°, dist=13m, lat=+0.0, hdg=-2°, npcs=45)
  [..] 000390: finally start
  [..] 000390: drain tick
  [..] 000390: destroy cam
  [..] 000390: destroy 45 npcs
  [..] 000390: destroy leader
  [..] 000390: destroy follower
  [..] 000390: post-cleanup tick
  [..] 000390: finally end
  [..] 000391: spawn follower
  [..] 000391: spawn leader
  [..] 000391: spawn NPCs (near=15, scattered=30)
  [..] 000391: spawn camera
  [..] 000391: settle (no listener)
  [..] 000391: tick 10/80
  [..] 000391: tick 20/80
  [..] 000391: tick 30/80
  [..] 000391: tick 40/80
  [..] 000391: tick 50/80
  [..] 000391: tick 60/80
  [..] 000391: tick 70/80
  [..] 000391: tick 80/80
  [..] 000391: cam.listen (skip 20 stale frames)
  [OK] 000391.png  (Town04, ClearNoon, sun=68°, dist=14m, lat=-1.0, hdg=+0°, npcs=45)
  [..] 000391: finally start
  [..] 000391: drain tick
  [..] 000391: destroy cam
  [..] 000391: destroy 45 npcs
  [..] 000391: destroy leader
  [..] 000391: destroy follower
  [..] 000391: post-cleanup tick
  [..] 000391: finally end
  [..] 000392: spawn follower
  [..] 000392: spawn leader
  [..] 000392: spawn NPCs (near=15, scattered=30)
  [..] 000392: spawn camera
  [..] 000392: settle (no listener)
  [..] 000392: tick 10/80
  [..] 000392: tick 20/80
  [..] 000392: tick 30/80
  [..] 000392: tick 40/80
  [..] 000392: tick 50/80
  [..] 000392: tick 60/80
  [..] 000392: tick 70/80
  [..] 000392: tick 80/80
  [..] 000392: cam.listen (skip 20 stale frames)
  [OK] 000392.png  (Town04, ClearNoon, sun=29°, dist=17m, lat=+1.0, hdg=-2°, npcs=45)
  [..] 000392: finally start
  [..] 000392: drain tick
  [..] 000392: destroy cam
  [..] 000392: destroy 45 npcs
  [..] 000392: destroy leader
  [..] 000392: destroy follower
  [..] 000392: post-cleanup tick
  [..] 000392: finally end
  [..] 000393: spawn follower
  [..] 000393: spawn leader
  [..] 000393: spawn NPCs (near=15, scattered=30)
  [..] 000393: spawn camera
  [..] 000393: settle (no listener)
  [..] 000393: tick 10/80
  [..] 000393: tick 20/80
  [..] 000393: tick 30/80
  [..] 000393: tick 40/80
  [..] 000393: tick 50/80
  [..] 000393: tick 60/80
  [..] 000393: tick 70/80
  [..] 000393: tick 80/80
  [..] 000393: cam.listen (skip 20 stale frames)
  [OK] 000393.png  (Town04, ClearNoon, sun=36°, dist=6m, lat=-1.0, hdg=+1°, npcs=45)
  [..] 000393: finally start
  [..] 000393: drain tick
  [..] 000393: destroy cam
  [..] 000393: destroy 45 npcs
  [..] 000393: destroy leader
  [..] 000393: destroy follower
  [..] 000393: post-cleanup tick
  [..] 000393: finally end
  [..] 000394: spawn follower
  [..] 000394: spawn leader
  [..] 000394: spawn NPCs (near=15, scattered=30)
  [..] 000394: spawn camera
  [..] 000394: settle (no listener)
  [..] 000394: tick 10/80
  [..] 000394: tick 20/80
  [..] 000394: tick 30/80
  [..] 000394: tick 40/80
  [..] 000394: tick 50/80
  [..] 000394: tick 60/80
  [..] 000394: tick 70/80
  [..] 000394: tick 80/80
  [..] 000394: cam.listen (skip 20 stale frames)
  [OK] 000394.png  (Town04, ClearNoon, sun=26°, dist=10m, lat=-1.0, hdg=-1°, npcs=45)
  [..] 000394: finally start
  [..] 000394: drain tick
  [..] 000394: destroy cam
  [..] 000394: destroy 45 npcs
  [..] 000394: destroy leader
  [..] 000394: destroy follower
  [..] 000394: post-cleanup tick
  [..] 000394: finally end
  [..] 000395: spawn follower
  [..] 000395: spawn leader
  [..] 000395: spawn NPCs (near=15, scattered=30)
  [..] 000395: spawn camera
  [..] 000395: settle (no listener)
  [..] 000395: tick 10/80
  [..] 000395: tick 20/80
  [..] 000395: tick 30/80
  [..] 000395: tick 40/80
  [..] 000395: tick 50/80
  [..] 000395: tick 60/80
  [..] 000395: tick 70/80
  [..] 000395: tick 80/80
  [..] 000395: cam.listen (skip 20 stale frames)
  [OK] 000395.png  (Town04, ClearNoon, sun=58°, dist=10m, lat=-1.0, hdg=-1°, npcs=39)
  [..] 000395: finally start
  [..] 000395: drain tick
  [..] 000395: destroy cam
  [..] 000395: destroy 39 npcs
  [..] 000395: destroy leader
  [..] 000395: destroy follower
  [..] 000395: post-cleanup tick
  [..] 000395: finally end
  [..] 000396: spawn follower
  [..] 000396: spawn leader
  [..] 000396: spawn NPCs (near=15, scattered=30)
  [..] 000396: spawn camera
  [..] 000396: settle (no listener)
  [..] 000396: tick 10/80
  [..] 000396: tick 20/80
  [..] 000396: tick 30/80
  [..] 000396: tick 40/80
  [..] 000396: tick 50/80
  [..] 000396: tick 60/80
  [..] 000396: tick 70/80
  [..] 000396: tick 80/80
  [..] 000396: cam.listen (skip 20 stale frames)
  [OK] 000396.png  (Town04, CloudyNoon, sun=26°, dist=15m, lat=+0.0, hdg=+3°, npcs=45)
  [..] 000396: finally start
  [..] 000396: drain tick
  [..] 000396: destroy cam
  [..] 000396: destroy 45 npcs
  [..] 000396: destroy leader
  [..] 000396: destroy follower
  [..] 000396: post-cleanup tick
  [..] 000396: finally end
  [SKIP] 000397: no valid lane at shift=+1 from follower lane
  [..] 000397: spawn follower
  [..] 000397: spawn leader
  [..] 000397: spawn NPCs (near=15, scattered=30)
  [..] 000397: spawn camera
  [..] 000397: settle (no listener)
  [..] 000397: tick 10/80
  [..] 000397: tick 20/80
  [..] 000397: tick 30/80
  [..] 000397: tick 40/80
  [..] 000397: tick 50/80
  [..] 000397: tick 60/80
  [..] 000397: tick 70/80
  [..] 000397: tick 80/80
  [..] 000397: cam.listen (skip 20 stale frames)
  [OK] 000397.png  (Town04, MidRainyNoon, sun=69°, dist=12m, lat=+0.0, hdg=-1°, npcs=45)
  [..] 000397: finally start
  [..] 000397: drain tick
  [..] 000397: destroy cam
  [..] 000397: destroy 45 npcs
  [..] 000397: destroy leader
  [..] 000397: destroy follower
  [..] 000397: post-cleanup tick
  [..] 000397: finally end
  [..] 000398: spawn follower
  [..] 000398: spawn leader
  [..] 000398: spawn NPCs (near=15, scattered=30)
  [..] 000398: spawn camera
  [..] 000398: settle (no listener)
  [..] 000398: tick 10/80
  [..] 000398: tick 20/80
  [..] 000398: tick 30/80
  [..] 000398: tick 40/80
  [..] 000398: tick 50/80
  [..] 000398: tick 60/80
  [..] 000398: tick 70/80
  [..] 000398: tick 80/80
  [..] 000398: cam.listen (skip 20 stale frames)
  [OK] 000398.png  (Town04, CloudyNoon, sun=37°, dist=15m, lat=+0.0, hdg=-2°, npcs=45)
  [..] 000398: finally start
  [..] 000398: drain tick
  [..] 000398: destroy cam
  [..] 000398: destroy 45 npcs
  [..] 000398: destroy leader
  [..] 000398: destroy follower
  [..] 000398: post-cleanup tick
  [..] 000398: finally end
  [..] 000399: spawn follower
  [..] 000399: spawn leader
  [..] 000399: spawn NPCs (near=15, scattered=30)
  [..] 000399: spawn camera
  [..] 000399: settle (no listener)
  [..] 000399: tick 10/80
  [..] 000399: tick 20/80
  [..] 000399: tick 30/80
  [..] 000399: tick 40/80
  [..] 000399: tick 50/80
  [..] 000399: tick 60/80
  [..] 000399: tick 70/80
  [..] 000399: tick 80/80
  [..] 000399: cam.listen (skip 20 stale frames)
  [OK] 000399.png  (Town04, WetNoon, sun=38°, dist=8m, lat=-1.0, hdg=+5°, npcs=45)
  [..] 000399: finally start
  [..] 000399: drain tick
  [..] 000399: destroy cam
  [..] 000399: destroy 45 npcs
  [..] 000399: destroy leader
  [..] 000399: destroy follower
  [..] 000399: post-cleanup tick
  [..] 000399: finally end
  [..] 000400: spawn follower
  [..] 000400: spawn leader
  [..] 000400: spawn NPCs (near=15, scattered=30)
  [..] 000400: spawn camera
  [..] 000400: settle (no listener)
  [..] 000400: tick 10/80
  [..] 000400: tick 20/80
  [..] 000400: tick 30/80
  [..] 000400: tick 40/80
  [..] 000400: tick 50/80
  [..] 000400: tick 60/80
  [..] 000400: tick 70/80
  [..] 000400: tick 80/80
  [..] 000400: cam.listen (skip 20 stale frames)
  [OK] 000400.png  (Town04, ClearNoon, sun=66°, dist=12m, lat=+1.0, hdg=-1°, npcs=45)
  [..] 000400: finally start
  [..] 000400: drain tick
  [..] 000400: destroy cam
  [..] 000400: destroy 45 npcs
  [..] 000400: destroy leader
  [..] 000400: destroy follower
  [..] 000400: post-cleanup tick
  [..] 000400: finally end
  [..] 000401: spawn follower
  [..] 000401: spawn leader
  [..] 000401: spawn NPCs (near=15, scattered=30)
  [..] 000401: spawn camera
  [..] 000401: settle (no listener)
  [..] 000401: tick 10/80
  [..] 000401: tick 20/80
  [..] 000401: tick 30/80
  [..] 000401: tick 40/80
  [..] 000401: tick 50/80
  [..] 000401: tick 60/80
  [..] 000401: tick 70/80
  [..] 000401: tick 80/80
  [..] 000401: cam.listen (skip 20 stale frames)
  [OK] 000401.png  (Town04, WetNoon, sun=48°, dist=8m, lat=+0.0, hdg=+3°, npcs=45)
  [..] 000401: finally start
  [..] 000401: drain tick
  [..] 000401: destroy cam
  [..] 000401: destroy 45 npcs
  [..] 000401: destroy leader
  [..] 000401: destroy follower
  [..] 000401: post-cleanup tick
  [..] 000401: finally end
  [..] 000402: spawn follower
  [..] 000402: spawn leader
  [..] 000402: spawn NPCs (near=15, scattered=30)
  [..] 000402: spawn camera
  [..] 000402: settle (no listener)
  [..] 000402: tick 10/80
  [..] 000402: tick 20/80
  [..] 000402: tick 30/80
  [..] 000402: tick 40/80
  [..] 000402: tick 50/80
  [..] 000402: tick 60/80
  [..] 000402: tick 70/80
  [..] 000402: tick 80/80
  [..] 000402: cam.listen (skip 20 stale frames)
  [OK] 000402.png  (Town04, CloudyNoon, sun=40°, dist=12m, lat=-1.0, hdg=+2°, npcs=45)
  [..] 000402: finally start
  [..] 000402: drain tick
  [..] 000402: destroy cam
  [..] 000402: destroy 45 npcs
  [..] 000402: destroy leader
  [..] 000402: destroy follower
  [..] 000402: post-cleanup tick
  [..] 000402: finally end
  [..] 000403: spawn follower
  [..] 000403: spawn leader
  [..] 000403: spawn NPCs (near=15, scattered=30)
  [..] 000403: spawn camera
  [..] 000403: settle (no listener)
  [..] 000403: tick 10/80
  [..] 000403: tick 20/80
  [..] 000403: tick 30/80
  [..] 000403: tick 40/80
  [..] 000403: tick 50/80
  [..] 000403: tick 60/80
  [..] 000403: tick 70/80
  [..] 000403: tick 80/80
  [..] 000403: cam.listen (skip 20 stale frames)
  [OK] 000403.png  (Town04, CloudyNoon, sun=55°, dist=9m, lat=-1.0, hdg=+2°, npcs=45)
  [..] 000403: finally start
  [..] 000403: drain tick
  [..] 000403: destroy cam
  [..] 000403: destroy 45 npcs
  [..] 000403: destroy leader
  [..] 000403: destroy follower
  [..] 000403: post-cleanup tick
  [..] 000403: finally end
  [..] 000404: spawn follower
  [..] 000404: spawn leader
  [..] 000404: spawn NPCs (near=15, scattered=30)
  [..] 000404: spawn camera
  [..] 000404: settle (no listener)
  [..] 000404: tick 10/80
  [..] 000404: tick 20/80
  [..] 000404: tick 30/80
  [..] 000404: tick 40/80
  [..] 000404: tick 50/80
  [..] 000404: tick 60/80
  [..] 000404: tick 70/80
  [..] 000404: tick 80/80
  [..] 000404: cam.listen (skip 20 stale frames)
  [OK] 000404.png  (Town04, CloudyNoon, sun=66°, dist=8m, lat=+0.0, hdg=+1°, npcs=45)
  [..] 000404: finally start
  [..] 000404: drain tick
  [..] 000404: destroy cam
  [..] 000404: destroy 45 npcs
  [..] 000404: destroy leader
  [..] 000404: destroy follower
  [..] 000404: post-cleanup tick
  [..] 000404: finally end
  [..] 000405: spawn follower
  [..] 000405: spawn leader
  [..] 000405: spawn NPCs (near=15, scattered=30)
  [..] 000405: spawn camera
  [..] 000405: settle (no listener)
  [..] 000405: tick 10/80
  [..] 000405: tick 20/80
  [..] 000405: tick 30/80
  [..] 000405: tick 40/80
  [..] 000405: tick 50/80
  [..] 000405: tick 60/80
  [..] 000405: tick 70/80
  [..] 000405: tick 80/80
  [..] 000405: cam.listen (skip 20 stale frames)
  [OK] 000405.png  (Town04, MidRainyNoon, sun=55°, dist=7m, lat=+0.0, hdg=-4°, npcs=45)
  [..] 000405: finally start
  [..] 000405: drain tick
  [..] 000405: destroy cam
  [..] 000405: destroy 45 npcs
  [..] 000405: destroy leader
  [..] 000405: destroy follower
  [..] 000405: post-cleanup tick
  [..] 000405: finally end
  [SKIP] 000406: no valid lane at shift=+1 from follower lane
  [..] 000406: spawn follower
  [..] 000406: spawn leader
  [..] 000406: spawn NPCs (near=15, scattered=30)
  [..] 000406: spawn camera
  [..] 000406: settle (no listener)
  [..] 000406: tick 10/80
  [..] 000406: tick 20/80
  [..] 000406: tick 30/80
  [..] 000406: tick 40/80
  [..] 000406: tick 50/80
  [..] 000406: tick 60/80
  [..] 000406: tick 70/80
  [..] 000406: tick 80/80
  [..] 000406: cam.listen (skip 20 stale frames)
  [OK] 000406.png  (Town04, MidRainyNoon, sun=44°, dist=13m, lat=+0.0, hdg=-2°, npcs=45)
  [..] 000406: finally start
  [..] 000406: drain tick
  [..] 000406: destroy cam
  [..] 000406: destroy 45 npcs
  [..] 000406: destroy leader
  [..] 000406: destroy follower
  [..] 000406: post-cleanup tick
  [..] 000406: finally end
  [..] 000407: spawn follower
  [..] 000407: spawn leader
  [..] 000407: spawn NPCs (near=15, scattered=30)
  [..] 000407: spawn camera
  [..] 000407: settle (no listener)
  [..] 000407: tick 10/80
  [..] 000407: tick 20/80
  [..] 000407: tick 30/80
  [..] 000407: tick 40/80
  [..] 000407: tick 50/80
  [..] 000407: tick 60/80
  [..] 000407: tick 70/80
  [..] 000407: tick 80/80
  [..] 000407: cam.listen (skip 20 stale frames)
  [OK] 000407.png  (Town04, MidRainyNoon, sun=40°, dist=9m, lat=-1.0, hdg=-3°, npcs=45)
  [..] 000407: finally start
  [..] 000407: drain tick
  [..] 000407: destroy cam
  [..] 000407: destroy 45 npcs
  [..] 000407: destroy leader
  [..] 000407: destroy follower
  [..] 000407: post-cleanup tick
  [..] 000407: finally end
  [..] 000408: spawn follower
  [..] 000408: spawn leader
  [..] 000408: spawn NPCs (near=15, scattered=30)
  [..] 000408: spawn camera
  [..] 000408: settle (no listener)
  [..] 000408: tick 10/80
  [..] 000408: tick 20/80
  [..] 000408: tick 30/80
  [..] 000408: tick 40/80
  [..] 000408: tick 50/80
  [..] 000408: tick 60/80
  [..] 000408: tick 70/80
  [..] 000408: tick 80/80
  [..] 000408: cam.listen (skip 20 stale frames)
  [OK] 000408.png  (Town04, CloudyNoon, sun=56°, dist=13m, lat=-1.0, hdg=+5°, npcs=45)
  [..] 000408: finally start
  [..] 000408: drain tick
  [..] 000408: destroy cam
  [..] 000408: destroy 45 npcs
  [..] 000408: destroy leader
  [..] 000408: destroy follower
  [..] 000408: post-cleanup tick
  [..] 000408: finally end
  [..] 000409: spawn follower
  [..] 000409: spawn leader
  [..] 000409: spawn NPCs (near=15, scattered=30)
  [..] 000409: spawn camera
  [..] 000409: settle (no listener)
  [..] 000409: tick 10/80
  [..] 000409: tick 20/80
  [..] 000409: tick 30/80
  [..] 000409: tick 40/80
  [..] 000409: tick 50/80
  [..] 000409: tick 60/80
  [..] 000409: tick 70/80
  [..] 000409: tick 80/80
  [..] 000409: cam.listen (skip 20 stale frames)
  [OK] 000409.png  (Town04, MidRainyNoon, sun=45°, dist=8m, lat=-1.0, hdg=-2°, npcs=45)
  [..] 000409: finally start
  [..] 000409: drain tick
  [..] 000409: destroy cam
  [..] 000409: destroy 45 npcs
  [..] 000409: destroy leader
  [..] 000409: destroy follower
  [..] 000409: post-cleanup tick
  [..] 000409: finally end
  [..] 000410: spawn follower
  [..] 000410: spawn leader
  [..] 000410: spawn NPCs (near=15, scattered=30)
  [..] 000410: spawn camera
  [..] 000410: settle (no listener)
  [..] 000410: tick 10/80
  [..] 000410: tick 20/80
  [..] 000410: tick 30/80
  [..] 000410: tick 40/80
  [..] 000410: tick 50/80
  [..] 000410: tick 60/80
  [..] 000410: tick 70/80
  [..] 000410: tick 80/80
  [..] 000410: cam.listen (skip 20 stale frames)
  [OK] 000410.png  (Town04, WetNoon, sun=31°, dist=10m, lat=+1.0, hdg=+4°, npcs=45)
  [..] 000410: finally start
  [..] 000410: drain tick
  [..] 000410: destroy cam
  [..] 000410: destroy 45 npcs
  [..] 000410: destroy leader
  [..] 000410: destroy follower
  [..] 000410: post-cleanup tick
  [..] 000410: finally end
  [..] 000411: spawn follower
  [..] 000411: spawn leader
  [..] 000411: spawn NPCs (near=15, scattered=30)
  [..] 000411: spawn camera
  [..] 000411: settle (no listener)
  [..] 000411: tick 10/80
  [..] 000411: tick 20/80
  [..] 000411: tick 30/80
  [..] 000411: tick 40/80
  [..] 000411: tick 50/80
  [..] 000411: tick 60/80
  [..] 000411: tick 70/80
  [..] 000411: tick 80/80
  [..] 000411: cam.listen (skip 20 stale frames)
  [OK] 000411.png  (Town04, MidRainyNoon, sun=41°, dist=10m, lat=+0.0, hdg=+3°, npcs=45)
  [..] 000411: finally start
  [..] 000411: drain tick
  [..] 000411: destroy cam
  [..] 000411: destroy 45 npcs
  [..] 000411: destroy leader
  [..] 000411: destroy follower
  [..] 000411: post-cleanup tick
  [..] 000411: finally end
  [..] 000412: spawn follower
  [..] 000412: spawn leader
  [..] 000412: spawn NPCs (near=15, scattered=30)
  [..] 000412: spawn camera
  [..] 000412: settle (no listener)
  [..] 000412: tick 10/80
  [..] 000412: tick 20/80
  [..] 000412: tick 30/80
  [..] 000412: tick 40/80
  [..] 000412: tick 50/80
  [..] 000412: tick 60/80
  [..] 000412: tick 70/80
  [..] 000412: tick 80/80
  [..] 000412: cam.listen (skip 20 stale frames)
  [OK] 000412.png  (Town04, ClearNoon, sun=28°, dist=14m, lat=+0.0, hdg=+5°, npcs=39)
  [..] 000412: finally start
  [..] 000412: drain tick
  [..] 000412: destroy cam
  [..] 000412: destroy 39 npcs
  [..] 000412: destroy leader
  [..] 000412: destroy follower
  [..] 000412: post-cleanup tick
  [..] 000412: finally end
  [..] 000413: spawn follower
  [..] 000413: spawn leader
  [..] 000413: spawn NPCs (near=15, scattered=30)
  [..] 000413: spawn camera
  [..] 000413: settle (no listener)
  [..] 000413: tick 10/80
  [..] 000413: tick 20/80
  [..] 000413: tick 30/80
  [..] 000413: tick 40/80
  [..] 000413: tick 50/80
  [..] 000413: tick 60/80
  [..] 000413: tick 70/80
  [..] 000413: tick 80/80
  [..] 000413: cam.listen (skip 20 stale frames)
  [OK] 000413.png  (Town04, WetNoon, sun=41°, dist=9m, lat=+1.0, hdg=-4°, npcs=45)
  [..] 000413: finally start
  [..] 000413: drain tick
  [..] 000413: destroy cam
  [..] 000413: destroy 45 npcs
  [..] 000413: destroy leader
  [..] 000413: destroy follower
  [..] 000413: post-cleanup tick
  [..] 000413: finally end
  [..] 000414: spawn follower
  [..] 000414: spawn leader
  [..] 000414: spawn NPCs (near=15, scattered=30)
  [..] 000414: spawn camera
  [..] 000414: settle (no listener)
  [..] 000414: tick 10/80
  [..] 000414: tick 20/80
  [..] 000414: tick 30/80
  [..] 000414: tick 40/80
  [..] 000414: tick 50/80
  [..] 000414: tick 60/80
  [..] 000414: tick 70/80
  [..] 000414: tick 80/80
  [..] 000414: cam.listen (skip 20 stale frames)
  [OK] 000414.png  (Town04, MidRainyNoon, sun=37°, dist=12m, lat=-1.0, hdg=+3°, npcs=45)
  [..] 000414: finally start
  [..] 000414: drain tick
  [..] 000414: destroy cam
  [..] 000414: destroy 45 npcs
  [..] 000414: destroy leader
  [..] 000414: destroy follower
  [..] 000414: post-cleanup tick
  [..] 000414: finally end
  [..] 000415: spawn follower
  [..] 000415: spawn leader
  [..] 000415: spawn NPCs (near=15, scattered=30)
  [..] 000415: spawn camera
  [..] 000415: settle (no listener)
  [..] 000415: tick 10/80
  [..] 000415: tick 20/80
  [..] 000415: tick 30/80
  [..] 000415: tick 40/80
  [..] 000415: tick 50/80
  [..] 000415: tick 60/80
  [..] 000415: tick 70/80
  [..] 000415: tick 80/80
  [..] 000415: cam.listen (skip 20 stale frames)
  [OK] 000415.png  (Town04, ClearNoon, sun=34°, dist=9m, lat=-1.0, hdg=-1°, npcs=45)
  [..] 000415: finally start
  [..] 000415: drain tick
  [..] 000415: destroy cam
  [..] 000415: destroy 45 npcs
  [..] 000415: destroy leader
  [..] 000415: destroy follower
  [..] 000415: post-cleanup tick
  [..] 000415: finally end
  [..] 000416: spawn follower
  [..] 000416: spawn leader
  [..] 000416: spawn NPCs (near=15, scattered=30)
  [..] 000416: spawn camera
  [..] 000416: settle (no listener)
  [..] 000416: tick 10/80
  [..] 000416: tick 20/80
  [..] 000416: tick 30/80
  [..] 000416: tick 40/80
  [..] 000416: tick 50/80
  [..] 000416: tick 60/80
  [..] 000416: tick 70/80
  [..] 000416: tick 80/80
  [..] 000416: cam.listen (skip 20 stale frames)
  [OK] 000416.png  (Town04, ClearNoon, sun=38°, dist=11m, lat=+0.0, hdg=+0°, npcs=45)
  [..] 000416: finally start
  [..] 000416: drain tick
  [..] 000416: destroy cam
  [..] 000416: destroy 45 npcs
  [..] 000416: destroy leader
  [..] 000416: destroy follower
  [..] 000416: post-cleanup tick
  [..] 000416: finally end
  [..] 000417: spawn follower
  [..] 000417: spawn leader
  [..] 000417: spawn NPCs (near=15, scattered=30)
  [..] 000417: spawn camera
  [..] 000417: settle (no listener)
  [..] 000417: tick 10/80
  [..] 000417: tick 20/80
  [..] 000417: tick 30/80
  [..] 000417: tick 40/80
  [..] 000417: tick 50/80
  [..] 000417: tick 60/80
  [..] 000417: tick 70/80
  [..] 000417: tick 80/80
  [..] 000417: cam.listen (skip 20 stale frames)
  [OK] 000417.png  (Town04, MidRainyNoon, sun=49°, dist=11m, lat=+1.0, hdg=-4°, npcs=45)
  [..] 000417: finally start
  [..] 000417: drain tick
  [..] 000417: destroy cam
  [..] 000417: destroy 45 npcs
  [..] 000417: destroy leader
  [..] 000417: destroy follower
  [..] 000417: post-cleanup tick
  [..] 000417: finally end
  [..] 000418: spawn follower
  [..] 000418: spawn leader
  [..] 000418: spawn NPCs (near=15, scattered=30)
  [..] 000418: spawn camera
  [..] 000418: settle (no listener)
  [..] 000418: tick 10/80
  [..] 000418: tick 20/80
  [..] 000418: tick 30/80
  [..] 000418: tick 40/80
  [..] 000418: tick 50/80
  [..] 000418: tick 60/80
  [..] 000418: tick 70/80
  [..] 000418: tick 80/80
  [..] 000418: cam.listen (skip 20 stale frames)
  [OK] 000418.png  (Town04, ClearNoon, sun=62°, dist=13m, lat=-1.0, hdg=-0°, npcs=45)
  [..] 000418: finally start
  [..] 000418: drain tick
  [..] 000418: destroy cam
  [..] 000418: destroy 45 npcs
  [..] 000418: destroy leader
  [..] 000418: destroy follower
  [..] 000418: post-cleanup tick
  [..] 000418: finally end
  [..] 000419: spawn follower
  [..] 000419: spawn leader
  [..] 000419: spawn NPCs (near=15, scattered=30)
  [..] 000419: spawn camera
  [..] 000419: settle (no listener)
  [..] 000419: tick 10/80
  [..] 000419: tick 20/80
  [..] 000419: tick 30/80
  [..] 000419: tick 40/80
  [..] 000419: tick 50/80
  [..] 000419: tick 60/80
  [..] 000419: tick 70/80
  [..] 000419: tick 80/80
  [..] 000419: cam.listen (skip 20 stale frames)
  [OK] 000419.png  (Town04, WetNoon, sun=35°, dist=6m, lat=+0.0, hdg=-1°, npcs=45)
  [..] 000419: finally start
  [..] 000419: drain tick
  [..] 000419: destroy cam
  [..] 000419: destroy 45 npcs
  [..] 000419: destroy leader
  [..] 000419: destroy follower
  [..] 000419: post-cleanup tick
  [..] 000419: finally end
  [..] 000420: spawn follower
  [..] 000420: spawn leader
  [..] 000420: spawn NPCs (near=15, scattered=30)
  [..] 000420: spawn camera
  [..] 000420: settle (no listener)
  [..] 000420: tick 10/80
  [..] 000420: tick 20/80
  [..] 000420: tick 30/80
  [..] 000420: tick 40/80
  [..] 000420: tick 50/80
  [..] 000420: tick 60/80
  [..] 000420: tick 70/80
  [..] 000420: tick 80/80
  [..] 000420: cam.listen (skip 20 stale frames)
  [OK] 000420.png  (Town04, MidRainyNoon, sun=64°, dist=16m, lat=+0.0, hdg=-3°, npcs=45)
  [..] 000420: finally start
  [..] 000420: drain tick
  [..] 000420: destroy cam
  [..] 000420: destroy 45 npcs
  [..] 000420: destroy leader
  [..] 000420: destroy follower
  [..] 000420: post-cleanup tick
  [..] 000420: finally end
  [SKIP] 000421: no valid lane at shift=+1 from follower lane
  [..] 000421: spawn follower
  [..] 000421: spawn leader
  [..] 000421: spawn NPCs (near=15, scattered=30)
  [..] 000421: spawn camera
  [..] 000421: settle (no listener)
  [..] 000421: tick 10/80
  [..] 000421: tick 20/80
  [..] 000421: tick 30/80
  [..] 000421: tick 40/80
  [..] 000421: tick 50/80
  [..] 000421: tick 60/80
  [..] 000421: tick 70/80
  [..] 000421: tick 80/80
  [..] 000421: cam.listen (skip 20 stale frames)
  [OK] 000421.png  (Town04, ClearNoon, sun=26°, dist=11m, lat=-1.0, hdg=+3°, npcs=45)
  [..] 000421: finally start
  [..] 000421: drain tick
  [..] 000421: destroy cam
  [..] 000421: destroy 45 npcs
  [..] 000421: destroy leader
  [..] 000421: destroy follower
  [..] 000421: post-cleanup tick
  [..] 000421: finally end
  [..] 000422: spawn follower
  [..] 000422: spawn leader
  [..] 000422: spawn NPCs (near=15, scattered=30)
  [..] 000422: spawn camera
  [..] 000422: settle (no listener)
  [..] 000422: tick 10/80
  [..] 000422: tick 20/80
  [..] 000422: tick 30/80
  [..] 000422: tick 40/80
  [..] 000422: tick 50/80
  [..] 000422: tick 60/80
  [..] 000422: tick 70/80
  [..] 000422: tick 80/80
  [..] 000422: cam.listen (skip 20 stale frames)
  [OK] 000422.png  (Town04, ClearNoon, sun=40°, dist=15m, lat=-1.0, hdg=+1°, npcs=45)
  [..] 000422: finally start
  [..] 000422: drain tick
  [..] 000422: destroy cam
  [..] 000422: destroy 45 npcs
  [..] 000422: destroy leader
  [..] 000422: destroy follower
  [..] 000422: post-cleanup tick
  [..] 000422: finally end
  [SKIP] 000423: no valid lane at shift=+1 from follower lane
  [..] 000423: spawn follower
  [..] 000423: spawn leader
  [..] 000423: spawn NPCs (near=15, scattered=30)
  [..] 000423: spawn camera
  [..] 000423: settle (no listener)
  [..] 000423: tick 10/80
  [..] 000423: tick 20/80
  [..] 000423: tick 30/80
  [..] 000423: tick 40/80
  [..] 000423: tick 50/80
  [..] 000423: tick 60/80
  [..] 000423: tick 70/80
  [..] 000423: tick 80/80
  [..] 000423: cam.listen (skip 20 stale frames)
  [OK] 000423.png  (Town04, ClearNoon, sun=55°, dist=12m, lat=-1.0, hdg=-1°, npcs=45)
  [..] 000423: finally start
  [..] 000423: drain tick
  [..] 000423: destroy cam
  [..] 000423: destroy 45 npcs
  [..] 000423: destroy leader
  [..] 000423: destroy follower
  [..] 000423: post-cleanup tick
  [..] 000423: finally end
  [..] 000424: spawn follower
  [..] 000424: spawn leader
  [..] 000424: spawn NPCs (near=15, scattered=30)
  [..] 000424: spawn camera
  [..] 000424: settle (no listener)
  [..] 000424: tick 10/80
  [..] 000424: tick 20/80
  [..] 000424: tick 30/80
  [..] 000424: tick 40/80
  [..] 000424: tick 50/80
  [..] 000424: tick 60/80
  [..] 000424: tick 70/80
  [..] 000424: tick 80/80
  [..] 000424: cam.listen (skip 20 stale frames)
  [OK] 000424.png  (Town04, MidRainyNoon, sun=59°, dist=17m, lat=-1.0, hdg=+4°, npcs=39)
  [..] 000424: finally start
  [..] 000424: drain tick
  [..] 000424: destroy cam
  [..] 000424: destroy 39 npcs
  [..] 000424: destroy leader
  [..] 000424: destroy follower
  [..] 000424: post-cleanup tick
  [..] 000424: finally end
  [..] 000425: spawn follower
  [..] 000425: spawn leader
  [..] 000425: spawn NPCs (near=15, scattered=30)
  [..] 000425: spawn camera
  [..] 000425: settle (no listener)
  [..] 000425: tick 10/80
  [..] 000425: tick 20/80
  [..] 000425: tick 30/80
  [..] 000425: tick 40/80
  [..] 000425: tick 50/80
  [..] 000425: tick 60/80
  [..] 000425: tick 70/80
  [..] 000425: tick 80/80
  [..] 000425: cam.listen (skip 20 stale frames)
  [OK] 000425.png  (Town04, ClearNoon, sun=44°, dist=15m, lat=-1.0, hdg=-3°, npcs=45)
  [..] 000425: finally start
  [..] 000425: drain tick
  [..] 000425: destroy cam
  [..] 000425: destroy 45 npcs
  [..] 000425: destroy leader
  [..] 000425: destroy follower
  [..] 000425: post-cleanup tick
  [..] 000425: finally end
  [..] 000426: spawn follower
  [..] 000426: spawn leader
  [..] 000426: spawn NPCs (near=15, scattered=30)
  [..] 000426: spawn camera
  [..] 000426: settle (no listener)
  [..] 000426: tick 10/80
  [..] 000426: tick 20/80
  [..] 000426: tick 30/80
  [..] 000426: tick 40/80
  [..] 000426: tick 50/80
  [..] 000426: tick 60/80
  [..] 000426: tick 70/80
  [..] 000426: tick 80/80
  [..] 000426: cam.listen (skip 20 stale frames)
  [OK] 000426.png  (Town04, ClearNoon, sun=44°, dist=15m, lat=-1.0, hdg=+2°, npcs=45)
  [..] 000426: finally start
  [..] 000426: drain tick
  [..] 000426: destroy cam
  [..] 000426: destroy 45 npcs
  [..] 000426: destroy leader
  [..] 000426: destroy follower
  [..] 000426: post-cleanup tick
  [..] 000426: finally end
  [..] 000427: spawn follower
  [..] 000427: spawn leader
  [..] 000427: spawn NPCs (near=15, scattered=30)
  [..] 000427: spawn camera
  [..] 000427: settle (no listener)
  [..] 000427: tick 10/80
  [..] 000427: tick 20/80
  [..] 000427: tick 30/80
  [..] 000427: tick 40/80
  [..] 000427: tick 50/80
  [..] 000427: tick 60/80
  [..] 000427: tick 70/80
  [..] 000427: tick 80/80
  [..] 000427: cam.listen (skip 20 stale frames)
  [OK] 000427.png  (Town04, MidRainyNoon, sun=33°, dist=15m, lat=+0.0, hdg=+4°, npcs=45)
  [..] 000427: finally start
  [..] 000427: drain tick
  [..] 000427: destroy cam
  [..] 000427: destroy 45 npcs
  [..] 000427: destroy leader
  [..] 000427: destroy follower
  [..] 000427: post-cleanup tick
  [..] 000427: finally end
  [..] 000428: spawn follower
  [..] 000428: spawn leader
  [..] 000428: spawn NPCs (near=15, scattered=30)
  [..] 000428: spawn camera
  [..] 000428: settle (no listener)
  [..] 000428: tick 10/80
  [..] 000428: tick 20/80
  [..] 000428: tick 30/80
  [..] 000428: tick 40/80
  [..] 000428: tick 50/80
  [..] 000428: tick 60/80
  [..] 000428: tick 70/80
  [..] 000428: tick 80/80
  [..] 000428: cam.listen (skip 20 stale frames)
  [OK] 000428.png  (Town04, WetNoon, sun=41°, dist=11m, lat=-1.0, hdg=-1°, npcs=45)
  [..] 000428: finally start
  [..] 000428: drain tick
  [..] 000428: destroy cam
  [..] 000428: destroy 45 npcs
  [..] 000428: destroy leader
  [..] 000428: destroy follower
  [..] 000428: post-cleanup tick
  [..] 000428: finally end
  [..] 000429: spawn follower
  [..] 000429: spawn leader
  [..] 000429: spawn NPCs (near=15, scattered=30)
  [..] 000429: spawn camera
  [..] 000429: settle (no listener)
  [..] 000429: tick 10/80
  [..] 000429: tick 20/80
  [..] 000429: tick 30/80
  [..] 000429: tick 40/80
  [..] 000429: tick 50/80
  [..] 000429: tick 60/80
  [..] 000429: tick 70/80
  [..] 000429: tick 80/80
  [..] 000429: cam.listen (skip 20 stale frames)
  [OK] 000429.png  (Town04, ClearNoon, sun=45°, dist=10m, lat=+1.0, hdg=-4°, npcs=45)
  [..] 000429: finally start
  [..] 000429: drain tick
  [..] 000429: destroy cam
  [..] 000429: destroy 45 npcs
  [..] 000429: destroy leader
  [..] 000429: destroy follower
  [..] 000429: post-cleanup tick
  [..] 000429: finally end
  [..] 000430: spawn follower
  [..] 000430: spawn leader
  [..] 000430: spawn NPCs (near=15, scattered=30)
  [..] 000430: spawn camera
  [..] 000430: settle (no listener)
  [..] 000430: tick 10/80
  [..] 000430: tick 20/80
  [..] 000430: tick 30/80
  [..] 000430: tick 40/80
  [..] 000430: tick 50/80
  [..] 000430: tick 60/80
  [..] 000430: tick 70/80
  [..] 000430: tick 80/80
  [..] 000430: cam.listen (skip 20 stale frames)
  [OK] 000430.png  (Town04, CloudyNoon, sun=66°, dist=13m, lat=+0.0, hdg=+1°, npcs=45)
  [..] 000430: finally start
  [..] 000430: drain tick
  [..] 000430: destroy cam
  [..] 000430: destroy 45 npcs
  [..] 000430: destroy leader
  [..] 000430: destroy follower
  [..] 000430: post-cleanup tick
  [..] 000430: finally end
  [..] 000431: spawn follower
  [..] 000431: spawn leader
  [..] 000431: spawn NPCs (near=15, scattered=30)
  [..] 000431: spawn camera
  [..] 000431: settle (no listener)
  [..] 000431: tick 10/80
  [..] 000431: tick 20/80
  [..] 000431: tick 30/80
  [..] 000431: tick 40/80
  [..] 000431: tick 50/80
  [..] 000431: tick 60/80
  [..] 000431: tick 70/80
  [..] 000431: tick 80/80
  [..] 000431: cam.listen (skip 20 stale frames)
  [OK] 000431.png  (Town04, MidRainyNoon, sun=65°, dist=14m, lat=-1.0, hdg=-2°, npcs=45)
  [..] 000431: finally start
  [..] 000431: drain tick
  [..] 000431: destroy cam
  [..] 000431: destroy 45 npcs
  [..] 000431: destroy leader
  [..] 000431: destroy follower
  [..] 000431: post-cleanup tick
  [..] 000431: finally end
  [..] 000432: spawn follower
  [..] 000432: spawn leader
  [..] 000432: spawn NPCs (near=15, scattered=30)
  [..] 000432: spawn camera
  [..] 000432: settle (no listener)
  [..] 000432: tick 10/80
  [..] 000432: tick 20/80
  [..] 000432: tick 30/80
  [..] 000432: tick 40/80
  [..] 000432: tick 50/80
  [..] 000432: tick 60/80
  [..] 000432: tick 70/80
  [..] 000432: tick 80/80
  [..] 000432: cam.listen (skip 20 stale frames)
  [OK] 000432.png  (Town04, ClearNoon, sun=54°, dist=12m, lat=-1.0, hdg=-3°, npcs=39)
  [..] 000432: finally start
  [..] 000432: drain tick
  [..] 000432: destroy cam
  [..] 000432: destroy 39 npcs
  [..] 000432: destroy leader
  [..] 000432: destroy follower
  [..] 000432: post-cleanup tick
  [..] 000432: finally end
  [..] 000433: spawn follower
  [..] 000433: spawn leader
  [..] 000433: spawn NPCs (near=15, scattered=30)
  [..] 000433: spawn camera
  [..] 000433: settle (no listener)
  [..] 000433: tick 10/80
  [..] 000433: tick 20/80
  [..] 000433: tick 30/80
  [..] 000433: tick 40/80
  [..] 000433: tick 50/80
  [..] 000433: tick 60/80
  [..] 000433: tick 70/80
  [..] 000433: tick 80/80
  [..] 000433: cam.listen (skip 20 stale frames)
  [OK] 000433.png  (Town04, WetNoon, sun=43°, dist=10m, lat=+1.0, hdg=-4°, npcs=45)
  [..] 000433: finally start
  [..] 000433: drain tick
  [..] 000433: destroy cam
  [..] 000433: destroy 45 npcs
  [..] 000433: destroy leader
  [..] 000433: destroy follower
  [..] 000433: post-cleanup tick
  [..] 000433: finally end
  [..] 000434: spawn follower
  [..] 000434: spawn leader
  [..] 000434: spawn NPCs (near=15, scattered=30)
  [..] 000434: spawn camera
  [..] 000434: settle (no listener)
  [..] 000434: tick 10/80
  [..] 000434: tick 20/80
  [..] 000434: tick 30/80
  [..] 000434: tick 40/80
  [..] 000434: tick 50/80
  [..] 000434: tick 60/80
  [..] 000434: tick 70/80
  [..] 000434: tick 80/80
  [..] 000434: cam.listen (skip 20 stale frames)
  [OK] 000434.png  (Town04, MidRainyNoon, sun=29°, dist=17m, lat=-1.0, hdg=-1°, npcs=45)
  [..] 000434: finally start
  [..] 000434: drain tick
  [..] 000434: destroy cam
  [..] 000434: destroy 45 npcs
  [..] 000434: destroy leader
  [..] 000434: destroy follower
  [..] 000434: post-cleanup tick
  [..] 000434: finally end
  [..] 000435: spawn follower
  [..] 000435: spawn leader
  [..] 000435: spawn NPCs (near=15, scattered=30)
  [..] 000435: spawn camera
  [..] 000435: settle (no listener)
  [..] 000435: tick 10/80
  [..] 000435: tick 20/80
  [..] 000435: tick 30/80
  [..] 000435: tick 40/80
  [..] 000435: tick 50/80
  [..] 000435: tick 60/80
  [..] 000435: tick 70/80
  [..] 000435: tick 80/80
  [..] 000435: cam.listen (skip 20 stale frames)
  [OK] 000435.png  (Town04, WetNoon, sun=31°, dist=10m, lat=+1.0, hdg=-4°, npcs=45)
  [..] 000435: finally start
  [..] 000435: drain tick
  [..] 000435: destroy cam
  [..] 000435: destroy 45 npcs
  [..] 000435: destroy leader
  [..] 000435: destroy follower
  [..] 000435: post-cleanup tick
  [..] 000435: finally end
  [..] 000436: spawn follower
  [..] 000436: spawn leader
  [..] 000436: spawn NPCs (near=15, scattered=30)
  [..] 000436: spawn camera
  [..] 000436: settle (no listener)
  [..] 000436: tick 10/80
  [..] 000436: tick 20/80
  [..] 000436: tick 30/80
  [..] 000436: tick 40/80
  [..] 000436: tick 50/80
  [..] 000436: tick 60/80
  [..] 000436: tick 70/80
  [..] 000436: tick 80/80
  [..] 000436: cam.listen (skip 20 stale frames)
  [OK] 000436.png  (Town04, WetNoon, sun=69°, dist=17m, lat=-1.0, hdg=+2°, npcs=45)
  [..] 000436: finally start
  [..] 000436: drain tick
  [..] 000436: destroy cam
  [..] 000436: destroy 45 npcs
  [..] 000436: destroy leader
  [..] 000436: destroy follower
  [..] 000436: post-cleanup tick
  [..] 000436: finally end
  [..] 000437: spawn follower
  [..] 000437: spawn leader
  [..] 000437: spawn NPCs (near=15, scattered=30)
  [..] 000437: spawn camera
  [..] 000437: settle (no listener)
  [..] 000437: tick 10/80
  [..] 000437: tick 20/80
  [..] 000437: tick 30/80
  [..] 000437: tick 40/80
  [..] 000437: tick 50/80
  [..] 000437: tick 60/80
  [..] 000437: tick 70/80
  [..] 000437: tick 80/80
  [..] 000437: cam.listen (skip 20 stale frames)
  [OK] 000437.png  (Town04, WetNoon, sun=55°, dist=12m, lat=+1.0, hdg=+4°, npcs=45)
  [..] 000437: finally start
  [..] 000437: drain tick
  [..] 000437: destroy cam
  [..] 000437: destroy 45 npcs
  [..] 000437: destroy leader
  [..] 000437: destroy follower
  [..] 000437: post-cleanup tick
  [..] 000437: finally end
  [..] 000438: spawn follower
  [..] 000438: spawn leader
  [..] 000438: spawn NPCs (near=15, scattered=30)
  [..] 000438: spawn camera
  [..] 000438: settle (no listener)
  [..] 000438: tick 10/80
  [..] 000438: tick 20/80
  [..] 000438: tick 30/80
  [..] 000438: tick 40/80
  [..] 000438: tick 50/80
  [..] 000438: tick 60/80
  [..] 000438: tick 70/80
  [..] 000438: tick 80/80
  [..] 000438: cam.listen (skip 20 stale frames)
  [OK] 000438.png  (Town04, WetNoon, sun=56°, dist=9m, lat=+0.0, hdg=+5°, npcs=45)
  [..] 000438: finally start
  [..] 000438: drain tick
  [..] 000438: destroy cam
  [..] 000438: destroy 45 npcs
  [..] 000438: destroy leader
  [..] 000438: destroy follower
  [..] 000438: post-cleanup tick
  [..] 000438: finally end
  [SKIP] 000439: no valid lane at shift=+1 from follower lane
  [..] 000439: spawn follower
  [..] 000439: spawn leader
  [..] 000439: spawn NPCs (near=15, scattered=30)
  [..] 000439: spawn camera
  [..] 000439: settle (no listener)
  [..] 000439: tick 10/80
  [..] 000439: tick 20/80
  [..] 000439: tick 30/80
  [..] 000439: tick 40/80
  [..] 000439: tick 50/80
  [..] 000439: tick 60/80
  [..] 000439: tick 70/80
  [..] 000439: tick 80/80
  [..] 000439: cam.listen (skip 20 stale frames)
  [OK] 000439.png  (Town04, MidRainyNoon, sun=42°, dist=17m, lat=+0.0, hdg=+4°, npcs=39)
  [..] 000439: finally start
  [..] 000439: drain tick
  [..] 000439: destroy cam
  [..] 000439: destroy 39 npcs
  [..] 000439: destroy leader
  [..] 000439: destroy follower
  [..] 000439: post-cleanup tick
  [..] 000439: finally end
  [..] 000440: spawn follower
  [..] 000440: spawn leader
  [..] 000440: spawn NPCs (near=15, scattered=30)
  [..] 000440: spawn camera
  [..] 000440: settle (no listener)
  [..] 000440: tick 10/80
  [..] 000440: tick 20/80
  [..] 000440: tick 30/80
  [..] 000440: tick 40/80
  [..] 000440: tick 50/80
  [..] 000440: tick 60/80
  [..] 000440: tick 70/80
  [..] 000440: tick 80/80
  [..] 000440: cam.listen (skip 20 stale frames)
  [OK] 000440.png  (Town04, ClearNoon, sun=38°, dist=9m, lat=+0.0, hdg=-4°, npcs=45)
  [..] 000440: finally start
  [..] 000440: drain tick
  [..] 000440: destroy cam
  [..] 000440: destroy 45 npcs
  [..] 000440: destroy leader
  [..] 000440: destroy follower
  [..] 000440: post-cleanup tick
  [..] 000440: finally end
  [..] 000441: spawn follower
  [..] 000441: spawn leader
  [..] 000441: spawn NPCs (near=15, scattered=30)
  [..] 000441: spawn camera
  [..] 000441: settle (no listener)
  [..] 000441: tick 10/80
  [..] 000441: tick 20/80
  [..] 000441: tick 30/80
  [..] 000441: tick 40/80
  [..] 000441: tick 50/80
  [..] 000441: tick 60/80
  [..] 000441: tick 70/80
  [..] 000441: tick 80/80
  [..] 000441: cam.listen (skip 20 stale frames)
  [OK] 000441.png  (Town04, CloudyNoon, sun=54°, dist=16m, lat=+1.0, hdg=-1°, npcs=45)
  [..] 000441: finally start
  [..] 000441: drain tick
  [..] 000441: destroy cam
  [..] 000441: destroy 45 npcs
  [..] 000441: destroy leader
  [..] 000441: destroy follower
  [..] 000441: post-cleanup tick
  [..] 000441: finally end
  [..] 000442: spawn follower
  [..] 000442: spawn leader
  [..] 000442: spawn NPCs (near=15, scattered=30)
  [..] 000442: spawn camera
  [..] 000442: settle (no listener)
  [..] 000442: tick 10/80
  [..] 000442: tick 20/80
  [..] 000442: tick 30/80
  [..] 000442: tick 40/80
  [..] 000442: tick 50/80
  [..] 000442: tick 60/80
  [..] 000442: tick 70/80
  [..] 000442: tick 80/80
  [..] 000442: cam.listen (skip 20 stale frames)
  [OK] 000442.png  (Town04, CloudyNoon, sun=27°, dist=17m, lat=-1.0, hdg=+1°, npcs=45)
  [..] 000442: finally start
  [..] 000442: drain tick
  [..] 000442: destroy cam
  [..] 000442: destroy 45 npcs
  [..] 000442: destroy leader
  [..] 000442: destroy follower
  [..] 000442: post-cleanup tick
  [..] 000442: finally end
  [..] 000443: spawn follower
  [..] 000443: spawn leader
  [..] 000443: spawn NPCs (near=15, scattered=30)
  [..] 000443: spawn camera
  [..] 000443: settle (no listener)
  [..] 000443: tick 10/80
  [..] 000443: tick 20/80
  [..] 000443: tick 30/80
  [..] 000443: tick 40/80
  [..] 000443: tick 50/80
  [..] 000443: tick 60/80
  [..] 000443: tick 70/80
  [..] 000443: tick 80/80
  [..] 000443: cam.listen (skip 20 stale frames)
  [OK] 000443.png  (Town04, WetNoon, sun=45°, dist=18m, lat=+0.0, hdg=+2°, npcs=45)
  [..] 000443: finally start
  [..] 000443: drain tick
  [..] 000443: destroy cam
  [..] 000443: destroy 45 npcs
  [..] 000443: destroy leader
  [..] 000443: destroy follower
  [..] 000443: post-cleanup tick
  [..] 000443: finally end
  [..] 000444: spawn follower
  [..] 000444: spawn leader
  [..] 000444: spawn NPCs (near=15, scattered=30)
  [..] 000444: spawn camera
  [..] 000444: settle (no listener)
  [..] 000444: tick 10/80
  [..] 000444: tick 20/80
  [..] 000444: tick 30/80
  [..] 000444: tick 40/80
  [..] 000444: tick 50/80
  [..] 000444: tick 60/80
  [..] 000444: tick 70/80
  [..] 000444: tick 80/80
  [..] 000444: cam.listen (skip 20 stale frames)
  [OK] 000444.png  (Town04, MidRainyNoon, sun=55°, dist=17m, lat=+0.0, hdg=+4°, npcs=45)
  [..] 000444: finally start
  [..] 000444: drain tick
  [..] 000444: destroy cam
  [..] 000444: destroy 45 npcs
  [..] 000444: destroy leader
  [..] 000444: destroy follower
  [..] 000444: post-cleanup tick
  [..] 000444: finally end
  [..] 000445: spawn follower
  [..] 000445: spawn leader
  [..] 000445: spawn NPCs (near=15, scattered=30)
  [..] 000445: spawn camera
  [..] 000445: settle (no listener)
  [..] 000445: tick 10/80
  [..] 000445: tick 20/80
  [..] 000445: tick 30/80
  [..] 000445: tick 40/80
  [..] 000445: tick 50/80
  [..] 000445: tick 60/80
  [..] 000445: tick 70/80
  [..] 000445: tick 80/80
  [..] 000445: cam.listen (skip 20 stale frames)
  [OK] 000445.png  (Town04, CloudyNoon, sun=48°, dist=7m, lat=-1.0, hdg=+3°, npcs=45)
  [..] 000445: finally start
  [..] 000445: drain tick
  [..] 000445: destroy cam
  [..] 000445: destroy 45 npcs
  [..] 000445: destroy leader
  [..] 000445: destroy follower
  [..] 000445: post-cleanup tick
  [..] 000445: finally end
  [..] 000446: spawn follower
  [..] 000446: spawn leader
  [..] 000446: spawn NPCs (near=15, scattered=30)
  [..] 000446: spawn camera
  [..] 000446: settle (no listener)
  [..] 000446: tick 10/80
  [..] 000446: tick 20/80
  [..] 000446: tick 30/80
  [..] 000446: tick 40/80
  [..] 000446: tick 50/80
  [..] 000446: tick 60/80
  [..] 000446: tick 70/80
  [..] 000446: tick 80/80
  [..] 000446: cam.listen (skip 20 stale frames)
  [OK] 000446.png  (Town04, WetNoon, sun=31°, dist=14m, lat=+1.0, hdg=-1°, npcs=45)
  [..] 000446: finally start
  [..] 000446: drain tick
  [..] 000446: destroy cam
  [..] 000446: destroy 45 npcs
  [..] 000446: destroy leader
  [..] 000446: destroy follower
  [..] 000446: post-cleanup tick
  [..] 000446: finally end
  [..] 000447: spawn follower
  [..] 000447: spawn leader
  [..] 000447: spawn NPCs (near=15, scattered=30)
  [..] 000447: spawn camera
  [..] 000447: settle (no listener)
  [..] 000447: tick 10/80
  [..] 000447: tick 20/80
  [..] 000447: tick 30/80
  [..] 000447: tick 40/80
  [..] 000447: tick 50/80
  [..] 000447: tick 60/80
  [..] 000447: tick 70/80
  [..] 000447: tick 80/80
  [..] 000447: cam.listen (skip 20 stale frames)
  [OK] 000447.png  (Town04, CloudyNoon, sun=30°, dist=9m, lat=-1.0, hdg=+4°, npcs=45)
  [..] 000447: finally start
  [..] 000447: drain tick
  [..] 000447: destroy cam
  [..] 000447: destroy 45 npcs
  [..] 000447: destroy leader
  [..] 000447: destroy follower
  [..] 000447: post-cleanup tick
  [..] 000447: finally end
  [..] 000448: spawn follower
  [..] 000448: spawn leader
  [..] 000448: spawn NPCs (near=15, scattered=30)
  [..] 000448: spawn camera
  [..] 000448: settle (no listener)
  [..] 000448: tick 10/80
  [..] 000448: tick 20/80
  [..] 000448: tick 30/80
  [..] 000448: tick 40/80
  [..] 000448: tick 50/80
  [..] 000448: tick 60/80
  [..] 000448: tick 70/80
  [..] 000448: tick 80/80
  [..] 000448: cam.listen (skip 20 stale frames)
  [OK] 000448.png  (Town04, WetNoon, sun=50°, dist=11m, lat=-1.0, hdg=-2°, npcs=39)
  [..] 000448: finally start
  [..] 000448: drain tick
  [..] 000448: destroy cam
  [..] 000448: destroy 39 npcs
  [..] 000448: destroy leader
  [..] 000448: destroy follower
  [..] 000448: post-cleanup tick
  [..] 000448: finally end
  [SKIP] 000449: no valid lane at shift=+1 from follower lane
  [..] 000449: spawn follower
  [..] 000449: spawn leader
  [..] 000449: spawn NPCs (near=15, scattered=30)
  [..] 000449: spawn camera
  [..] 000449: settle (no listener)
  [..] 000449: tick 10/80
  [..] 000449: tick 20/80
  [..] 000449: tick 30/80
  [..] 000449: tick 40/80
  [..] 000449: tick 50/80
  [..] 000449: tick 60/80
  [..] 000449: tick 70/80
  [..] 000449: tick 80/80
  [..] 000449: cam.listen (skip 20 stale frames)
  [OK] 000449.png  (Town04, MidRainyNoon, sun=69°, dist=12m, lat=-1.0, hdg=-4°, npcs=45)
  [..] 000449: finally start
  [..] 000449: drain tick
  [..] 000449: destroy cam
  [..] 000449: destroy 45 npcs
  [..] 000449: destroy leader
  [..] 000449: destroy follower
  [..] 000449: post-cleanup tick
  [..] 000449: finally end
  [..] 000450: spawn follower
  [..] 000450: spawn leader
  [..] 000450: spawn NPCs (near=15, scattered=30)
  [..] 000450: spawn camera
  [..] 000450: settle (no listener)
  [..] 000450: tick 10/80
  [..] 000450: tick 20/80
  [..] 000450: tick 30/80
  [..] 000450: tick 40/80
  [..] 000450: tick 50/80
  [..] 000450: tick 60/80
  [..] 000450: tick 70/80
  [..] 000450: tick 80/80
  [..] 000450: cam.listen (skip 20 stale frames)
  [OK] 000450.png  (Town04, WetNoon, sun=28°, dist=12m, lat=+1.0, hdg=-2°, npcs=45)
  [..] 000450: finally start
  [..] 000450: drain tick
  [..] 000450: destroy cam
  [..] 000450: destroy 45 npcs
  [..] 000450: destroy leader
  [..] 000450: destroy follower
  [..] 000450: post-cleanup tick
  [..] 000450: finally end
  [SKIP] 000451: no valid lane at shift=+1 from follower lane
  [SKIP] 000451: no valid lane at shift=+1 from follower lane
  [..] 000451: spawn follower
  [..] 000451: spawn leader
  [..] 000451: spawn NPCs (near=15, scattered=30)
  [..] 000451: spawn camera
  [..] 000451: settle (no listener)
  [..] 000451: tick 10/80
  [..] 000451: tick 20/80
  [..] 000451: tick 30/80
  [..] 000451: tick 40/80
  [..] 000451: tick 50/80
  [..] 000451: tick 60/80
  [..] 000451: tick 70/80
  [..] 000451: tick 80/80
  [..] 000451: cam.listen (skip 20 stale frames)
  [OK] 000451.png  (Town04, CloudyNoon, sun=65°, dist=7m, lat=+0.0, hdg=+5°, npcs=39)
  [..] 000451: finally start
  [..] 000451: drain tick
  [..] 000451: destroy cam
  [..] 000451: destroy 39 npcs
  [..] 000451: destroy leader
  [..] 000451: destroy follower
  [..] 000451: post-cleanup tick
  [..] 000451: finally end
  [SKIP] 000452: no valid lane at shift=+1 from follower lane
  [..] 000452: spawn follower
  [..] 000452: spawn leader
  [..] 000452: spawn NPCs (near=15, scattered=30)
  [..] 000452: spawn camera
  [..] 000452: settle (no listener)
  [..] 000452: tick 10/80
  [..] 000452: tick 20/80
  [..] 000452: tick 30/80
  [..] 000452: tick 40/80
  [..] 000452: tick 50/80
  [..] 000452: tick 60/80
  [..] 000452: tick 70/80
  [..] 000452: tick 80/80
  [..] 000452: cam.listen (skip 20 stale frames)
  [OK] 000452.png  (Town04, MidRainyNoon, sun=56°, dist=14m, lat=+0.0, hdg=+4°, npcs=45)
  [..] 000452: finally start
  [..] 000452: drain tick
  [..] 000452: destroy cam
  [..] 000452: destroy 45 npcs
  [..] 000452: destroy leader
  [..] 000452: destroy follower
  [..] 000452: post-cleanup tick
  [..] 000452: finally end
  [SKIP] 000453: no valid lane at shift=+1 from follower lane
  [SKIP] 000453: no valid lane at shift=+1 from follower lane
  [..] 000453: spawn follower
  [..] 000453: spawn leader
  [..] 000453: spawn NPCs (near=15, scattered=30)
  [..] 000453: spawn camera
  [..] 000453: settle (no listener)
  [..] 000453: tick 10/80
  [..] 000453: tick 20/80
  [..] 000453: tick 30/80
  [..] 000453: tick 40/80
  [..] 000453: tick 50/80
  [..] 000453: tick 60/80
  [..] 000453: tick 70/80
  [..] 000453: tick 80/80
  [..] 000453: cam.listen (skip 20 stale frames)
  [OK] 000453.png  (Town04, CloudyNoon, sun=35°, dist=11m, lat=-1.0, hdg=-1°, npcs=45)
  [..] 000453: finally start
  [..] 000453: drain tick
  [..] 000453: destroy cam
  [..] 000453: destroy 45 npcs
  [..] 000453: destroy leader
  [..] 000453: destroy follower
  [..] 000453: post-cleanup tick
  [..] 000453: finally end
  [..] 000454: spawn follower
  [..] 000454: spawn leader
  [..] 000454: spawn NPCs (near=15, scattered=30)
  [..] 000454: spawn camera
  [..] 000454: settle (no listener)
  [..] 000454: tick 10/80
  [..] 000454: tick 20/80
  [..] 000454: tick 30/80
  [..] 000454: tick 40/80
  [..] 000454: tick 50/80
  [..] 000454: tick 60/80
  [..] 000454: tick 70/80
  [..] 000454: tick 80/80
  [..] 000454: cam.listen (skip 20 stale frames)
  [OK] 000454.png  (Town04, CloudyNoon, sun=28°, dist=16m, lat=-1.0, hdg=+0°, npcs=45)
  [..] 000454: finally start
  [..] 000454: drain tick
  [..] 000454: destroy cam
  [..] 000454: destroy 45 npcs
  [..] 000454: destroy leader
  [..] 000454: destroy follower
  [..] 000454: post-cleanup tick
  [..] 000454: finally end
  [..] 000455: spawn follower
  [..] 000455: spawn leader
  [..] 000455: spawn NPCs (near=15, scattered=30)
  [..] 000455: spawn camera
  [..] 000455: settle (no listener)
  [..] 000455: tick 10/80
  [..] 000455: tick 20/80
  [..] 000455: tick 30/80
  [..] 000455: tick 40/80
  [..] 000455: tick 50/80
  [..] 000455: tick 60/80
  [..] 000455: tick 70/80
  [..] 000455: tick 80/80
  [..] 000455: cam.listen (skip 20 stale frames)
  [OK] 000455.png  (Town04, MidRainyNoon, sun=49°, dist=13m, lat=+0.0, hdg=-1°, npcs=45)
  [..] 000455: finally start
  [..] 000455: drain tick
  [..] 000455: destroy cam
  [..] 000455: destroy 45 npcs
  [..] 000455: destroy leader
  [..] 000455: destroy follower
  [..] 000455: post-cleanup tick
  [..] 000455: finally end
  [..] 000456: spawn follower
  [..] 000456: spawn leader
  [..] 000456: spawn NPCs (near=15, scattered=30)
  [..] 000456: spawn camera
  [..] 000456: settle (no listener)
  [..] 000456: tick 10/80
  [..] 000456: tick 20/80
  [..] 000456: tick 30/80
  [..] 000456: tick 40/80
  [..] 000456: tick 50/80
  [..] 000456: tick 60/80
  [..] 000456: tick 70/80
  [..] 000456: tick 80/80
  [..] 000456: cam.listen (skip 20 stale frames)
  [OK] 000456.png  (Town04, CloudyNoon, sun=41°, dist=9m, lat=+1.0, hdg=+3°, npcs=45)
  [..] 000456: finally start
  [..] 000456: drain tick
  [..] 000456: destroy cam
  [..] 000456: destroy 45 npcs
  [..] 000456: destroy leader
  [..] 000456: destroy follower
  [..] 000456: post-cleanup tick
  [..] 000456: finally end
  [..] 000457: spawn follower
  [..] 000457: spawn leader
  [..] 000457: spawn NPCs (near=15, scattered=30)
  [..] 000457: spawn camera
  [..] 000457: settle (no listener)
  [..] 000457: tick 10/80
  [..] 000457: tick 20/80
  [..] 000457: tick 30/80
  [..] 000457: tick 40/80
  [..] 000457: tick 50/80
  [..] 000457: tick 60/80
  [..] 000457: tick 70/80
  [..] 000457: tick 80/80
  [..] 000457: cam.listen (skip 20 stale frames)
  [OK] 000457.png  (Town04, WetNoon, sun=60°, dist=15m, lat=+0.0, hdg=-2°, npcs=45)
  [..] 000457: finally start
  [..] 000457: drain tick
  [..] 000457: destroy cam
  [..] 000457: destroy 45 npcs
  [..] 000457: destroy leader
  [..] 000457: destroy follower
  [..] 000457: post-cleanup tick
  [..] 000457: finally end
  [SKIP] 000458: no valid lane at shift=+1 from follower lane
  [..] 000458: spawn follower
  [..] 000458: spawn leader
  [..] 000458: spawn NPCs (near=15, scattered=30)
  [..] 000458: spawn camera
  [..] 000458: settle (no listener)
  [..] 000458: tick 10/80
  [..] 000458: tick 20/80
  [..] 000458: tick 30/80
  [..] 000458: tick 40/80
  [..] 000458: tick 50/80
  [..] 000458: tick 60/80
  [..] 000458: tick 70/80
  [..] 000458: tick 80/80
  [..] 000458: cam.listen (skip 20 stale frames)
  [OK] 000458.png  (Town04, CloudyNoon, sun=45°, dist=11m, lat=+1.0, hdg=+2°, npcs=45)
  [..] 000458: finally start
  [..] 000458: drain tick
  [..] 000458: destroy cam
  [..] 000458: destroy 45 npcs
  [..] 000458: destroy leader
  [..] 000458: destroy follower
  [..] 000458: post-cleanup tick
  [..] 000458: finally end
  [..] 000459: spawn follower
  [..] 000459: spawn leader
  [..] 000459: spawn NPCs (near=15, scattered=30)
  [..] 000459: spawn camera
  [..] 000459: settle (no listener)
  [..] 000459: tick 10/80
  [..] 000459: tick 20/80
  [..] 000459: tick 30/80
  [..] 000459: tick 40/80
  [..] 000459: tick 50/80
  [..] 000459: tick 60/80
  [..] 000459: tick 70/80
  [..] 000459: tick 80/80
  [..] 000459: cam.listen (skip 20 stale frames)
  [OK] 000459.png  (Town04, WetNoon, sun=42°, dist=9m, lat=+0.0, hdg=+2°, npcs=45)
  [..] 000459: finally start
  [..] 000459: drain tick
  [..] 000459: destroy cam
  [..] 000459: destroy 45 npcs
  [..] 000459: destroy leader
  [..] 000459: destroy follower
  [..] 000459: post-cleanup tick
  [..] 000459: finally end
  [SKIP] 000460: no valid lane at shift=+1 from follower lane
  [SKIP] 000460: no valid lane at shift=+1 from follower lane
  [SKIP] 000460: no valid lane at shift=+1 from follower lane
  [SKIP] 000460: no valid lane at shift=+1 from follower lane
  [..] 000460: spawn follower
  [..] 000460: spawn leader
  [..] 000460: spawn NPCs (near=15, scattered=30)
  [..] 000460: spawn camera
  [..] 000460: settle (no listener)
  [..] 000460: tick 10/80
  [..] 000460: tick 20/80
  [..] 000460: tick 30/80
  [..] 000460: tick 40/80
  [..] 000460: tick 50/80
  [..] 000460: tick 60/80
  [..] 000460: tick 70/80
  [..] 000460: tick 80/80
  [..] 000460: cam.listen (skip 20 stale frames)
  [OK] 000460.png  (Town04, ClearNoon, sun=60°, dist=10m, lat=+0.0, hdg=+2°, npcs=39)
  [..] 000460: finally start
  [..] 000460: drain tick
  [..] 000460: destroy cam
  [..] 000460: destroy 39 npcs
  [..] 000460: destroy leader
  [..] 000460: destroy follower
  [..] 000460: post-cleanup tick
  [..] 000460: finally end
  [..] 000461: spawn follower
  [..] 000461: spawn leader
  [..] 000461: spawn NPCs (near=15, scattered=30)
  [..] 000461: spawn camera
  [..] 000461: settle (no listener)
  [..] 000461: tick 10/80
  [..] 000461: tick 20/80
  [..] 000461: tick 30/80
  [..] 000461: tick 40/80
  [..] 000461: tick 50/80
  [..] 000461: tick 60/80
  [..] 000461: tick 70/80
  [..] 000461: tick 80/80
  [..] 000461: cam.listen (skip 20 stale frames)
  [OK] 000461.png  (Town04, ClearNoon, sun=34°, dist=10m, lat=-1.0, hdg=+4°, npcs=45)
  [..] 000461: finally start
  [..] 000461: drain tick
  [..] 000461: destroy cam
  [..] 000461: destroy 45 npcs
  [..] 000461: destroy leader
  [..] 000461: destroy follower
  [..] 000461: post-cleanup tick
  [..] 000461: finally end
  [SKIP] 000462: no valid lane at shift=+1 from follower lane
  [..] 000462: spawn follower
  [..] 000462: spawn leader
  [..] 000462: spawn NPCs (near=15, scattered=30)
  [..] 000462: spawn camera
  [..] 000462: settle (no listener)
  [..] 000462: tick 10/80
  [..] 000462: tick 20/80
  [..] 000462: tick 30/80
  [..] 000462: tick 40/80
  [..] 000462: tick 50/80
  [..] 000462: tick 60/80
  [..] 000462: tick 70/80
  [..] 000462: tick 80/80
  [..] 000462: cam.listen (skip 20 stale frames)
  [OK] 000462.png  (Town04, MidRainyNoon, sun=63°, dist=12m, lat=-1.0, hdg=+3°, npcs=45)
  [..] 000462: finally start
  [..] 000462: drain tick
  [..] 000462: destroy cam
  [..] 000462: destroy 45 npcs
  [..] 000462: destroy leader
  [..] 000462: destroy follower
  [..] 000462: post-cleanup tick
  [..] 000462: finally end
  [..] 000463: spawn follower
  [..] 000463: spawn leader
  [..] 000463: spawn NPCs (near=15, scattered=30)
  [..] 000463: spawn camera
  [..] 000463: settle (no listener)
  [..] 000463: tick 10/80
  [..] 000463: tick 20/80
  [..] 000463: tick 30/80
  [..] 000463: tick 40/80
  [..] 000463: tick 50/80
  [..] 000463: tick 60/80
  [..] 000463: tick 70/80
  [..] 000463: tick 80/80
  [..] 000463: cam.listen (skip 20 stale frames)
  [OK] 000463.png  (Town04, WetNoon, sun=45°, dist=10m, lat=-1.0, hdg=-4°, npcs=45)
  [..] 000463: finally start
  [..] 000463: drain tick
  [..] 000463: destroy cam
  [..] 000463: destroy 45 npcs
  [..] 000463: destroy leader
  [..] 000463: destroy follower
  [..] 000463: post-cleanup tick
  [..] 000463: finally end
  [..] 000464: spawn follower
  [..] 000464: spawn leader
  [..] 000464: spawn NPCs (near=15, scattered=30)
  [..] 000464: spawn camera
  [..] 000464: settle (no listener)
  [..] 000464: tick 10/80
  [..] 000464: tick 20/80
  [..] 000464: tick 30/80
  [..] 000464: tick 40/80
  [..] 000464: tick 50/80
  [..] 000464: tick 60/80
  [..] 000464: tick 70/80
  [..] 000464: tick 80/80
  [..] 000464: cam.listen (skip 20 stale frames)
  [OK] 000464.png  (Town04, ClearNoon, sun=42°, dist=18m, lat=+1.0, hdg=-2°, npcs=45)
  [..] 000464: finally start
  [..] 000464: drain tick
  [..] 000464: destroy cam
  [..] 000464: destroy 45 npcs
  [..] 000464: destroy leader
  [..] 000464: destroy follower
  [..] 000464: post-cleanup tick
  [..] 000464: finally end
  [..] 000465: spawn follower
  [..] 000465: spawn leader
  [..] 000465: spawn NPCs (near=15, scattered=30)
  [..] 000465: spawn camera
  [..] 000465: settle (no listener)
  [..] 000465: tick 10/80
  [..] 000465: tick 20/80
  [..] 000465: tick 30/80
  [..] 000465: tick 40/80
  [..] 000465: tick 50/80
  [..] 000465: tick 60/80
  [..] 000465: tick 70/80
  [..] 000465: tick 80/80
  [..] 000465: cam.listen (skip 20 stale frames)
  [OK] 000465.png  (Town04, MidRainyNoon, sun=38°, dist=7m, lat=-1.0, hdg=+4°, npcs=45)
  [..] 000465: finally start
  [..] 000465: drain tick
  [..] 000465: destroy cam
  [..] 000465: destroy 45 npcs
  [..] 000465: destroy leader
  [..] 000465: destroy follower
  [..] 000465: post-cleanup tick
  [..] 000465: finally end
  [..] 000466: spawn follower
  [..] 000466: spawn leader
  [..] 000466: spawn NPCs (near=15, scattered=30)
  [..] 000466: spawn camera
  [..] 000466: settle (no listener)
  [..] 000466: tick 10/80
  [..] 000466: tick 20/80
  [..] 000466: tick 30/80
  [..] 000466: tick 40/80
  [..] 000466: tick 50/80
  [..] 000466: tick 60/80
  [..] 000466: tick 70/80
  [..] 000466: tick 80/80
  [..] 000466: cam.listen (skip 20 stale frames)
  [OK] 000466.png  (Town04, CloudyNoon, sun=69°, dist=16m, lat=-1.0, hdg=+5°, npcs=45)
  [..] 000466: finally start
  [..] 000466: drain tick
  [..] 000466: destroy cam
  [..] 000466: destroy 45 npcs
  [..] 000466: destroy leader
  [..] 000466: destroy follower
  [..] 000466: post-cleanup tick
  [..] 000466: finally end
  [SKIP] 000467: no valid lane at shift=+1 from follower lane
  [..] 000467: spawn follower
  [..] 000467: spawn leader
  [..] 000467: spawn NPCs (near=15, scattered=30)
  [..] 000467: spawn camera
  [..] 000467: settle (no listener)
  [..] 000467: tick 10/80
  [..] 000467: tick 20/80
  [..] 000467: tick 30/80
  [..] 000467: tick 40/80
  [..] 000467: tick 50/80
  [..] 000467: tick 60/80
  [..] 000467: tick 70/80
  [..] 000467: tick 80/80
  [..] 000467: cam.listen (skip 20 stale frames)
  [OK] 000467.png  (Town04, MidRainyNoon, sun=36°, dist=13m, lat=+1.0, hdg=-2°, npcs=45)
  [..] 000467: finally start
  [..] 000467: drain tick
  [..] 000467: destroy cam
  [..] 000467: destroy 45 npcs
  [..] 000467: destroy leader
  [..] 000467: destroy follower
  [..] 000467: post-cleanup tick
  [..] 000467: finally end
  [SKIP] 000468: no valid lane at shift=+1 from follower lane
  [..] 000468: spawn follower
  [..] 000468: spawn leader
  [..] 000468: spawn NPCs (near=15, scattered=30)
  [..] 000468: spawn camera
  [..] 000468: settle (no listener)
  [..] 000468: tick 10/80
  [..] 000468: tick 20/80
  [..] 000468: tick 30/80
  [..] 000468: tick 40/80
  [..] 000468: tick 50/80
  [..] 000468: tick 60/80
  [..] 000468: tick 70/80
  [..] 000468: tick 80/80
  [..] 000468: cam.listen (skip 20 stale frames)
  [OK] 000468.png  (Town04, ClearNoon, sun=64°, dist=16m, lat=-1.0, hdg=-3°, npcs=45)
  [..] 000468: finally start
  [..] 000468: drain tick
  [..] 000468: destroy cam
  [..] 000468: destroy 45 npcs
  [..] 000468: destroy leader
  [..] 000468: destroy follower
  [..] 000468: post-cleanup tick
  [..] 000468: finally end
  [..] 000469: spawn follower
  [..] 000469: spawn leader
  [..] 000469: spawn NPCs (near=15, scattered=30)
  [..] 000469: spawn camera
  [..] 000469: settle (no listener)
  [..] 000469: tick 10/80
  [..] 000469: tick 20/80
  [..] 000469: tick 30/80
  [..] 000469: tick 40/80
  [..] 000469: tick 50/80
  [..] 000469: tick 60/80
  [..] 000469: tick 70/80
  [..] 000469: tick 80/80
  [..] 000469: cam.listen (skip 20 stale frames)
  [OK] 000469.png  (Town04, MidRainyNoon, sun=32°, dist=7m, lat=-1.0, hdg=+3°, npcs=39)
  [..] 000469: finally start
  [..] 000469: drain tick
  [..] 000469: destroy cam
  [..] 000469: destroy 39 npcs
  [..] 000469: destroy leader
  [..] 000469: destroy follower
  [..] 000469: post-cleanup tick
  [..] 000469: finally end
  [..] 000470: spawn follower
  [..] 000470: spawn leader
  [..] 000470: spawn NPCs (near=15, scattered=30)
  [..] 000470: spawn camera
  [..] 000470: settle (no listener)
  [..] 000470: tick 10/80
  [..] 000470: tick 20/80
  [..] 000470: tick 30/80
  [..] 000470: tick 40/80
  [..] 000470: tick 50/80
  [..] 000470: tick 60/80
  [..] 000470: tick 70/80
  [..] 000470: tick 80/80
  [..] 000470: cam.listen (skip 20 stale frames)
  [OK] 000470.png  (Town04, WetNoon, sun=56°, dist=12m, lat=-1.0, hdg=+3°, npcs=45)
  [..] 000470: finally start
  [..] 000470: drain tick
  [..] 000470: destroy cam
  [..] 000470: destroy 45 npcs
  [..] 000470: destroy leader
  [..] 000470: destroy follower
  [..] 000470: post-cleanup tick
  [..] 000470: finally end
  [..] 000471: spawn follower
  [..] 000471: spawn leader
  [..] 000471: spawn NPCs (near=15, scattered=30)
  [..] 000471: spawn camera
  [..] 000471: settle (no listener)
  [..] 000471: tick 10/80
  [..] 000471: tick 20/80
  [..] 000471: tick 30/80
  [..] 000471: tick 40/80
  [..] 000471: tick 50/80
  [..] 000471: tick 60/80
  [..] 000471: tick 70/80
  [..] 000471: tick 80/80
  [..] 000471: cam.listen (skip 20 stale frames)
  [OK] 000471.png  (Town04, CloudyNoon, sun=45°, dist=11m, lat=+0.0, hdg=-0°, npcs=39)
  [..] 000471: finally start
  [..] 000471: drain tick
  [..] 000471: destroy cam
  [..] 000471: destroy 39 npcs
  [..] 000471: destroy leader
  [..] 000471: destroy follower
  [..] 000471: post-cleanup tick
  [..] 000471: finally end
  [SKIP] 000472: no valid lane at shift=+1 from follower lane
  [..] 000472: spawn follower
  [..] 000472: spawn leader
  [..] 000472: spawn NPCs (near=15, scattered=30)
  [..] 000472: spawn camera
  [..] 000472: settle (no listener)
  [..] 000472: tick 10/80
  [..] 000472: tick 20/80
  [..] 000472: tick 30/80
  [..] 000472: tick 40/80
  [..] 000472: tick 50/80
  [..] 000472: tick 60/80
  [..] 000472: tick 70/80
  [..] 000472: tick 80/80
  [..] 000472: cam.listen (skip 20 stale frames)
  [OK] 000472.png  (Town04, CloudyNoon, sun=29°, dist=14m, lat=-1.0, hdg=-2°, npcs=45)
  [..] 000472: finally start
  [..] 000472: drain tick
  [..] 000472: destroy cam
  [..] 000472: destroy 45 npcs
  [..] 000472: destroy leader
  [..] 000472: destroy follower
  [..] 000472: post-cleanup tick
  [..] 000472: finally end
  [..] 000473: spawn follower
  [..] 000473: spawn leader
  [..] 000473: spawn NPCs (near=15, scattered=30)
  [..] 000473: spawn camera
  [..] 000473: settle (no listener)
  [..] 000473: tick 10/80
  [..] 000473: tick 20/80
  [..] 000473: tick 30/80
  [..] 000473: tick 40/80
  [..] 000473: tick 50/80
  [..] 000473: tick 60/80
  [..] 000473: tick 70/80
  [..] 000473: tick 80/80
  [..] 000473: cam.listen (skip 20 stale frames)
  [OK] 000473.png  (Town04, ClearNoon, sun=68°, dist=14m, lat=+0.0, hdg=+2°, npcs=45)
  [..] 000473: finally start
  [..] 000473: drain tick
  [..] 000473: destroy cam
  [..] 000473: destroy 45 npcs
  [..] 000473: destroy leader
  [..] 000473: destroy follower
  [..] 000473: post-cleanup tick
  [..] 000473: finally end
  [..] 000474: spawn follower
  [..] 000474: spawn leader
  [..] 000474: spawn NPCs (near=15, scattered=30)
  [..] 000474: spawn camera
  [..] 000474: settle (no listener)
  [..] 000474: tick 10/80
  [..] 000474: tick 20/80
  [..] 000474: tick 30/80
  [..] 000474: tick 40/80
  [..] 000474: tick 50/80
  [..] 000474: tick 60/80
  [..] 000474: tick 70/80
  [..] 000474: tick 80/80
  [..] 000474: cam.listen (skip 20 stale frames)
  [OK] 000474.png  (Town04, ClearNoon, sun=32°, dist=8m, lat=+1.0, hdg=-1°, npcs=45)
  [..] 000474: finally start
  [..] 000474: drain tick
  [..] 000474: destroy cam
  [..] 000474: destroy 45 npcs
  [..] 000474: destroy leader
  [..] 000474: destroy follower
  [..] 000474: post-cleanup tick
  [..] 000474: finally end
  [..] 000475: spawn follower
  [..] 000475: spawn leader
  [..] 000475: spawn NPCs (near=15, scattered=30)
  [..] 000475: spawn camera
  [..] 000475: settle (no listener)
  [..] 000475: tick 10/80
  [..] 000475: tick 20/80
  [..] 000475: tick 30/80
  [..] 000475: tick 40/80
  [..] 000475: tick 50/80
  [..] 000475: tick 60/80
  [..] 000475: tick 70/80
  [..] 000475: tick 80/80
  [..] 000475: cam.listen (skip 20 stale frames)
  [OK] 000475.png  (Town04, WetNoon, sun=39°, dist=9m, lat=-1.0, hdg=-5°, npcs=45)
  [..] 000475: finally start
  [..] 000475: drain tick
  [..] 000475: destroy cam
  [..] 000475: destroy 45 npcs
  [..] 000475: destroy leader
  [..] 000475: destroy follower
  [..] 000475: post-cleanup tick
  [..] 000475: finally end
  [SKIP] 000476: no valid lane at shift=+1 from follower lane
  [..] 000476: spawn follower
  [..] 000476: spawn leader
  [..] 000476: spawn NPCs (near=15, scattered=30)
  [..] 000476: spawn camera
  [..] 000476: settle (no listener)
  [..] 000476: tick 10/80
  [..] 000476: tick 20/80
  [..] 000476: tick 30/80
  [..] 000476: tick 40/80
  [..] 000476: tick 50/80
  [..] 000476: tick 60/80
  [..] 000476: tick 70/80
  [..] 000476: tick 80/80
  [..] 000476: cam.listen (skip 20 stale frames)
  [OK] 000476.png  (Town04, ClearNoon, sun=64°, dist=15m, lat=-1.0, hdg=-2°, npcs=45)
  [..] 000476: finally start
  [..] 000476: drain tick
  [..] 000476: destroy cam
  [..] 000476: destroy 45 npcs
  [..] 000476: destroy leader
  [..] 000476: destroy follower
  [..] 000476: post-cleanup tick
  [..] 000476: finally end
  [..] 000477: spawn follower
  [..] 000477: spawn leader
  [..] 000477: spawn NPCs (near=15, scattered=30)
  [..] 000477: spawn camera
  [..] 000477: settle (no listener)
  [..] 000477: tick 10/80
  [..] 000477: tick 20/80
  [..] 000477: tick 30/80
  [..] 000477: tick 40/80
  [..] 000477: tick 50/80
  [..] 000477: tick 60/80
  [..] 000477: tick 70/80
  [..] 000477: tick 80/80
  [..] 000477: cam.listen (skip 20 stale frames)
  [OK] 000477.png  (Town04, MidRainyNoon, sun=27°, dist=10m, lat=-1.0, hdg=+1°, npcs=45)
  [..] 000477: finally start
  [..] 000477: drain tick
  [..] 000477: destroy cam
  [..] 000477: destroy 45 npcs
  [..] 000477: destroy leader
  [..] 000477: destroy follower
  [..] 000477: post-cleanup tick
  [..] 000477: finally end
  [..] 000478: spawn follower
  [..] 000478: spawn leader
  [..] 000478: spawn NPCs (near=15, scattered=30)
  [..] 000478: spawn camera
  [..] 000478: settle (no listener)
  [..] 000478: tick 10/80
  [..] 000478: tick 20/80
  [..] 000478: tick 30/80
  [..] 000478: tick 40/80
  [..] 000478: tick 50/80
  [..] 000478: tick 60/80
  [..] 000478: tick 70/80
  [..] 000478: tick 80/80
  [..] 000478: cam.listen (skip 20 stale frames)
  [OK] 000478.png  (Town04, ClearNoon, sun=62°, dist=17m, lat=-1.0, hdg=+1°, npcs=45)
  [..] 000478: finally start
  [..] 000478: drain tick
  [..] 000478: destroy cam
  [..] 000478: destroy 45 npcs
  [..] 000478: destroy leader
  [..] 000478: destroy follower
  [..] 000478: post-cleanup tick
  [..] 000478: finally end
  [SKIP] 000479: no valid lane at shift=+1 from follower lane
  [..] 000479: spawn follower
  [..] 000479: spawn leader
  [..] 000479: spawn NPCs (near=15, scattered=30)
  [..] 000479: spawn camera
  [..] 000479: settle (no listener)
  [..] 000479: tick 10/80
  [..] 000479: tick 20/80
  [..] 000479: tick 30/80
  [..] 000479: tick 40/80
  [..] 000479: tick 50/80
  [..] 000479: tick 60/80
  [..] 000479: tick 70/80
  [..] 000479: tick 80/80
  [..] 000479: cam.listen (skip 20 stale frames)
  [OK] 000479.png  (Town04, WetNoon, sun=31°, dist=10m, lat=+0.0, hdg=+2°, npcs=45)
  [..] 000479: finally start
  [..] 000479: drain tick
  [..] 000479: destroy cam
  [..] 000479: destroy 45 npcs
  [..] 000479: destroy leader
  [..] 000479: destroy follower
  [..] 000479: post-cleanup tick
  [..] 000479: finally end
  [SKIP] 000480: no valid lane at shift=+1 from follower lane
  [..] 000480: spawn follower
  [..] 000480: spawn leader
  [..] 000480: spawn NPCs (near=15, scattered=30)
  [..] 000480: spawn camera
  [..] 000480: settle (no listener)
  [..] 000480: tick 10/80
  [..] 000480: tick 20/80
  [..] 000480: tick 30/80
  [..] 000480: tick 40/80
  [..] 000480: tick 50/80
  [..] 000480: tick 60/80
  [..] 000480: tick 70/80
  [..] 000480: tick 80/80
  [..] 000480: cam.listen (skip 20 stale frames)
  [OK] 000480.png  (Town04, ClearNoon, sun=31°, dist=8m, lat=+0.0, hdg=+5°, npcs=45)
  [..] 000480: finally start
  [..] 000480: drain tick
  [..] 000480: destroy cam
  [..] 000480: destroy 45 npcs
  [..] 000480: destroy leader
  [..] 000480: destroy follower
  [..] 000480: post-cleanup tick
  [..] 000480: finally end
  [..] 000481: spawn follower
  [..] 000481: spawn leader
  [..] 000481: spawn NPCs (near=15, scattered=30)
  [..] 000481: spawn camera
  [..] 000481: settle (no listener)
  [..] 000481: tick 10/80
  [..] 000481: tick 20/80
  [..] 000481: tick 30/80
  [..] 000481: tick 40/80
  [..] 000481: tick 50/80
  [..] 000481: tick 60/80
  [..] 000481: tick 70/80
  [..] 000481: tick 80/80
  [..] 000481: cam.listen (skip 20 stale frames)
  [OK] 000481.png  (Town04, CloudyNoon, sun=44°, dist=17m, lat=-1.0, hdg=+3°, npcs=45)
  [..] 000481: finally start
  [..] 000481: drain tick
  [..] 000481: destroy cam
  [..] 000481: destroy 45 npcs
  [..] 000481: destroy leader
  [..] 000481: destroy follower
  [..] 000481: post-cleanup tick
  [..] 000481: finally end
  [..] 000482: spawn follower
  [..] 000482: spawn leader
  [..] 000482: spawn NPCs (near=15, scattered=30)
  [..] 000482: spawn camera
  [..] 000482: settle (no listener)
  [..] 000482: tick 10/80
  [..] 000482: tick 20/80
  [..] 000482: tick 30/80
  [..] 000482: tick 40/80
  [..] 000482: tick 50/80
  [..] 000482: tick 60/80
  [..] 000482: tick 70/80
  [..] 000482: tick 80/80
  [..] 000482: cam.listen (skip 20 stale frames)
  [OK] 000482.png  (Town04, MidRainyNoon, sun=50°, dist=12m, lat=-1.0, hdg=-1°, npcs=45)
  [..] 000482: finally start
  [..] 000482: drain tick
  [..] 000482: destroy cam
  [..] 000482: destroy 45 npcs
  [..] 000482: destroy leader
  [..] 000482: destroy follower
  [..] 000482: post-cleanup tick
  [..] 000482: finally end
  [..] 000483: spawn follower
  [..] 000483: spawn leader
  [..] 000483: spawn NPCs (near=15, scattered=30)
  [..] 000483: spawn camera
  [..] 000483: settle (no listener)
  [..] 000483: tick 10/80
  [..] 000483: tick 20/80
  [..] 000483: tick 30/80
  [..] 000483: tick 40/80
  [..] 000483: tick 50/80
  [..] 000483: tick 60/80
  [..] 000483: tick 70/80
  [..] 000483: tick 80/80
  [..] 000483: cam.listen (skip 20 stale frames)
  [OK] 000483.png  (Town04, WetNoon, sun=64°, dist=11m, lat=-1.0, hdg=+3°, npcs=45)
  [..] 000483: finally start
  [..] 000483: drain tick
  [..] 000483: destroy cam
  [..] 000483: destroy 45 npcs
  [..] 000483: destroy leader
  [..] 000483: destroy follower
  [..] 000483: post-cleanup tick
  [..] 000483: finally end
  [..] 000484: spawn follower
  [..] 000484: spawn leader
  [..] 000484: spawn NPCs (near=15, scattered=30)
  [..] 000484: spawn camera
  [..] 000484: settle (no listener)
  [..] 000484: tick 10/80
  [..] 000484: tick 20/80
  [..] 000484: tick 30/80
  [..] 000484: tick 40/80
  [..] 000484: tick 50/80
  [..] 000484: tick 60/80
  [..] 000484: tick 70/80
  [..] 000484: tick 80/80
  [..] 000484: cam.listen (skip 20 stale frames)
  [OK] 000484.png  (Town04, ClearNoon, sun=59°, dist=9m, lat=+0.0, hdg=-0°, npcs=45)
  [..] 000484: finally start
  [..] 000484: drain tick
  [..] 000484: destroy cam
  [..] 000484: destroy 45 npcs
  [..] 000484: destroy leader
  [..] 000484: destroy follower
  [..] 000484: post-cleanup tick
  [..] 000484: finally end
  [..] 000485: spawn follower
  [..] 000485: spawn leader
  [..] 000485: spawn NPCs (near=15, scattered=30)
  [..] 000485: spawn camera
  [..] 000485: settle (no listener)
  [..] 000485: tick 10/80
  [..] 000485: tick 20/80
  [..] 000485: tick 30/80
  [..] 000485: tick 40/80
  [..] 000485: tick 50/80
  [..] 000485: tick 60/80
  [..] 000485: tick 70/80
  [..] 000485: tick 80/80
  [..] 000485: cam.listen (skip 20 stale frames)
  [OK] 000485.png  (Town04, WetNoon, sun=26°, dist=11m, lat=-1.0, hdg=+5°, npcs=39)
  [..] 000485: finally start
  [..] 000485: drain tick
  [..] 000485: destroy cam
  [..] 000485: destroy 39 npcs
  [..] 000485: destroy leader
  [..] 000485: destroy follower
  [..] 000485: post-cleanup tick
  [..] 000485: finally end
  [..] 000486: spawn follower
  [..] 000486: spawn leader
  [..] 000486: spawn NPCs (near=15, scattered=30)
  [..] 000486: spawn camera
  [..] 000486: settle (no listener)
  [..] 000486: tick 10/80
  [..] 000486: tick 20/80
  [..] 000486: tick 30/80
  [..] 000486: tick 40/80
  [..] 000486: tick 50/80
  [..] 000486: tick 60/80
  [..] 000486: tick 70/80
  [..] 000486: tick 80/80
  [..] 000486: cam.listen (skip 20 stale frames)
  [OK] 000486.png  (Town04, WetNoon, sun=51°, dist=9m, lat=-1.0, hdg=-5°, npcs=45)
  [..] 000486: finally start
  [..] 000486: drain tick
  [..] 000486: destroy cam
  [..] 000486: destroy 45 npcs
  [..] 000486: destroy leader
  [..] 000486: destroy follower
  [..] 000486: post-cleanup tick
  [..] 000486: finally end
  [..] 000487: spawn follower
  [..] 000487: spawn leader
  [..] 000487: spawn NPCs (near=15, scattered=30)
  [..] 000487: spawn camera
  [..] 000487: settle (no listener)
  [..] 000487: tick 10/80
  [..] 000487: tick 20/80
  [..] 000487: tick 30/80
  [..] 000487: tick 40/80
  [..] 000487: tick 50/80
  [..] 000487: tick 60/80
  [..] 000487: tick 70/80
  [..] 000487: tick 80/80
  [..] 000487: cam.listen (skip 20 stale frames)
  [OK] 000487.png  (Town04, CloudyNoon, sun=33°, dist=9m, lat=+0.0, hdg=-3°, npcs=45)
  [..] 000487: finally start
  [..] 000487: drain tick
  [..] 000487: destroy cam
  [..] 000487: destroy 45 npcs
  [..] 000487: destroy leader
  [..] 000487: destroy follower
  [..] 000487: post-cleanup tick
  [..] 000487: finally end
  [..] 000488: spawn follower
  [..] 000488: spawn leader
  [..] 000488: spawn NPCs (near=15, scattered=30)
  [..] 000488: spawn camera
  [..] 000488: settle (no listener)
  [..] 000488: tick 10/80
  [..] 000488: tick 20/80
  [..] 000488: tick 30/80
  [..] 000488: tick 40/80
  [..] 000488: tick 50/80
  [..] 000488: tick 60/80
  [..] 000488: tick 70/80
  [..] 000488: tick 80/80
  [..] 000488: cam.listen (skip 20 stale frames)
  [OK] 000488.png  (Town04, MidRainyNoon, sun=67°, dist=8m, lat=+1.0, hdg=+2°, npcs=45)
  [..] 000488: finally start
  [..] 000488: drain tick
  [..] 000488: destroy cam
  [..] 000488: destroy 45 npcs
  [..] 000488: destroy leader
  [..] 000488: destroy follower
  [..] 000488: post-cleanup tick
  [..] 000488: finally end
  [..] 000489: spawn follower
  [..] 000489: spawn leader
  [..] 000489: spawn NPCs (near=15, scattered=30)
  [..] 000489: spawn camera
  [..] 000489: settle (no listener)
  [..] 000489: tick 10/80
  [..] 000489: tick 20/80
  [..] 000489: tick 30/80
  [..] 000489: tick 40/80
  [..] 000489: tick 50/80
  [..] 000489: tick 60/80
  [..] 000489: tick 70/80
  [..] 000489: tick 80/80
  [..] 000489: cam.listen (skip 20 stale frames)
  [OK] 000489.png  (Town04, CloudyNoon, sun=31°, dist=11m, lat=+1.0, hdg=-1°, npcs=45)
  [..] 000489: finally start
  [..] 000489: drain tick
  [..] 000489: destroy cam
  [..] 000489: destroy 45 npcs
  [..] 000489: destroy leader
  [..] 000489: destroy follower
  [..] 000489: post-cleanup tick
  [..] 000489: finally end
  [..] 000490: spawn follower
  [..] 000490: spawn leader
  [..] 000490: spawn NPCs (near=15, scattered=30)
  [..] 000490: spawn camera
  [..] 000490: settle (no listener)
  [..] 000490: tick 10/80
  [..] 000490: tick 20/80
  [..] 000490: tick 30/80
  [..] 000490: tick 40/80
  [..] 000490: tick 50/80
  [..] 000490: tick 60/80
  [..] 000490: tick 70/80
  [..] 000490: tick 80/80
  [..] 000490: cam.listen (skip 20 stale frames)
  [OK] 000490.png  (Town04, ClearNoon, sun=27°, dist=6m, lat=-1.0, hdg=-3°, npcs=45)
  [..] 000490: finally start
  [..] 000490: drain tick
  [..] 000490: destroy cam
  [..] 000490: destroy 45 npcs
  [..] 000490: destroy leader
  [..] 000490: destroy follower
  [..] 000490: post-cleanup tick
  [..] 000490: finally end
  [..] 000491: spawn follower
  [..] 000491: spawn leader
  [..] 000491: spawn NPCs (near=15, scattered=30)
  [..] 000491: spawn camera
  [..] 000491: settle (no listener)
  [..] 000491: tick 10/80
  [..] 000491: tick 20/80
  [..] 000491: tick 30/80
  [..] 000491: tick 40/80
  [..] 000491: tick 50/80
  [..] 000491: tick 60/80
  [..] 000491: tick 70/80
  [..] 000491: tick 80/80
  [..] 000491: cam.listen (skip 20 stale frames)
  [OK] 000491.png  (Town04, ClearNoon, sun=51°, dist=7m, lat=+0.0, hdg=-2°, npcs=45)
  [..] 000491: finally start
  [..] 000491: drain tick
  [..] 000491: destroy cam
  [..] 000491: destroy 45 npcs
  [..] 000491: destroy leader
  [..] 000491: destroy follower
  [..] 000491: post-cleanup tick
  [..] 000491: finally end
  [..] 000492: spawn follower
  [..] 000492: spawn leader
  [..] 000492: spawn NPCs (near=15, scattered=30)
  [..] 000492: spawn camera
  [..] 000492: settle (no listener)
  [..] 000492: tick 10/80
  [..] 000492: tick 20/80
  [..] 000492: tick 30/80
  [..] 000492: tick 40/80
  [..] 000492: tick 50/80
  [..] 000492: tick 60/80
  [..] 000492: tick 70/80
  [..] 000492: tick 80/80
  [..] 000492: cam.listen (skip 20 stale frames)
  [OK] 000492.png  (Town04, MidRainyNoon, sun=39°, dist=16m, lat=-1.0, hdg=-3°, npcs=45)
  [..] 000492: finally start
  [..] 000492: drain tick
  [..] 000492: destroy cam
  [..] 000492: destroy 45 npcs
  [..] 000492: destroy leader
  [..] 000492: destroy follower
  [..] 000492: post-cleanup tick
  [..] 000492: finally end
  [SKIP] 000493: no valid lane at shift=+1 from follower lane
  [..] 000493: spawn follower
  [..] 000493: spawn leader
  [..] 000493: spawn NPCs (near=15, scattered=30)
  [..] 000493: spawn camera
  [..] 000493: settle (no listener)
  [..] 000493: tick 10/80
  [..] 000493: tick 20/80
  [..] 000493: tick 30/80
  [..] 000493: tick 40/80
  [..] 000493: tick 50/80
  [..] 000493: tick 60/80
  [..] 000493: tick 70/80
  [..] 000493: tick 80/80
  [..] 000493: cam.listen (skip 20 stale frames)
  [OK] 000493.png  (Town04, CloudyNoon, sun=50°, dist=11m, lat=+1.0, hdg=+0°, npcs=45)
  [..] 000493: finally start
  [..] 000493: drain tick
  [..] 000493: destroy cam
  [..] 000493: destroy 45 npcs
  [..] 000493: destroy leader
  [..] 000493: destroy follower
  [..] 000493: post-cleanup tick
  [..] 000493: finally end
  [SKIP] 000494: no valid lane at shift=+1 from follower lane
  [..] 000494: spawn follower
  [..] 000494: spawn leader
  [..] 000494: spawn NPCs (near=15, scattered=30)
  [..] 000494: spawn camera
  [..] 000494: settle (no listener)
  [..] 000494: tick 10/80
  [..] 000494: tick 20/80
  [..] 000494: tick 30/80
  [..] 000494: tick 40/80
  [..] 000494: tick 50/80
  [..] 000494: tick 60/80
  [..] 000494: tick 70/80
  [..] 000494: tick 80/80
  [..] 000494: cam.listen (skip 20 stale frames)
  [OK] 000494.png  (Town04, CloudyNoon, sun=51°, dist=7m, lat=+0.0, hdg=-0°, npcs=45)
  [..] 000494: finally start
  [..] 000494: drain tick
  [..] 000494: destroy cam
  [..] 000494: destroy 45 npcs
  [..] 000494: destroy leader
  [..] 000494: destroy follower
  [..] 000494: post-cleanup tick
  [..] 000494: finally end
  [SKIP] 000495: no valid lane at shift=+1 from follower lane
  [..] 000495: spawn follower
  [..] 000495: spawn leader
  [..] 000495: spawn NPCs (near=15, scattered=30)
  [..] 000495: spawn camera
  [..] 000495: settle (no listener)
  [..] 000495: tick 10/80
  [..] 000495: tick 20/80
  [..] 000495: tick 30/80
  [..] 000495: tick 40/80
  [..] 000495: tick 50/80
  [..] 000495: tick 60/80
  [..] 000495: tick 70/80
  [..] 000495: tick 80/80
  [..] 000495: cam.listen (skip 20 stale frames)
  [OK] 000495.png  (Town04, MidRainyNoon, sun=34°, dist=7m, lat=+0.0, hdg=-4°, npcs=45)
  [..] 000495: finally start
  [..] 000495: drain tick
  [..] 000495: destroy cam
  [..] 000495: destroy 45 npcs
  [..] 000495: destroy leader
  [..] 000495: destroy follower
  [..] 000495: post-cleanup tick
  [..] 000495: finally end
  [..] 000496: spawn follower
  [..] 000496: spawn leader
  [..] 000496: spawn NPCs (near=15, scattered=30)
  [..] 000496: spawn camera
  [..] 000496: settle (no listener)
  [..] 000496: tick 10/80
  [..] 000496: tick 20/80
  [..] 000496: tick 30/80
  [..] 000496: tick 40/80
  [..] 000496: tick 50/80
  [..] 000496: tick 60/80
  [..] 000496: tick 70/80
  [..] 000496: tick 80/80
  [..] 000496: cam.listen (skip 20 stale frames)
  [OK] 000496.png  (Town04, WetNoon, sun=31°, dist=9m, lat=+0.0, hdg=+2°, npcs=45)
  [..] 000496: finally start
  [..] 000496: drain tick
  [..] 000496: destroy cam
  [..] 000496: destroy 45 npcs
  [..] 000496: destroy leader
  [..] 000496: destroy follower
  [..] 000496: post-cleanup tick
  [..] 000496: finally end
  [..] 000497: spawn follower
  [..] 000497: spawn leader
  [..] 000497: spawn NPCs (near=15, scattered=30)
  [..] 000497: spawn camera
  [..] 000497: settle (no listener)
  [..] 000497: tick 10/80
  [..] 000497: tick 20/80
  [..] 000497: tick 30/80
  [..] 000497: tick 40/80
  [..] 000497: tick 50/80
  [..] 000497: tick 60/80
  [..] 000497: tick 70/80
  [..] 000497: tick 80/80
  [..] 000497: cam.listen (skip 20 stale frames)
  [OK] 000497.png  (Town04, MidRainyNoon, sun=49°, dist=13m, lat=+0.0, hdg=+5°, npcs=45)
  [..] 000497: finally start
  [..] 000497: drain tick
  [..] 000497: destroy cam
  [..] 000497: destroy 45 npcs
  [..] 000497: destroy leader
  [..] 000497: destroy follower
  [..] 000497: post-cleanup tick
  [..] 000497: finally end
  [SKIP] 000498: no valid lane at shift=+1 from follower lane
  [..] 000498: spawn follower
  [..] 000498: spawn leader
  [..] 000498: spawn NPCs (near=15, scattered=30)
  [..] 000498: spawn camera
  [..] 000498: settle (no listener)
  [..] 000498: tick 10/80
  [..] 000498: tick 20/80
  [..] 000498: tick 30/80
  [..] 000498: tick 40/80
  [..] 000498: tick 50/80
  [..] 000498: tick 60/80
  [..] 000498: tick 70/80
  [..] 000498: tick 80/80
  [..] 000498: cam.listen (skip 20 stale frames)
  [OK] 000498.png  (Town04, MidRainyNoon, sun=58°, dist=17m, lat=+1.0, hdg=+5°, npcs=45)
  [..] 000498: finally start
  [..] 000498: drain tick
  [..] 000498: destroy cam
  [..] 000498: destroy 45 npcs
  [..] 000498: destroy leader
  [..] 000498: destroy follower
  [..] 000498: post-cleanup tick
  [..] 000498: finally end
  [..] 000499: spawn follower
  [..] 000499: spawn leader
  [..] 000499: spawn NPCs (near=15, scattered=30)
  [..] 000499: spawn camera
  [..] 000499: settle (no listener)
  [..] 000499: tick 10/80
  [..] 000499: tick 20/80
  [..] 000499: tick 30/80
  [..] 000499: tick 40/80
  [..] 000499: tick 50/80
  [..] 000499: tick 60/80
  [..] 000499: tick 70/80
  [..] 000499: tick 80/80
  [..] 000499: cam.listen (skip 20 stale frames)
  [OK] 000499.png  (Town04, ClearNoon, sun=36°, dist=16m, lat=+0.0, hdg=-4°, npcs=39)
  [..] 000499: finally start
  [..] 000499: drain tick
  [..] 000499: destroy cam
  [..] 000499: destroy 39 npcs
  [..] 000499: destroy leader
  [..] 000499: destroy follower
  [..] 000499: post-cleanup tick
  [..] 000499: finally end
  [..] 000500: spawn follower
  [..] 000500: spawn leader
  [..] 000500: spawn NPCs (near=15, scattered=30)
  [..] 000500: spawn camera
  [..] 000500: settle (no listener)
  [..] 000500: tick 10/80
  [..] 000500: tick 20/80
  [..] 000500: tick 30/80
  [..] 000500: tick 40/80
  [..] 000500: tick 50/80
  [..] 000500: tick 60/80
  [..] 000500: tick 70/80
  [..] 000500: tick 80/80
  [..] 000500: cam.listen (skip 20 stale frames)
  [OK] 000500.png  (Town04, ClearNoon, sun=32°, dist=13m, lat=+0.0, hdg=-4°, npcs=45)
  [..] 000500: finally start
  [..] 000500: drain tick
  [..] 000500: destroy cam
  [..] 000500: destroy 45 npcs
  [..] 000500: destroy leader
  [..] 000500: destroy follower
  [..] 000500: post-cleanup tick
  [..] 000500: finally end
  [SKIP] 000501: no valid lane at shift=+1 from follower lane
  [..] 000501: spawn follower
  [..] 000501: spawn leader
  [..] 000501: spawn NPCs (near=15, scattered=30)
  [..] 000501: spawn camera
  [..] 000501: settle (no listener)
  [..] 000501: tick 10/80
  [..] 000501: tick 20/80
  [..] 000501: tick 30/80
  [..] 000501: tick 40/80
  [..] 000501: tick 50/80
  [..] 000501: tick 60/80
  [..] 000501: tick 70/80
  [..] 000501: tick 80/80
  [..] 000501: cam.listen (skip 20 stale frames)
  [OK] 000501.png  (Town04, ClearNoon, sun=55°, dist=11m, lat=+0.0, hdg=+3°, npcs=39)
  [..] 000501: finally start
  [..] 000501: drain tick
  [..] 000501: destroy cam
  [..] 000501: destroy 39 npcs
  [..] 000501: destroy leader
  [..] 000501: destroy follower
  [..] 000501: post-cleanup tick
  [..] 000501: finally end
  [..] 000502: spawn follower
  [..] 000502: spawn leader
  [..] 000502: spawn NPCs (near=15, scattered=30)
  [..] 000502: spawn camera
  [..] 000502: settle (no listener)
  [..] 000502: tick 10/80
  [..] 000502: tick 20/80
  [..] 000502: tick 30/80
  [..] 000502: tick 40/80
  [..] 000502: tick 50/80
  [..] 000502: tick 60/80
  [..] 000502: tick 70/80
  [..] 000502: tick 80/80
  [..] 000502: cam.listen (skip 20 stale frames)
  [OK] 000502.png  (Town04, WetNoon, sun=56°, dist=7m, lat=-1.0, hdg=-1°, npcs=39)
  [..] 000502: finally start
  [..] 000502: drain tick
  [..] 000502: destroy cam
  [..] 000502: destroy 39 npcs
  [..] 000502: destroy leader
  [..] 000502: destroy follower
  [..] 000502: post-cleanup tick
  [..] 000502: finally end
  [..] 000503: spawn follower
  [..] 000503: spawn leader
  [..] 000503: spawn NPCs (near=15, scattered=30)
  [..] 000503: spawn camera
  [..] 000503: settle (no listener)
  [..] 000503: tick 10/80
  [..] 000503: tick 20/80
  [..] 000503: tick 30/80
  [..] 000503: tick 40/80
  [..] 000503: tick 50/80
  [..] 000503: tick 60/80
  [..] 000503: tick 70/80
  [..] 000503: tick 80/80
  [..] 000503: cam.listen (skip 20 stale frames)
  [OK] 000503.png  (Town04, MidRainyNoon, sun=62°, dist=17m, lat=+0.0, hdg=+3°, npcs=39)
  [..] 000503: finally start
  [..] 000503: drain tick
  [..] 000503: destroy cam
  [..] 000503: destroy 39 npcs
  [..] 000503: destroy leader
  [..] 000503: destroy follower
  [..] 000503: post-cleanup tick
  [..] 000503: finally end
  [..] 000504: spawn follower
  [..] 000504: spawn leader
  [..] 000504: spawn NPCs (near=15, scattered=30)
  [..] 000504: spawn camera
  [..] 000504: settle (no listener)
  [..] 000504: tick 10/80
  [..] 000504: tick 20/80
  [..] 000504: tick 30/80
  [..] 000504: tick 40/80
  [..] 000504: tick 50/80
  [..] 000504: tick 60/80
  [..] 000504: tick 70/80
  [..] 000504: tick 80/80
  [..] 000504: cam.listen (skip 20 stale frames)
  [OK] 000504.png  (Town04, CloudyNoon, sun=61°, dist=8m, lat=+0.0, hdg=-4°, npcs=45)
  [..] 000504: finally start
  [..] 000504: drain tick
  [..] 000504: destroy cam
  [..] 000504: destroy 45 npcs
  [..] 000504: destroy leader
  [..] 000504: destroy follower
  [..] 000504: post-cleanup tick
  [..] 000504: finally end
  [..] 000505: spawn follower
  [..] 000505: spawn leader
  [..] 000505: spawn NPCs (near=15, scattered=30)
  [..] 000505: spawn camera
  [..] 000505: settle (no listener)
  [..] 000505: tick 10/80
  [..] 000505: tick 20/80
  [..] 000505: tick 30/80
  [..] 000505: tick 40/80
  [..] 000505: tick 50/80
  [..] 000505: tick 60/80
  [..] 000505: tick 70/80
  [..] 000505: tick 80/80
  [..] 000505: cam.listen (skip 20 stale frames)
  [OK] 000505.png  (Town04, WetNoon, sun=29°, dist=14m, lat=-1.0, hdg=-3°, npcs=45)
  [..] 000505: finally start
  [..] 000505: drain tick
  [..] 000505: destroy cam
  [..] 000505: destroy 45 npcs
  [..] 000505: destroy leader
  [..] 000505: destroy follower
  [..] 000505: post-cleanup tick
  [..] 000505: finally end
  [..] 000506: spawn follower
  [..] 000506: spawn leader
  [..] 000506: spawn NPCs (near=15, scattered=30)
  [..] 000506: spawn camera
  [..] 000506: settle (no listener)
  [..] 000506: tick 10/80
  [..] 000506: tick 20/80
  [..] 000506: tick 30/80
  [..] 000506: tick 40/80
  [..] 000506: tick 50/80
  [..] 000506: tick 60/80
  [..] 000506: tick 70/80
  [..] 000506: tick 80/80
  [..] 000506: cam.listen (skip 20 stale frames)
  [OK] 000506.png  (Town04, MidRainyNoon, sun=52°, dist=17m, lat=+0.0, hdg=+1°, npcs=45)
  [..] 000506: finally start
  [..] 000506: drain tick
  [..] 000506: destroy cam
  [..] 000506: destroy 45 npcs
  [..] 000506: destroy leader
  [..] 000506: destroy follower
  [..] 000506: post-cleanup tick
  [..] 000506: finally end
  [..] 000507: spawn follower
  [..] 000507: spawn leader
  [..] 000507: spawn NPCs (near=15, scattered=30)
  [..] 000507: spawn camera
  [..] 000507: settle (no listener)
  [..] 000507: tick 10/80
  [..] 000507: tick 20/80
  [..] 000507: tick 30/80
  [..] 000507: tick 40/80
  [..] 000507: tick 50/80
  [..] 000507: tick 60/80
  [..] 000507: tick 70/80
  [..] 000507: tick 80/80
  [..] 000507: cam.listen (skip 20 stale frames)
  [OK] 000507.png  (Town04, CloudyNoon, sun=68°, dist=18m, lat=-1.0, hdg=-1°, npcs=45)
  [..] 000507: finally start
  [..] 000507: drain tick
  [..] 000507: destroy cam
  [..] 000507: destroy 45 npcs
  [..] 000507: destroy leader
  [..] 000507: destroy follower
  [..] 000507: post-cleanup tick
  [..] 000507: finally end
  [..] 000508: spawn follower
  [..] 000508: spawn leader
  [..] 000508: spawn NPCs (near=15, scattered=30)
  [..] 000508: spawn camera
  [..] 000508: settle (no listener)
  [..] 000508: tick 10/80
  [..] 000508: tick 20/80
  [..] 000508: tick 30/80
  [..] 000508: tick 40/80
  [..] 000508: tick 50/80
  [..] 000508: tick 60/80
  [..] 000508: tick 70/80
  [..] 000508: tick 80/80
  [..] 000508: cam.listen (skip 20 stale frames)
  [OK] 000508.png  (Town04, WetNoon, sun=58°, dist=16m, lat=-1.0, hdg=-3°, npcs=45)
  [..] 000508: finally start
  [..] 000508: drain tick
  [..] 000508: destroy cam
  [..] 000508: destroy 45 npcs
  [..] 000508: destroy leader
  [..] 000508: destroy follower
  [..] 000508: post-cleanup tick
  [..] 000508: finally end
  [..] 000509: spawn follower
  [..] 000509: spawn leader
  [..] 000509: spawn NPCs (near=15, scattered=30)
  [..] 000509: spawn camera
  [..] 000509: settle (no listener)
  [..] 000509: tick 10/80
  [..] 000509: tick 20/80
  [..] 000509: tick 30/80
  [..] 000509: tick 40/80
  [..] 000509: tick 50/80
  [..] 000509: tick 60/80
  [..] 000509: tick 70/80
  [..] 000509: tick 80/80
  [..] 000509: cam.listen (skip 20 stale frames)
  [OK] 000509.png  (Town04, ClearNoon, sun=67°, dist=16m, lat=+0.0, hdg=-5°, npcs=39)
  [..] 000509: finally start
  [..] 000509: drain tick
  [..] 000509: destroy cam
  [..] 000509: destroy 39 npcs
  [..] 000509: destroy leader
  [..] 000509: destroy follower
  [..] 000509: post-cleanup tick
  [..] 000509: finally end
  [..] 000510: spawn follower
  [..] 000510: spawn leader
  [..] 000510: spawn NPCs (near=15, scattered=30)
  [..] 000510: spawn camera
  [..] 000510: settle (no listener)
  [..] 000510: tick 10/80
  [..] 000510: tick 20/80
  [..] 000510: tick 30/80
  [..] 000510: tick 40/80
  [..] 000510: tick 50/80
  [..] 000510: tick 60/80
  [..] 000510: tick 70/80
  [..] 000510: tick 80/80
  [..] 000510: cam.listen (skip 20 stale frames)
  [OK] 000510.png  (Town04, ClearNoon, sun=67°, dist=18m, lat=-1.0, hdg=+2°, npcs=45)
  [..] 000510: finally start
  [..] 000510: drain tick
  [..] 000510: destroy cam
  [..] 000510: destroy 45 npcs
  [..] 000510: destroy leader
  [..] 000510: destroy follower
  [..] 000510: post-cleanup tick
  [..] 000510: finally end
  [SKIP] 000511: no valid lane at shift=+1 from follower lane
  [..] 000511: spawn follower
  [..] 000511: spawn leader
  [..] 000511: spawn NPCs (near=15, scattered=30)
  [..] 000511: spawn camera
  [..] 000511: settle (no listener)
  [..] 000511: tick 10/80
  [..] 000511: tick 20/80
  [..] 000511: tick 30/80
  [..] 000511: tick 40/80
  [..] 000511: tick 50/80
  [..] 000511: tick 60/80
  [..] 000511: tick 70/80
  [..] 000511: tick 80/80
  [..] 000511: cam.listen (skip 20 stale frames)
  [OK] 000511.png  (Town04, MidRainyNoon, sun=28°, dist=16m, lat=-1.0, hdg=+1°, npcs=45)
  [..] 000511: finally start
  [..] 000511: drain tick
  [..] 000511: destroy cam
  [..] 000511: destroy 45 npcs
  [..] 000511: destroy leader
  [..] 000511: destroy follower
  [..] 000511: post-cleanup tick
  [..] 000511: finally end
  [..] 000512: spawn follower
  [..] 000512: spawn leader
  [..] 000512: spawn NPCs (near=15, scattered=30)
  [..] 000512: spawn camera
  [..] 000512: settle (no listener)
  [..] 000512: tick 10/80
  [..] 000512: tick 20/80
  [..] 000512: tick 30/80
  [..] 000512: tick 40/80
  [..] 000512: tick 50/80
  [..] 000512: tick 60/80
  [..] 000512: tick 70/80
  [..] 000512: tick 80/80
  [..] 000512: cam.listen (skip 20 stale frames)
  [OK] 000512.png  (Town04, ClearNoon, sun=35°, dist=14m, lat=+0.0, hdg=+2°, npcs=45)
  [..] 000512: finally start
  [..] 000512: drain tick
  [..] 000512: destroy cam
  [..] 000512: destroy 45 npcs
  [..] 000512: destroy leader
  [..] 000512: destroy follower
  [..] 000512: post-cleanup tick
  [..] 000512: finally end
  [..] 000513: spawn follower
  [..] 000513: spawn leader
  [..] 000513: spawn NPCs (near=15, scattered=30)
  [..] 000513: spawn camera
  [..] 000513: settle (no listener)
  [..] 000513: tick 10/80
  [..] 000513: tick 20/80
  [..] 000513: tick 30/80
  [..] 000513: tick 40/80
  [..] 000513: tick 50/80
  [..] 000513: tick 60/80
  [..] 000513: tick 70/80
  [..] 000513: tick 80/80
  [..] 000513: cam.listen (skip 20 stale frames)
  [OK] 000513.png  (Town04, WetNoon, sun=47°, dist=9m, lat=+0.0, hdg=-4°, npcs=39)
  [..] 000513: finally start
  [..] 000513: drain tick
  [..] 000513: destroy cam
  [..] 000513: destroy 39 npcs
  [..] 000513: destroy leader
  [..] 000513: destroy follower
  [..] 000513: post-cleanup tick
  [..] 000513: finally end
  [..] 000514: spawn follower
  [..] 000514: spawn leader
  [..] 000514: spawn NPCs (near=15, scattered=30)
  [..] 000514: spawn camera
  [..] 000514: settle (no listener)
  [..] 000514: tick 10/80
  [..] 000514: tick 20/80
  [..] 000514: tick 30/80
  [..] 000514: tick 40/80
  [..] 000514: tick 50/80
  [..] 000514: tick 60/80
  [..] 000514: tick 70/80
  [..] 000514: tick 80/80
  [..] 000514: cam.listen (skip 20 stale frames)
  [OK] 000514.png  (Town04, CloudyNoon, sun=48°, dist=17m, lat=-1.0, hdg=-2°, npcs=45)
  [..] 000514: finally start
  [..] 000514: drain tick
  [..] 000514: destroy cam
  [..] 000514: destroy 45 npcs
  [..] 000514: destroy leader
  [..] 000514: destroy follower
  [..] 000514: post-cleanup tick
  [..] 000514: finally end
  [..] 000515: spawn follower
  [..] 000515: spawn leader
  [..] 000515: spawn NPCs (near=15, scattered=30)
  [..] 000515: spawn camera
  [..] 000515: settle (no listener)
  [..] 000515: tick 10/80
  [..] 000515: tick 20/80
  [..] 000515: tick 30/80
  [..] 000515: tick 40/80
  [..] 000515: tick 50/80
  [..] 000515: tick 60/80
  [..] 000515: tick 70/80
  [..] 000515: tick 80/80
  [..] 000515: cam.listen (skip 20 stale frames)
  [OK] 000515.png  (Town04, ClearNoon, sun=29°, dist=15m, lat=-1.0, hdg=+1°, npcs=45)
  [..] 000515: finally start
  [..] 000515: drain tick
  [..] 000515: destroy cam
  [..] 000515: destroy 45 npcs
  [..] 000515: destroy leader
  [..] 000515: destroy follower
  [..] 000515: post-cleanup tick
  [..] 000515: finally end
  [SKIP] 000516: no valid lane at shift=+1 from follower lane
  [..] 000516: spawn follower
  [..] 000516: spawn leader
  [..] 000516: spawn NPCs (near=15, scattered=30)
  [..] 000516: spawn camera
  [..] 000516: settle (no listener)
  [..] 000516: tick 10/80
  [..] 000516: tick 20/80
  [..] 000516: tick 30/80
  [..] 000516: tick 40/80
  [..] 000516: tick 50/80
  [..] 000516: tick 60/80
  [..] 000516: tick 70/80
  [..] 000516: tick 80/80
  [..] 000516: cam.listen (skip 20 stale frames)
  [OK] 000516.png  (Town04, MidRainyNoon, sun=53°, dist=17m, lat=+0.0, hdg=+4°, npcs=45)
  [..] 000516: finally start
  [..] 000516: drain tick
  [..] 000516: destroy cam
  [..] 000516: destroy 45 npcs
  [..] 000516: destroy leader
  [..] 000516: destroy follower
  [..] 000516: post-cleanup tick
  [..] 000516: finally end
  [SKIP] 000517: no valid lane at shift=+1 from follower lane
  [..] 000517: spawn follower
  [..] 000517: spawn leader
  [..] 000517: spawn NPCs (near=15, scattered=30)
  [..] 000517: spawn camera
  [..] 000517: settle (no listener)
  [..] 000517: tick 10/80
  [..] 000517: tick 20/80
  [..] 000517: tick 30/80
  [..] 000517: tick 40/80
  [..] 000517: tick 50/80
  [..] 000517: tick 60/80
  [..] 000517: tick 70/80
  [..] 000517: tick 80/80
  [..] 000517: cam.listen (skip 20 stale frames)
  [OK] 000517.png  (Town04, ClearNoon, sun=27°, dist=12m, lat=-1.0, hdg=-1°, npcs=45)
  [..] 000517: finally start
  [..] 000517: drain tick
  [..] 000517: destroy cam
  [..] 000517: destroy 45 npcs
  [..] 000517: destroy leader
  [..] 000517: destroy follower
  [..] 000517: post-cleanup tick
  [..] 000517: finally end
  [..] 000518: spawn follower
  [..] 000518: spawn leader
  [..] 000518: spawn NPCs (near=15, scattered=30)
  [..] 000518: spawn camera
  [..] 000518: settle (no listener)
  [..] 000518: tick 10/80
  [..] 000518: tick 20/80
  [..] 000518: tick 30/80
  [..] 000518: tick 40/80
  [..] 000518: tick 50/80
  [..] 000518: tick 60/80
  [..] 000518: tick 70/80
  [..] 000518: tick 80/80
  [..] 000518: cam.listen (skip 20 stale frames)
  [OK] 000518.png  (Town04, CloudyNoon, sun=56°, dist=10m, lat=+1.0, hdg=+1°, npcs=45)
  [..] 000518: finally start
  [..] 000518: drain tick
  [..] 000518: destroy cam
  [..] 000518: destroy 45 npcs
  [..] 000518: destroy leader
  [..] 000518: destroy follower
  [..] 000518: post-cleanup tick
  [..] 000518: finally end
  [..] 000519: spawn follower
  [..] 000519: spawn leader
  [..] 000519: spawn NPCs (near=15, scattered=30)
  [..] 000519: spawn camera
  [..] 000519: settle (no listener)
  [..] 000519: tick 10/80
  [..] 000519: tick 20/80
  [..] 000519: tick 30/80
  [..] 000519: tick 40/80
  [..] 000519: tick 50/80
  [..] 000519: tick 60/80
  [..] 000519: tick 70/80
  [..] 000519: tick 80/80
  [..] 000519: cam.listen (skip 20 stale frames)
  [OK] 000519.png  (Town04, ClearNoon, sun=44°, dist=6m, lat=-1.0, hdg=-3°, npcs=39)
  [..] 000519: finally start
  [..] 000519: drain tick
  [..] 000519: destroy cam
  [..] 000519: destroy 39 npcs
  [..] 000519: destroy leader
  [..] 000519: destroy follower
  [..] 000519: post-cleanup tick
  [..] 000519: finally end
  [..] 000520: spawn follower
  [..] 000520: spawn leader
  [..] 000520: spawn NPCs (near=15, scattered=30)
  [..] 000520: spawn camera
  [..] 000520: settle (no listener)
  [..] 000520: tick 10/80
  [..] 000520: tick 20/80
  [..] 000520: tick 30/80
  [..] 000520: tick 40/80
  [..] 000520: tick 50/80
  [..] 000520: tick 60/80
  [..] 000520: tick 70/80
  [..] 000520: tick 80/80
  [..] 000520: cam.listen (skip 20 stale frames)
  [OK] 000520.png  (Town04, ClearNoon, sun=69°, dist=13m, lat=-1.0, hdg=-0°, npcs=45)
  [..] 000520: finally start
  [..] 000520: drain tick
  [..] 000520: destroy cam
  [..] 000520: destroy 45 npcs
  [..] 000520: destroy leader
  [..] 000520: destroy follower
  [..] 000520: post-cleanup tick
  [..] 000520: finally end
  [..] 000521: spawn follower
  [..] 000521: spawn leader
  [..] 000521: spawn NPCs (near=15, scattered=30)
  [..] 000521: spawn camera
  [..] 000521: settle (no listener)
  [..] 000521: tick 10/80
  [..] 000521: tick 20/80
  [..] 000521: tick 30/80
  [..] 000521: tick 40/80
  [..] 000521: tick 50/80
  [..] 000521: tick 60/80
  [..] 000521: tick 70/80
  [..] 000521: tick 80/80
  [..] 000521: cam.listen (skip 20 stale frames)
  [OK] 000521.png  (Town04, ClearNoon, sun=43°, dist=10m, lat=-1.0, hdg=-3°, npcs=45)
  [..] 000521: finally start
  [..] 000521: drain tick
  [..] 000521: destroy cam
  [..] 000521: destroy 45 npcs
  [..] 000521: destroy leader
  [..] 000521: destroy follower
  [..] 000521: post-cleanup tick
  [..] 000521: finally end
  [..] 000522: spawn follower
  [..] 000522: spawn leader
  [..] 000522: spawn NPCs (near=15, scattered=30)
  [..] 000522: spawn camera
  [..] 000522: settle (no listener)
  [..] 000522: tick 10/80
  [..] 000522: tick 20/80
  [..] 000522: tick 30/80
  [..] 000522: tick 40/80
  [..] 000522: tick 50/80
  [..] 000522: tick 60/80
  [..] 000522: tick 70/80
  [..] 000522: tick 80/80
  [..] 000522: cam.listen (skip 20 stale frames)
  [OK] 000522.png  (Town04, MidRainyNoon, sun=54°, dist=14m, lat=+0.0, hdg=+3°, npcs=39)
  [..] 000522: finally start
  [..] 000522: drain tick
  [..] 000522: destroy cam
  [..] 000522: destroy 39 npcs
  [..] 000522: destroy leader
  [..] 000522: destroy follower
  [..] 000522: post-cleanup tick
  [..] 000522: finally end
  [..] 000523: spawn follower
  [..] 000523: spawn leader
  [..] 000523: spawn NPCs (near=15, scattered=30)
  [..] 000523: spawn camera
  [..] 000523: settle (no listener)
  [..] 000523: tick 10/80
  [..] 000523: tick 20/80
  [..] 000523: tick 30/80
  [..] 000523: tick 40/80
  [..] 000523: tick 50/80
  [..] 000523: tick 60/80
  [..] 000523: tick 70/80
  [..] 000523: tick 80/80
  [..] 000523: cam.listen (skip 20 stale frames)
  [OK] 000523.png  (Town04, MidRainyNoon, sun=57°, dist=11m, lat=+0.0, hdg=+3°, npcs=45)
  [..] 000523: finally start
  [..] 000523: drain tick
  [..] 000523: destroy cam
  [..] 000523: destroy 45 npcs
  [..] 000523: destroy leader
  [..] 000523: destroy follower
  [..] 000523: post-cleanup tick
  [..] 000523: finally end
  [SKIP] 000524: no valid lane at shift=+1 from follower lane
  [SKIP] 000524: no valid lane at shift=+1 from follower lane
  [..] 000524: spawn follower
  [..] 000524: spawn leader
  [..] 000524: spawn NPCs (near=15, scattered=30)
  [..] 000524: spawn camera
  [..] 000524: settle (no listener)
  [..] 000524: tick 10/80
  [..] 000524: tick 20/80
  [..] 000524: tick 30/80
  [..] 000524: tick 40/80
  [..] 000524: tick 50/80
  [..] 000524: tick 60/80
  [..] 000524: tick 70/80
  [..] 000524: tick 80/80
  [..] 000524: cam.listen (skip 20 stale frames)
  [OK] 000524.png  (Town04, MidRainyNoon, sun=64°, dist=11m, lat=+0.0, hdg=+2°, npcs=45)
  [..] 000524: finally start
  [..] 000524: drain tick
  [..] 000524: destroy cam
  [..] 000524: destroy 45 npcs
  [..] 000524: destroy leader
  [..] 000524: destroy follower
  [..] 000524: post-cleanup tick
  [..] 000524: finally end

Done. 524 frame(s) saved → data/chroma_key_dataset/capture_20260609_014138_marker
   Town04                 200 / 200  [OK]
Index: data/chroma_key_dataset/capture_20260609_014138_marker/captures_index.csv
[01:56:47] DONE

============================================================
 TOWN: Town05
============================================================
>>> stopping CARLA
 168419>>> launching CarlaUE4.sh (headless, off-screen render)
>>> CARLA up and listening on :2000
################################################################
# CHROMA-KEY CAPTURE — 2026-06-09 01:57:19
################################################################
  towns          : Town05
  weather        : ClearNoon CloudyNoon WetNoon MidRainyNoon
  sun_alts       : 70 55 40 25
  distances      : 6 10 14 18
  lateral_offs   : -1 0 1
  heading_offs   : -5 0 5
  npc_count      : 15  (radius 80 m)
  npc_scattered  : 30  (random across map)
  spawn_pool     : 6
  leader         : vehicle.carlamotors.carlacola
  follower       : vehicle.tesla.model3
  max_frames     : 99999
  shuffle        : 1
  continuous     : 1  (per-town: 200)
  sun_range      : 25 70
  dist_range     : 6 18
  heading_range  : -5 5
  seed           : 42
  log            : /dev/null


Connecting to CARLA at localhost:2000 (timeout=180s) ...
Continuous sampling: 400 attempts across 1 towns (200/town)
Sampled : 400 frame(s) (shuffled)
   Town05                400
Out     : data/chroma_key_dataset/capture_20260609_014138_marker

[resume] appending to existing run, starting frame_id 000525

--- Loading Town05 ---
WARNING: Version mismatch detected: You are trying to connect to a simulator that might be incompatible with this API 
WARNING: Client API version     = 0.9.15 
WARNING: Simulator API version  = 0.9.15.2 
  warmup: 100 ticks
  [SKIP] 000525: no valid lane at shift=-1 from follower lane
  [..] 000525: spawn follower
  [..] 000525: spawn leader
  [..] 000525: spawn NPCs (near=15, scattered=30)
  [..] 000525: spawn camera
  [..] 000525: settle (no listener)
  [..] 000525: tick 10/80
  [..] 000525: tick 20/80
  [..] 000525: tick 30/80
  [..] 000525: tick 40/80
  [..] 000525: tick 50/80
  [..] 000525: tick 60/80
  [..] 000525: tick 70/80
  [..] 000525: tick 80/80
  [..] 000525: cam.listen (skip 20 stale frames)
  [OK] 000525.png  (Town05, MidRainyNoon, sun=58°, dist=18m, lat=+0.0, hdg=+1°, npcs=45)
  [..] 000525: finally start
  [..] 000525: drain tick
  [..] 000525: destroy cam
  [..] 000525: destroy 45 npcs
  [..] 000525: destroy leader
  [..] 000525: destroy follower
  [..] 000525: post-cleanup tick
  [..] 000525: finally end
  [..] 000526: spawn follower
  [..] 000526: spawn leader
  [..] 000526: spawn NPCs (near=15, scattered=30)
  [..] 000526: spawn camera
  [..] 000526: settle (no listener)
  [..] 000526: tick 10/80
  [..] 000526: tick 20/80
  [..] 000526: tick 30/80
  [..] 000526: tick 40/80
  [..] 000526: tick 50/80
  [..] 000526: tick 60/80
  [..] 000526: tick 70/80
  [..] 000526: tick 80/80
  [..] 000526: cam.listen (skip 20 stale frames)
  [OK] 000526.png  (Town05, CloudyNoon, sun=46°, dist=18m, lat=+0.0, hdg=+1°, npcs=45)
  [..] 000526: finally start
  [..] 000526: drain tick
  [..] 000526: destroy cam
  [..] 000526: destroy 45 npcs
  [..] 000526: destroy leader
  [..] 000526: destroy follower
  [..] 000526: post-cleanup tick
  [..] 000526: finally end
  [..] 000527: spawn follower
  [..] 000527: spawn leader
  [..] 000527: spawn NPCs (near=15, scattered=30)
  [..] 000527: spawn camera
  [..] 000527: settle (no listener)
  [..] 000527: tick 10/80
  [..] 000527: tick 20/80
  [..] 000527: tick 30/80
  [..] 000527: tick 40/80
  [..] 000527: tick 50/80
  [..] 000527: tick 60/80
  [..] 000527: tick 70/80
  [..] 000527: tick 80/80
  [..] 000527: cam.listen (skip 20 stale frames)
  [OK] 000527.png  (Town05, MidRainyNoon, sun=61°, dist=7m, lat=+1.0, hdg=+2°, npcs=45)
  [..] 000527: finally start
  [..] 000527: drain tick
  [..] 000527: destroy cam
  [..] 000527: destroy 45 npcs
  [..] 000527: destroy leader
  [..] 000527: destroy follower
  [..] 000527: post-cleanup tick
  [..] 000527: finally end
  [..] 000528: spawn follower
  [..] 000528: spawn leader
  [..] 000528: spawn NPCs (near=15, scattered=30)
  [..] 000528: spawn camera
  [..] 000528: settle (no listener)
  [..] 000528: tick 10/80
  [..] 000528: tick 20/80
  [..] 000528: tick 30/80
  [..] 000528: tick 40/80
  [..] 000528: tick 50/80
  [..] 000528: tick 60/80
  [..] 000528: tick 70/80
  [..] 000528: tick 80/80
  [..] 000528: cam.listen (skip 20 stale frames)
  [OK] 000528.png  (Town05, WetNoon, sun=37°, dist=11m, lat=+0.0, hdg=+5°, npcs=45)
  [..] 000528: finally start
  [..] 000528: drain tick
  [..] 000528: destroy cam
  [..] 000528: destroy 45 npcs
  [..] 000528: destroy leader
  [..] 000528: destroy follower
  [..] 000528: post-cleanup tick
  [..] 000528: finally end
  [..] 000529: spawn follower
  [..] 000529: spawn leader
  [..] 000529: spawn NPCs (near=15, scattered=30)
  [..] 000529: spawn camera
  [..] 000529: settle (no listener)
  [..] 000529: tick 10/80
  [..] 000529: tick 20/80
  [..] 000529: tick 30/80
  [..] 000529: tick 40/80
  [..] 000529: tick 50/80
  [..] 000529: tick 60/80
  [..] 000529: tick 70/80
  [..] 000529: tick 80/80
  [..] 000529: cam.listen (skip 20 stale frames)
  [OK] 000529.png  (Town05, CloudyNoon, sun=40°, dist=15m, lat=-1.0, hdg=-3°, npcs=45)
  [..] 000529: finally start
  [..] 000529: drain tick
  [..] 000529: destroy cam
  [..] 000529: destroy 45 npcs
  [..] 000529: destroy leader
  [..] 000529: destroy follower
  [..] 000529: post-cleanup tick
  [..] 000529: finally end
  [SKIP] 000530: no valid lane at shift=-1 from follower lane
  [SKIP] 000530: no valid lane at shift=-1 from follower lane
  [..] 000530: spawn follower
  [..] 000530: spawn leader
  [..] 000530: spawn NPCs (near=15, scattered=30)
  [..] 000530: spawn camera
  [..] 000530: settle (no listener)
  [..] 000530: tick 10/80
  [..] 000530: tick 20/80
  [..] 000530: tick 30/80
  [..] 000530: tick 40/80
  [..] 000530: tick 50/80
  [..] 000530: tick 60/80
  [..] 000530: tick 70/80
  [..] 000530: tick 80/80
  [..] 000530: cam.listen (skip 20 stale frames)
  [OK] 000530.png  (Town05, CloudyNoon, sun=44°, dist=17m, lat=+0.0, hdg=+1°, npcs=45)
  [..] 000530: finally start
  [..] 000530: drain tick
  [..] 000530: destroy cam
  [..] 000530: destroy 45 npcs
  [..] 000530: destroy leader
  [..] 000530: destroy follower
  [..] 000530: post-cleanup tick
  [..] 000530: finally end
  [SKIP] 000531: no valid lane at shift=+1 from follower lane
  [..] 000531: spawn follower
  [..] 000531: spawn leader
  [..] 000531: spawn NPCs (near=15, scattered=30)
  [..] 000531: spawn camera
  [..] 000531: settle (no listener)
  [..] 000531: tick 10/80
  [..] 000531: tick 20/80
  [..] 000531: tick 30/80
  [..] 000531: tick 40/80
  [..] 000531: tick 50/80
  [..] 000531: tick 60/80
  [..] 000531: tick 70/80
  [..] 000531: tick 80/80
  [..] 000531: cam.listen (skip 20 stale frames)
  [OK] 000531.png  (Town05, ClearNoon, sun=42°, dist=15m, lat=+0.0, hdg=+1°, npcs=45)
  [..] 000531: finally start
  [..] 000531: drain tick
  [..] 000531: destroy cam
  [..] 000531: destroy 45 npcs
  [..] 000531: destroy leader
  [..] 000531: destroy follower
  [..] 000531: post-cleanup tick
  [..] 000531: finally end
  [SKIP] 000532: no valid lane at shift=-1 from follower lane
  [SKIP] 000532: no valid lane at shift=+1 from follower lane
  [SKIP] 000532: no valid lane at shift=-1 from follower lane
  [..] 000532: spawn follower
  [..] 000532: spawn leader
  [..] 000532: spawn NPCs (near=15, scattered=30)
  [..] 000532: spawn camera
  [..] 000532: settle (no listener)
  [..] 000532: tick 10/80
  [..] 000532: tick 20/80
  [..] 000532: tick 30/80
  [..] 000532: tick 40/80
  [..] 000532: tick 50/80
  [..] 000532: tick 60/80
  [..] 000532: tick 70/80
  [..] 000532: tick 80/80
  [..] 000532: cam.listen (skip 20 stale frames)
  [OK] 000532.png  (Town05, CloudyNoon, sun=40°, dist=9m, lat=+0.0, hdg=-1°, npcs=45)
  [..] 000532: finally start
  [..] 000532: drain tick
  [..] 000532: destroy cam
  [..] 000532: destroy 45 npcs
  [..] 000532: destroy leader
  [..] 000532: destroy follower
  [..] 000532: post-cleanup tick
  [..] 000532: finally end
  [..] 000533: spawn follower
  [..] 000533: spawn leader
  [..] 000533: spawn NPCs (near=15, scattered=30)
  [..] 000533: spawn camera
  [..] 000533: settle (no listener)
  [..] 000533: tick 10/80
  [..] 000533: tick 20/80
  [..] 000533: tick 30/80
  [..] 000533: tick 40/80
  [..] 000533: tick 50/80
  [..] 000533: tick 60/80
  [..] 000533: tick 70/80
  [..] 000533: tick 80/80
  [..] 000533: cam.listen (skip 20 stale frames)
  [OK] 000533.png  (Town05, ClearNoon, sun=58°, dist=11m, lat=-1.0, hdg=+0°, npcs=45)
  [..] 000533: finally start
  [..] 000533: drain tick
  [..] 000533: destroy cam
  [..] 000533: destroy 45 npcs
  [..] 000533: destroy leader
  [..] 000533: destroy follower
  [..] 000533: post-cleanup tick
  [..] 000533: finally end
  [..] 000534: spawn follower
  [..] 000534: spawn leader
  [..] 000534: spawn NPCs (near=15, scattered=30)
  [..] 000534: spawn camera
  [..] 000534: settle (no listener)
  [..] 000534: tick 10/80
  [..] 000534: tick 20/80
  [..] 000534: tick 30/80
  [..] 000534: tick 40/80
  [..] 000534: tick 50/80
  [..] 000534: tick 60/80
  [..] 000534: tick 70/80
  [..] 000534: tick 80/80
  [..] 000534: cam.listen (skip 20 stale frames)
  [OK] 000534.png  (Town05, WetNoon, sun=43°, dist=13m, lat=+0.0, hdg=+1°, npcs=45)
  [..] 000534: finally start
  [..] 000534: drain tick
  [..] 000534: destroy cam
  [..] 000534: destroy 45 npcs
  [..] 000534: destroy leader
  [..] 000534: destroy follower
  [..] 000534: post-cleanup tick
  [..] 000534: finally end
  [SKIP] 000535: no valid lane at shift=-1 from follower lane
  [..] 000535: spawn follower
  [..] 000535: spawn leader
  [..] 000535: spawn NPCs (near=15, scattered=30)
  [..] 000535: spawn camera
  [..] 000535: settle (no listener)
  [..] 000535: tick 10/80
  [..] 000535: tick 20/80
  [..] 000535: tick 30/80
  [..] 000535: tick 40/80
  [..] 000535: tick 50/80
  [..] 000535: tick 60/80
  [..] 000535: tick 70/80
  [..] 000535: tick 80/80
  [..] 000535: cam.listen (skip 20 stale frames)
  [OK] 000535.png  (Town05, ClearNoon, sun=28°, dist=6m, lat=+0.0, hdg=-4°, npcs=45)
  [..] 000535: finally start
  [..] 000535: drain tick
  [..] 000535: destroy cam
  [..] 000535: destroy 45 npcs
  [..] 000535: destroy leader
  [..] 000535: destroy follower
  [..] 000535: post-cleanup tick
  [..] 000535: finally end
  [..] 000536: spawn follower
  [..] 000536: spawn leader
  [..] 000536: spawn NPCs (near=15, scattered=30)
  [..] 000536: spawn camera
  [..] 000536: settle (no listener)
  [..] 000536: tick 10/80
  [..] 000536: tick 20/80
  [..] 000536: tick 30/80
  [..] 000536: tick 40/80
  [..] 000536: tick 50/80
  [..] 000536: tick 60/80
  [..] 000536: tick 70/80
  [..] 000536: tick 80/80
  [..] 000536: cam.listen (skip 20 stale frames)
  [OK] 000536.png  (Town05, ClearNoon, sun=66°, dist=10m, lat=+1.0, hdg=-3°, npcs=45)
  [..] 000536: finally start
  [..] 000536: drain tick
  [..] 000536: destroy cam
  [..] 000536: destroy 45 npcs
  [..] 000536: destroy leader
  [..] 000536: destroy follower
  [..] 000536: post-cleanup tick
  [..] 000536: finally end
  [..] 000537: spawn follower
  [..] 000537: spawn leader
  [..] 000537: spawn NPCs (near=15, scattered=30)
  [..] 000537: spawn camera
  [..] 000537: settle (no listener)
  [..] 000537: tick 10/80
  [..] 000537: tick 20/80
  [..] 000537: tick 30/80
  [..] 000537: tick 40/80
  [..] 000537: tick 50/80
  [..] 000537: tick 60/80
  [..] 000537: tick 70/80
  [..] 000537: tick 80/80
  [..] 000537: cam.listen (skip 20 stale frames)
  [OK] 000537.png  (Town05, CloudyNoon, sun=38°, dist=7m, lat=+0.0, hdg=+2°, npcs=45)
  [..] 000537: finally start
  [..] 000537: drain tick
  [..] 000537: destroy cam
  [..] 000537: destroy 45 npcs
  [..] 000537: destroy leader
  [..] 000537: destroy follower
  [..] 000537: post-cleanup tick
  [..] 000537: finally end
  [..] 000538: spawn follower
  [..] 000538: spawn leader
  [..] 000538: spawn NPCs (near=15, scattered=30)
  [..] 000538: spawn camera
  [..] 000538: settle (no listener)
  [..] 000538: tick 10/80
  [..] 000538: tick 20/80
  [..] 000538: tick 30/80
  [..] 000538: tick 40/80
  [..] 000538: tick 50/80
  [..] 000538: tick 60/80
  [..] 000538: tick 70/80
  [..] 000538: tick 80/80
  [..] 000538: cam.listen (skip 20 stale frames)
  [OK] 000538.png  (Town05, CloudyNoon, sun=33°, dist=13m, lat=+0.0, hdg=+1°, npcs=45)
  [..] 000538: finally start
  [..] 000538: drain tick
  [..] 000538: destroy cam
  [..] 000538: destroy 45 npcs
  [..] 000538: destroy leader
  [..] 000538: destroy follower
  [..] 000538: post-cleanup tick
  [..] 000538: finally end
  [SKIP] 000539: no valid lane at shift=+1 from follower lane
  [SKIP] 000539: no valid lane at shift=-1 from follower lane
  [..] 000539: spawn follower
  [..] 000539: spawn leader
  [..] 000539: spawn NPCs (near=15, scattered=30)
  [..] 000539: spawn camera
  [..] 000539: settle (no listener)
  [..] 000539: tick 10/80
  [..] 000539: tick 20/80
  [..] 000539: tick 30/80
  [..] 000539: tick 40/80
  [..] 000539: tick 50/80
  [..] 000539: tick 60/80
  [..] 000539: tick 70/80
  [..] 000539: tick 80/80
  [..] 000539: cam.listen (skip 20 stale frames)
  [OK] 000539.png  (Town05, CloudyNoon, sun=61°, dist=9m, lat=-1.0, hdg=+1°, npcs=45)
  [..] 000539: finally start
  [..] 000539: drain tick
  [..] 000539: destroy cam
  [..] 000539: destroy 45 npcs
  [..] 000539: destroy leader
  [..] 000539: destroy follower
  [..] 000539: post-cleanup tick
  [..] 000539: finally end
  [..] 000540: spawn follower
  [..] 000540: spawn leader
  [..] 000540: spawn NPCs (near=15, scattered=30)
  [..] 000540: spawn camera
  [..] 000540: settle (no listener)
  [..] 000540: tick 10/80
  [..] 000540: tick 20/80
  [..] 000540: tick 30/80
  [..] 000540: tick 40/80
  [..] 000540: tick 50/80
  [..] 000540: tick 60/80
  [..] 000540: tick 70/80
  [..] 000540: tick 80/80
  [..] 000540: cam.listen (skip 20 stale frames)
  [OK] 000540.png  (Town05, WetNoon, sun=39°, dist=11m, lat=+0.0, hdg=-1°, npcs=45)
  [..] 000540: finally start
  [..] 000540: drain tick
  [..] 000540: destroy cam
  [..] 000540: destroy 45 npcs
  [..] 000540: destroy leader
  [..] 000540: destroy follower
  [..] 000540: post-cleanup tick
  [..] 000540: finally end
  [..] 000541: spawn follower
  [..] 000541: spawn leader
  [..] 000541: spawn NPCs (near=15, scattered=30)
  [..] 000541: spawn camera
  [..] 000541: settle (no listener)
  [..] 000541: tick 10/80
  [..] 000541: tick 20/80
  [..] 000541: tick 30/80
  [..] 000541: tick 40/80
  [..] 000541: tick 50/80
  [..] 000541: tick 60/80
  [..] 000541: tick 70/80
  [..] 000541: tick 80/80
  [..] 000541: cam.listen (skip 20 stale frames)
  [OK] 000541.png  (Town05, MidRainyNoon, sun=59°, dist=8m, lat=+1.0, hdg=-2°, npcs=45)
  [..] 000541: finally start
  [..] 000541: drain tick
  [..] 000541: destroy cam
  [..] 000541: destroy 45 npcs
  [..] 000541: destroy leader
  [..] 000541: destroy follower
  [..] 000541: post-cleanup tick
  [..] 000541: finally end
  [..] 000542: spawn follower
  [..] 000542: spawn leader
  [..] 000542: spawn NPCs (near=15, scattered=30)
  [..] 000542: spawn camera
  [..] 000542: settle (no listener)
  [..] 000542: tick 10/80
  [..] 000542: tick 20/80
  [..] 000542: tick 30/80
  [..] 000542: tick 40/80
  [..] 000542: tick 50/80
  [..] 000542: tick 60/80
  [..] 000542: tick 70/80
  [..] 000542: tick 80/80
  [..] 000542: cam.listen (skip 20 stale frames)
  [OK] 000542.png  (Town05, CloudyNoon, sun=36°, dist=8m, lat=+1.0, hdg=-4°, npcs=45)
  [..] 000542: finally start
  [..] 000542: drain tick
  [..] 000542: destroy cam
  [..] 000542: destroy 45 npcs
  [..] 000542: destroy leader
  [..] 000542: destroy follower
  [..] 000542: post-cleanup tick
  [..] 000542: finally end
  [..] 000543: spawn follower
  [..] 000543: spawn leader
  [..] 000543: spawn NPCs (near=15, scattered=30)
  [..] 000543: spawn camera
  [..] 000543: settle (no listener)
  [..] 000543: tick 10/80
  [..] 000543: tick 20/80
  [..] 000543: tick 30/80
  [..] 000543: tick 40/80
  [..] 000543: tick 50/80
  [..] 000543: tick 60/80
  [..] 000543: tick 70/80
  [..] 000543: tick 80/80
  [..] 000543: cam.listen (skip 20 stale frames)
  [OK] 000543.png  (Town05, WetNoon, sun=59°, dist=11m, lat=+0.0, hdg=-2°, npcs=45)
  [..] 000543: finally start
  [..] 000543: drain tick
  [..] 000543: destroy cam
  [..] 000543: destroy 45 npcs
  [..] 000543: destroy leader
  [..] 000543: destroy follower
  [..] 000543: post-cleanup tick
  [..] 000543: finally end
  [SKIP] 000544: no valid lane at shift=-1 from follower lane
  [..] 000544: spawn follower
  [..] 000544: spawn leader
  [..] 000544: spawn NPCs (near=15, scattered=30)
  [..] 000544: spawn camera
  [..] 000544: settle (no listener)
  [..] 000544: tick 10/80
  [..] 000544: tick 20/80
  [..] 000544: tick 30/80
  [..] 000544: tick 40/80
  [..] 000544: tick 50/80
  [..] 000544: tick 60/80
  [..] 000544: tick 70/80
  [..] 000544: tick 80/80
  [..] 000544: cam.listen (skip 20 stale frames)
  [OK] 000544.png  (Town05, CloudyNoon, sun=29°, dist=12m, lat=+1.0, hdg=+1°, npcs=45)
  [..] 000544: finally start
  [..] 000544: drain tick
  [..] 000544: destroy cam
  [..] 000544: destroy 45 npcs
  [..] 000544: destroy leader
  [..] 000544: destroy follower
  [..] 000544: post-cleanup tick
  [..] 000544: finally end
  [SKIP] 000545: no valid lane at shift=-1 from follower lane
  [..] 000545: spawn follower
  [..] 000545: spawn leader
  [..] 000545: spawn NPCs (near=15, scattered=30)
  [..] 000545: spawn camera
  [..] 000545: settle (no listener)
  [..] 000545: tick 10/80
  [..] 000545: tick 20/80
  [..] 000545: tick 30/80
  [..] 000545: tick 40/80
  [..] 000545: tick 50/80
  [..] 000545: tick 60/80
  [..] 000545: tick 70/80
  [..] 000545: tick 80/80
  [..] 000545: cam.listen (skip 20 stale frames)
  [OK] 000545.png  (Town05, WetNoon, sun=31°, dist=13m, lat=-1.0, hdg=+4°, npcs=45)
  [..] 000545: finally start
  [..] 000545: drain tick
  [..] 000545: destroy cam
  [..] 000545: destroy 45 npcs
  [..] 000545: destroy leader
  [..] 000545: destroy follower
  [..] 000545: post-cleanup tick
  [..] 000545: finally end
  [..] 000546: spawn follower
  [..] 000546: spawn leader
  [..] 000546: spawn NPCs (near=15, scattered=30)
  [..] 000546: spawn camera
  [..] 000546: settle (no listener)
  [..] 000546: tick 10/80
  [..] 000546: tick 20/80
  [..] 000546: tick 30/80
  [..] 000546: tick 40/80
  [..] 000546: tick 50/80
  [..] 000546: tick 60/80
  [..] 000546: tick 70/80
  [..] 000546: tick 80/80
  [..] 000546: cam.listen (skip 20 stale frames)
  [OK] 000546.png  (Town05, ClearNoon, sun=51°, dist=16m, lat=+1.0, hdg=+4°, npcs=45)
  [..] 000546: finally start
  [..] 000546: drain tick
  [..] 000546: destroy cam
  [..] 000546: destroy 45 npcs
  [..] 000546: destroy leader
  [..] 000546: destroy follower
  [..] 000546: post-cleanup tick
  [..] 000546: finally end
  [SKIP] 000547: no valid lane at shift=-1 from follower lane
  [..] 000547: spawn follower
  [..] 000547: spawn leader
  [..] 000547: spawn NPCs (near=15, scattered=30)
  [..] 000547: spawn camera
  [..] 000547: settle (no listener)
  [..] 000547: tick 10/80
  [..] 000547: tick 20/80
  [..] 000547: tick 30/80
  [..] 000547: tick 40/80
  [..] 000547: tick 50/80
  [..] 000547: tick 60/80
  [..] 000547: tick 70/80
  [..] 000547: tick 80/80
  [..] 000547: cam.listen (skip 20 stale frames)
  [OK] 000547.png  (Town05, ClearNoon, sun=60°, dist=9m, lat=+1.0, hdg=+0°, npcs=45)
  [..] 000547: finally start
  [..] 000547: drain tick
  [..] 000547: destroy cam
  [..] 000547: destroy 45 npcs
  [..] 000547: destroy leader
  [..] 000547: destroy follower
  [..] 000547: post-cleanup tick
  [..] 000547: finally end
  [..] 000548: spawn follower
  [..] 000548: spawn leader
  [..] 000548: spawn NPCs (near=15, scattered=30)
  [..] 000548: spawn camera
  [..] 000548: settle (no listener)
  [..] 000548: tick 10/80
  [..] 000548: tick 20/80
  [..] 000548: tick 30/80
  [..] 000548: tick 40/80
  [..] 000548: tick 50/80
  [..] 000548: tick 60/80
  [..] 000548: tick 70/80
  [..] 000548: tick 80/80
  [..] 000548: cam.listen (skip 20 stale frames)
  [OK] 000548.png  (Town05, WetNoon, sun=51°, dist=18m, lat=-1.0, hdg=-4°, npcs=45)
  [..] 000548: finally start
  [..] 000548: drain tick
  [..] 000548: destroy cam
  [..] 000548: destroy 45 npcs
  [..] 000548: destroy leader
  [..] 000548: destroy follower
  [..] 000548: post-cleanup tick
  [..] 000548: finally end
  [SKIP] 000549: no valid lane at shift=-1 from follower lane
  [SKIP] 000549: no valid lane at shift=-1 from follower lane
  [..] 000549: spawn follower
  [..] 000549: spawn leader
  [..] 000549: spawn NPCs (near=15, scattered=30)
  [..] 000549: spawn camera
  [..] 000549: settle (no listener)
  [..] 000549: tick 10/80
  [..] 000549: tick 20/80
  [..] 000549: tick 30/80
  [..] 000549: tick 40/80
  [..] 000549: tick 50/80
  [..] 000549: tick 60/80
  [..] 000549: tick 70/80
  [..] 000549: tick 80/80
  [..] 000549: cam.listen (skip 20 stale frames)
  [OK] 000549.png  (Town05, MidRainyNoon, sun=38°, dist=15m, lat=+0.0, hdg=-3°, npcs=45)
  [..] 000549: finally start
  [..] 000549: drain tick
  [..] 000549: destroy cam
  [..] 000549: destroy 45 npcs
  [..] 000549: destroy leader
  [..] 000549: destroy follower
  [..] 000549: post-cleanup tick
  [..] 000549: finally end
  [..] 000550: spawn follower
  [..] 000550: spawn leader
  [..] 000550: spawn NPCs (near=15, scattered=30)
  [..] 000550: spawn camera
  [..] 000550: settle (no listener)
  [..] 000550: tick 10/80
  [..] 000550: tick 20/80
  [..] 000550: tick 30/80
  [..] 000550: tick 40/80
  [..] 000550: tick 50/80
  [..] 000550: tick 60/80
  [..] 000550: tick 70/80
  [..] 000550: tick 80/80
  [..] 000550: cam.listen (skip 20 stale frames)
  [OK] 000550.png  (Town05, CloudyNoon, sun=45°, dist=9m, lat=+0.0, hdg=+3°, npcs=45)
  [..] 000550: finally start
  [..] 000550: drain tick
  [..] 000550: destroy cam
  [..] 000550: destroy 45 npcs
  [..] 000550: destroy leader
  [..] 000550: destroy follower
  [..] 000550: post-cleanup tick
  [..] 000550: finally end
  [..] 000551: spawn follower
  [..] 000551: spawn leader
  [..] 000551: spawn NPCs (near=15, scattered=30)
  [..] 000551: spawn camera
  [..] 000551: settle (no listener)
  [..] 000551: tick 10/80
  [..] 000551: tick 20/80
  [..] 000551: tick 30/80
  [..] 000551: tick 40/80
  [..] 000551: tick 50/80
  [..] 000551: tick 60/80
  [..] 000551: tick 70/80
  [..] 000551: tick 80/80
  [..] 000551: cam.listen (skip 20 stale frames)
  [OK] 000551.png  (Town05, ClearNoon, sun=52°, dist=11m, lat=+1.0, hdg=+2°, npcs=45)
  [..] 000551: finally start
  [..] 000551: drain tick
  [..] 000551: destroy cam
  [..] 000551: destroy 45 npcs
  [..] 000551: destroy leader
  [..] 000551: destroy follower
  [..] 000551: post-cleanup tick
  [..] 000551: finally end
  [SKIP] 000552: no valid lane at shift=+1 from follower lane
  [..] 000552: spawn follower
  [..] 000552: spawn leader
  [..] 000552: spawn NPCs (near=15, scattered=30)
  [..] 000552: spawn camera
  [..] 000552: settle (no listener)
  [..] 000552: tick 10/80
  [..] 000552: tick 20/80
  [..] 000552: tick 30/80
  [..] 000552: tick 40/80
  [..] 000552: tick 50/80
  [..] 000552: tick 60/80
  [..] 000552: tick 70/80
  [..] 000552: tick 80/80
  [..] 000552: cam.listen (skip 20 stale frames)
  [OK] 000552.png  (Town05, ClearNoon, sun=59°, dist=16m, lat=+0.0, hdg=+3°, npcs=45)
  [..] 000552: finally start
  [..] 000552: drain tick
  [..] 000552: destroy cam
  [..] 000552: destroy 45 npcs
  [..] 000552: destroy leader
  [..] 000552: destroy follower
  [..] 000552: post-cleanup tick
  [..] 000552: finally end
  [..] 000553: spawn follower
  [..] 000553: spawn leader
  [..] 000553: spawn NPCs (near=15, scattered=30)
  [..] 000553: spawn camera
  [..] 000553: settle (no listener)
  [..] 000553: tick 10/80
  [..] 000553: tick 20/80
  [..] 000553: tick 30/80
  [..] 000553: tick 40/80
  [..] 000553: tick 50/80
  [..] 000553: tick 60/80
  [..] 000553: tick 70/80
  [..] 000553: tick 80/80
  [..] 000553: cam.listen (skip 20 stale frames)
  [OK] 000553.png  (Town05, CloudyNoon, sun=46°, dist=16m, lat=+0.0, hdg=+4°, npcs=45)
  [..] 000553: finally start
  [..] 000553: drain tick
  [..] 000553: destroy cam
  [..] 000553: destroy 45 npcs
  [..] 000553: destroy leader
  [..] 000553: destroy follower
  [..] 000553: post-cleanup tick
  [..] 000553: finally end
  [..] 000554: spawn follower
  [..] 000554: spawn leader
  [..] 000554: spawn NPCs (near=15, scattered=30)
  [..] 000554: spawn camera
  [..] 000554: settle (no listener)
  [..] 000554: tick 10/80
  [..] 000554: tick 20/80
  [..] 000554: tick 30/80
  [..] 000554: tick 40/80
  [..] 000554: tick 50/80
  [..] 000554: tick 60/80
  [..] 000554: tick 70/80
  [..] 000554: tick 80/80
  [..] 000554: cam.listen (skip 20 stale frames)
  [OK] 000554.png  (Town05, WetNoon, sun=50°, dist=10m, lat=+1.0, hdg=+1°, npcs=45)
  [..] 000554: finally start
  [..] 000554: drain tick
  [..] 000554: destroy cam
  [..] 000554: destroy 45 npcs
  [..] 000554: destroy leader
  [..] 000554: destroy follower
  [..] 000554: post-cleanup tick
  [..] 000554: finally end
  [..] 000555: spawn follower
  [..] 000555: spawn leader
  [..] 000555: spawn NPCs (near=15, scattered=30)
  [..] 000555: spawn camera
  [..] 000555: settle (no listener)
  [..] 000555: tick 10/80
  [..] 000555: tick 20/80
  [..] 000555: tick 30/80
  [..] 000555: tick 40/80
  [..] 000555: tick 50/80
  [..] 000555: tick 60/80
  [..] 000555: tick 70/80
  [..] 000555: tick 80/80
  [..] 000555: cam.listen (skip 20 stale frames)
  [OK] 000555.png  (Town05, WetNoon, sun=33°, dist=15m, lat=+0.0, hdg=+5°, npcs=45)
  [..] 000555: finally start
  [..] 000555: drain tick
  [..] 000555: destroy cam
  [..] 000555: destroy 45 npcs
  [..] 000555: destroy leader
  [..] 000555: destroy follower
  [..] 000555: post-cleanup tick
  [..] 000555: finally end
  [..] 000556: spawn follower
  [..] 000556: spawn leader
  [..] 000556: spawn NPCs (near=15, scattered=30)
  [..] 000556: spawn camera
  [..] 000556: settle (no listener)
  [..] 000556: tick 10/80
  [..] 000556: tick 20/80
  [..] 000556: tick 30/80
  [..] 000556: tick 40/80
  [..] 000556: tick 50/80
  [..] 000556: tick 60/80
  [..] 000556: tick 70/80
  [..] 000556: tick 80/80
  [..] 000556: cam.listen (skip 20 stale frames)
  [OK] 000556.png  (Town05, MidRainyNoon, sun=48°, dist=7m, lat=+1.0, hdg=-4°, npcs=45)
  [..] 000556: finally start
  [..] 000556: drain tick
  [..] 000556: destroy cam
  [..] 000556: destroy 45 npcs
  [..] 000556: destroy leader
  [..] 000556: destroy follower
  [..] 000556: post-cleanup tick
  [..] 000556: finally end
  [SKIP] 000557: no valid lane at shift=+1 from follower lane
  [..] 000557: spawn follower
  [..] 000557: spawn leader
  [..] 000557: spawn NPCs (near=15, scattered=30)
  [..] 000557: spawn camera
  [..] 000557: settle (no listener)
  [..] 000557: tick 10/80
  [..] 000557: tick 20/80
  [..] 000557: tick 30/80
  [..] 000557: tick 40/80
  [..] 000557: tick 50/80
  [..] 000557: tick 60/80
  [..] 000557: tick 70/80
  [..] 000557: tick 80/80
  [..] 000557: cam.listen (skip 20 stale frames)
  [OK] 000557.png  (Town05, WetNoon, sun=28°, dist=17m, lat=-1.0, hdg=-4°, npcs=45)
  [..] 000557: finally start
  [..] 000557: drain tick
  [..] 000557: destroy cam
  [..] 000557: destroy 45 npcs
  [..] 000557: destroy leader
  [..] 000557: destroy follower
  [..] 000557: post-cleanup tick
  [..] 000557: finally end
  [..] 000558: spawn follower
  [..] 000558: spawn leader
  [..] 000558: spawn NPCs (near=15, scattered=30)
  [..] 000558: spawn camera
  [..] 000558: settle (no listener)
  [..] 000558: tick 10/80
  [..] 000558: tick 20/80
  [..] 000558: tick 30/80
  [..] 000558: tick 40/80
  [..] 000558: tick 50/80
  [..] 000558: tick 60/80
  [..] 000558: tick 70/80
  [..] 000558: tick 80/80
  [..] 000558: cam.listen (skip 20 stale frames)
  [OK] 000558.png  (Town05, ClearNoon, sun=68°, dist=7m, lat=-1.0, hdg=+4°, npcs=45)
  [..] 000558: finally start
  [..] 000558: drain tick
  [..] 000558: destroy cam
  [..] 000558: destroy 45 npcs
  [..] 000558: destroy leader
  [..] 000558: destroy follower
  [..] 000558: post-cleanup tick
  [..] 000558: finally end
  [..] 000559: spawn follower
  [..] 000559: spawn leader
  [..] 000559: spawn NPCs (near=15, scattered=30)
  [..] 000559: spawn camera
  [..] 000559: settle (no listener)
  [..] 000559: tick 10/80
  [..] 000559: tick 20/80
  [..] 000559: tick 30/80
  [..] 000559: tick 40/80
  [..] 000559: tick 50/80
  [..] 000559: tick 60/80
  [..] 000559: tick 70/80
  [..] 000559: tick 80/80
  [..] 000559: cam.listen (skip 20 stale frames)
  [OK] 000559.png  (Town05, WetNoon, sun=40°, dist=17m, lat=+1.0, hdg=+4°, npcs=45)
  [..] 000559: finally start
  [..] 000559: drain tick
  [..] 000559: destroy cam
  [..] 000559: destroy 45 npcs
  [..] 000559: destroy leader
  [..] 000559: destroy follower
  [..] 000559: post-cleanup tick
  [..] 000559: finally end
  [..] 000560: spawn follower
  [..] 000560: spawn leader
  [..] 000560: spawn NPCs (near=15, scattered=30)
  [..] 000560: spawn camera
  [..] 000560: settle (no listener)
  [..] 000560: tick 10/80
  [..] 000560: tick 20/80
  [..] 000560: tick 30/80
  [..] 000560: tick 40/80
  [..] 000560: tick 50/80
  [..] 000560: tick 60/80
  [..] 000560: tick 70/80
  [..] 000560: tick 80/80
  [..] 000560: cam.listen (skip 20 stale frames)
  [OK] 000560.png  (Town05, WetNoon, sun=59°, dist=13m, lat=+0.0, hdg=+3°, npcs=45)
  [..] 000560: finally start
  [..] 000560: drain tick
  [..] 000560: destroy cam
  [..] 000560: destroy 45 npcs
  [..] 000560: destroy leader
  [..] 000560: destroy follower
  [..] 000560: post-cleanup tick
  [..] 000560: finally end
  [..] 000561: spawn follower
  [..] 000561: spawn leader
  [..] 000561: spawn NPCs (near=15, scattered=30)
  [..] 000561: spawn camera
  [..] 000561: settle (no listener)
  [..] 000561: tick 10/80
  [..] 000561: tick 20/80
  [..] 000561: tick 30/80
  [..] 000561: tick 40/80
  [..] 000561: tick 50/80
  [..] 000561: tick 60/80
  [..] 000561: tick 70/80
  [..] 000561: tick 80/80
  [..] 000561: cam.listen (skip 20 stale frames)
  [OK] 000561.png  (Town05, MidRainyNoon, sun=44°, dist=12m, lat=+1.0, hdg=-4°, npcs=45)
  [..] 000561: finally start
  [..] 000561: drain tick
  [..] 000561: destroy cam
  [..] 000561: destroy 45 npcs
  [..] 000561: destroy leader
  [..] 000561: destroy follower
  [..] 000561: post-cleanup tick
  [..] 000561: finally end
  [..] 000562: spawn follower
  [..] 000562: spawn leader
  [..] 000562: spawn NPCs (near=15, scattered=30)
  [..] 000562: spawn camera
  [..] 000562: settle (no listener)
  [..] 000562: tick 10/80
  [..] 000562: tick 20/80
  [..] 000562: tick 30/80
  [..] 000562: tick 40/80
  [..] 000562: tick 50/80
  [..] 000562: tick 60/80
  [..] 000562: tick 70/80
  [..] 000562: tick 80/80
  [..] 000562: cam.listen (skip 20 stale frames)
  [OK] 000562.png  (Town05, ClearNoon, sun=54°, dist=6m, lat=+0.0, hdg=+3°, npcs=45)
  [..] 000562: finally start
  [..] 000562: drain tick
  [..] 000562: destroy cam
  [..] 000562: destroy 45 npcs
  [..] 000562: destroy leader
  [..] 000562: destroy follower
  [..] 000562: post-cleanup tick
  [..] 000562: finally end
  [..] 000563: spawn follower
  [..] 000563: spawn leader
  [..] 000563: spawn NPCs (near=15, scattered=30)
  [..] 000563: spawn camera
  [..] 000563: settle (no listener)
  [..] 000563: tick 10/80
  [..] 000563: tick 20/80
  [..] 000563: tick 30/80
  [..] 000563: tick 40/80
  [..] 000563: tick 50/80
  [..] 000563: tick 60/80
  [..] 000563: tick 70/80
  [..] 000563: tick 80/80
  [..] 000563: cam.listen (skip 20 stale frames)
  [OK] 000563.png  (Town05, ClearNoon, sun=44°, dist=9m, lat=+1.0, hdg=+1°, npcs=45)
  [..] 000563: finally start
  [..] 000563: drain tick
  [..] 000563: destroy cam
  [..] 000563: destroy 45 npcs
  [..] 000563: destroy leader
  [..] 000563: destroy follower
  [..] 000563: post-cleanup tick
  [..] 000563: finally end
  [..] 000564: spawn follower
  [..] 000564: spawn leader
  [..] 000564: spawn NPCs (near=15, scattered=30)
  [..] 000564: spawn camera
  [..] 000564: settle (no listener)
  [..] 000564: tick 10/80
  [..] 000564: tick 20/80
  [..] 000564: tick 30/80
  [..] 000564: tick 40/80
  [..] 000564: tick 50/80
  [..] 000564: tick 60/80
  [..] 000564: tick 70/80
  [..] 000564: tick 80/80
  [..] 000564: cam.listen (skip 20 stale frames)
  [OK] 000564.png  (Town05, WetNoon, sun=57°, dist=11m, lat=+0.0, hdg=+5°, npcs=45)
  [..] 000564: finally start
  [..] 000564: drain tick
  [..] 000564: destroy cam
  [..] 000564: destroy 45 npcs
  [..] 000564: destroy leader
  [..] 000564: destroy follower
  [..] 000564: post-cleanup tick
  [..] 000564: finally end
  [..] 000565: spawn follower
  [..] 000565: spawn leader
  [..] 000565: spawn NPCs (near=15, scattered=30)
  [..] 000565: spawn camera
  [..] 000565: settle (no listener)
  [..] 000565: tick 10/80
  [..] 000565: tick 20/80
  [..] 000565: tick 30/80
  [..] 000565: tick 40/80
  [..] 000565: tick 50/80
  [..] 000565: tick 60/80
  [..] 000565: tick 70/80
  [..] 000565: tick 80/80
  [..] 000565: cam.listen (skip 20 stale frames)
  [OK] 000565.png  (Town05, CloudyNoon, sun=64°, dist=7m, lat=+1.0, hdg=-1°, npcs=45)
  [..] 000565: finally start
  [..] 000565: drain tick
  [..] 000565: destroy cam
  [..] 000565: destroy 45 npcs
  [..] 000565: destroy leader
  [..] 000565: destroy follower
  [..] 000565: post-cleanup tick
  [..] 000565: finally end
  [SKIP] 000566: no valid lane at shift=+1 from follower lane
  [..] 000566: spawn follower
  [..] 000566: spawn leader
  [..] 000566: spawn NPCs (near=15, scattered=30)
  [..] 000566: spawn camera
  [..] 000566: settle (no listener)
  [..] 000566: tick 10/80
  [..] 000566: tick 20/80
  [..] 000566: tick 30/80
  [..] 000566: tick 40/80
  [..] 000566: tick 50/80
  [..] 000566: tick 60/80
  [..] 000566: tick 70/80
  [..] 000566: tick 80/80
  [..] 000566: cam.listen (skip 20 stale frames)
  [OK] 000566.png  (Town05, WetNoon, sun=48°, dist=18m, lat=+1.0, hdg=-0°, npcs=45)
  [..] 000566: finally start
  [..] 000566: drain tick
  [..] 000566: destroy cam
  [..] 000566: destroy 45 npcs
  [..] 000566: destroy leader
  [..] 000566: destroy follower
  [..] 000566: post-cleanup tick
  [..] 000566: finally end
  [SKIP] 000567: no valid lane at shift=-1 from follower lane
  [..] 000567: spawn follower
  [..] 000567: spawn leader
  [..] 000567: spawn NPCs (near=15, scattered=30)
  [..] 000567: spawn camera
  [..] 000567: settle (no listener)
  [..] 000567: tick 10/80
  [..] 000567: tick 20/80
  [..] 000567: tick 30/80
  [..] 000567: tick 40/80
  [..] 000567: tick 50/80
  [..] 000567: tick 60/80
  [..] 000567: tick 70/80
  [..] 000567: tick 80/80
  [..] 000567: cam.listen (skip 20 stale frames)
  [OK] 000567.png  (Town05, ClearNoon, sun=63°, dist=9m, lat=+1.0, hdg=-1°, npcs=45)
  [..] 000567: finally start
  [..] 000567: drain tick
  [..] 000567: destroy cam
  [..] 000567: destroy 45 npcs
  [..] 000567: destroy leader
  [..] 000567: destroy follower
  [..] 000567: post-cleanup tick
  [..] 000567: finally end
  [..] 000568: spawn follower
  [..] 000568: spawn leader
  [..] 000568: spawn NPCs (near=15, scattered=30)
  [..] 000568: spawn camera
  [..] 000568: settle (no listener)
  [..] 000568: tick 10/80
  [..] 000568: tick 20/80
  [..] 000568: tick 30/80
  [..] 000568: tick 40/80
  [..] 000568: tick 50/80
  [..] 000568: tick 60/80
  [..] 000568: tick 70/80
  [..] 000568: tick 80/80
  [..] 000568: cam.listen (skip 20 stale frames)
  [OK] 000568.png  (Town05, MidRainyNoon, sun=45°, dist=12m, lat=+0.0, hdg=+1°, npcs=45)
  [..] 000568: finally start
  [..] 000568: drain tick
  [..] 000568: destroy cam
  [..] 000568: destroy 45 npcs
  [..] 000568: destroy leader
  [..] 000568: destroy follower
  [..] 000568: post-cleanup tick
  [..] 000568: finally end
  [SKIP] 000569: no valid lane at shift=-1 from follower lane
  [..] 000569: spawn follower
  [..] 000569: spawn leader
  [..] 000569: spawn NPCs (near=15, scattered=30)
  [..] 000569: spawn camera
  [..] 000569: settle (no listener)
  [..] 000569: tick 10/80
  [..] 000569: tick 20/80
  [..] 000569: tick 30/80
  [..] 000569: tick 40/80
  [..] 000569: tick 50/80
  [..] 000569: tick 60/80
  [..] 000569: tick 70/80
  [..] 000569: tick 80/80
  [..] 000569: cam.listen (skip 20 stale frames)
  [OK] 000569.png  (Town05, MidRainyNoon, sun=41°, dist=15m, lat=-1.0, hdg=-2°, npcs=45)
  [..] 000569: finally start
  [..] 000569: drain tick
  [..] 000569: destroy cam
  [..] 000569: destroy 45 npcs
  [..] 000569: destroy leader
  [..] 000569: destroy follower
  [..] 000569: post-cleanup tick
  [..] 000569: finally end
  [..] 000570: spawn follower
  [..] 000570: spawn leader
  [..] 000570: spawn NPCs (near=15, scattered=30)
  [..] 000570: spawn camera
  [..] 000570: settle (no listener)
  [..] 000570: tick 10/80
  [..] 000570: tick 20/80
  [..] 000570: tick 30/80
  [..] 000570: tick 40/80
  [..] 000570: tick 50/80
  [..] 000570: tick 60/80
  [..] 000570: tick 70/80
  [..] 000570: tick 80/80
  [..] 000570: cam.listen (skip 20 stale frames)
  [OK] 000570.png  (Town05, WetNoon, sun=67°, dist=15m, lat=-1.0, hdg=+1°, npcs=45)
  [..] 000570: finally start
  [..] 000570: drain tick
  [..] 000570: destroy cam
  [..] 000570: destroy 45 npcs
  [..] 000570: destroy leader
  [..] 000570: destroy follower
  [..] 000570: post-cleanup tick
  [..] 000570: finally end
  [..] 000571: spawn follower
  [..] 000571: spawn leader
  [..] 000571: spawn NPCs (near=15, scattered=30)
  [..] 000571: spawn camera
  [..] 000571: settle (no listener)
  [..] 000571: tick 10/80
  [..] 000571: tick 20/80
  [..] 000571: tick 30/80
  [..] 000571: tick 40/80
  [..] 000571: tick 50/80
  [..] 000571: tick 60/80
  [..] 000571: tick 70/80
  [..] 000571: tick 80/80
  [..] 000571: cam.listen (skip 20 stale frames)
  [OK] 000571.png  (Town05, WetNoon, sun=48°, dist=9m, lat=-1.0, hdg=-2°, npcs=45)
  [..] 000571: finally start
  [..] 000571: drain tick
  [..] 000571: destroy cam
  [..] 000571: destroy 45 npcs
  [..] 000571: destroy leader
  [..] 000571: destroy follower
  [..] 000571: post-cleanup tick
  [..] 000571: finally end
  [..] 000572: spawn follower
  [..] 000572: spawn leader
  [..] 000572: spawn NPCs (near=15, scattered=30)
  [..] 000572: spawn camera
  [..] 000572: settle (no listener)
  [..] 000572: tick 10/80
  [..] 000572: tick 20/80
  [..] 000572: tick 30/80
  [..] 000572: tick 40/80
  [..] 000572: tick 50/80
  [..] 000572: tick 60/80
  [..] 000572: tick 70/80
  [..] 000572: tick 80/80
  [..] 000572: cam.listen (skip 20 stale frames)
  [OK] 000572.png  (Town05, CloudyNoon, sun=46°, dist=15m, lat=+0.0, hdg=+3°, npcs=45)
  [..] 000572: finally start
  [..] 000572: drain tick
  [..] 000572: destroy cam
  [..] 000572: destroy 45 npcs
  [..] 000572: destroy leader
  [..] 000572: destroy follower
  [..] 000572: post-cleanup tick
  [..] 000572: finally end
  [..] 000573: spawn follower
  [..] 000573: spawn leader
  [..] 000573: spawn NPCs (near=15, scattered=30)
  [..] 000573: spawn camera
  [..] 000573: settle (no listener)
  [..] 000573: tick 10/80
  [..] 000573: tick 20/80
  [..] 000573: tick 30/80
  [..] 000573: tick 40/80
  [..] 000573: tick 50/80
  [..] 000573: tick 60/80
  [..] 000573: tick 70/80
  [..] 000573: tick 80/80
  [..] 000573: cam.listen (skip 20 stale frames)
  [OK] 000573.png  (Town05, ClearNoon, sun=37°, dist=8m, lat=+0.0, hdg=-1°, npcs=45)
  [..] 000573: finally start
  [..] 000573: drain tick
  [..] 000573: destroy cam
  [..] 000573: destroy 45 npcs
  [..] 000573: destroy leader
  [..] 000573: destroy follower
  [..] 000573: post-cleanup tick
  [..] 000573: finally end
  [SKIP] 000574: no valid lane at shift=-1 from follower lane
  [..] 000574: spawn follower
  [..] 000574: spawn leader
  [..] 000574: spawn NPCs (near=15, scattered=30)
  [..] 000574: spawn camera
  [..] 000574: settle (no listener)
  [..] 000574: tick 10/80
  [..] 000574: tick 20/80
  [..] 000574: tick 30/80
  [..] 000574: tick 40/80
  [..] 000574: tick 50/80
  [..] 000574: tick 60/80
  [..] 000574: tick 70/80
  [..] 000574: tick 80/80
  [..] 000574: cam.listen (skip 20 stale frames)
  [OK] 000574.png  (Town05, ClearNoon, sun=62°, dist=10m, lat=+1.0, hdg=-4°, npcs=45)
  [..] 000574: finally start
  [..] 000574: drain tick
  [..] 000574: destroy cam
  [..] 000574: destroy 45 npcs
  [..] 000574: destroy leader
  [..] 000574: destroy follower
  [..] 000574: post-cleanup tick
  [..] 000574: finally end
  [..] 000575: spawn follower
  [..] 000575: spawn leader
  [..] 000575: spawn NPCs (near=15, scattered=30)
  [..] 000575: spawn camera
  [..] 000575: settle (no listener)
  [..] 000575: tick 10/80
  [..] 000575: tick 20/80
  [..] 000575: tick 30/80
  [..] 000575: tick 40/80
  [..] 000575: tick 50/80
  [..] 000575: tick 60/80
  [..] 000575: tick 70/80
  [..] 000575: tick 80/80
  [..] 000575: cam.listen (skip 20 stale frames)
  [OK] 000575.png  (Town05, CloudyNoon, sun=28°, dist=16m, lat=+1.0, hdg=+2°, npcs=45)
  [..] 000575: finally start
  [..] 000575: drain tick
  [..] 000575: destroy cam
  [..] 000575: destroy 45 npcs
  [..] 000575: destroy leader
  [..] 000575: destroy follower
  [..] 000575: post-cleanup tick
  [..] 000575: finally end
  [SKIP] 000576: no valid lane at shift=-1 from follower lane
  [..] 000576: spawn follower
  [..] 000576: spawn leader
  [..] 000576: spawn NPCs (near=15, scattered=30)
  [..] 000576: spawn camera
  [..] 000576: settle (no listener)
  [..] 000576: tick 10/80
  [..] 000576: tick 20/80
  [..] 000576: tick 30/80
  [..] 000576: tick 40/80
  [..] 000576: tick 50/80
  [..] 000576: tick 60/80
  [..] 000576: tick 70/80
  [..] 000576: tick 80/80
  [..] 000576: cam.listen (skip 20 stale frames)
  [OK] 000576.png  (Town05, WetNoon, sun=69°, dist=10m, lat=+1.0, hdg=-1°, npcs=45)
  [..] 000576: finally start
  [..] 000576: drain tick
  [..] 000576: destroy cam
  [..] 000576: destroy 45 npcs
  [..] 000576: destroy leader
  [..] 000576: destroy follower
  [..] 000576: post-cleanup tick
  [..] 000576: finally end
  [..] 000577: spawn follower
  [..] 000577: spawn leader
  [..] 000577: spawn NPCs (near=15, scattered=30)
  [..] 000577: spawn camera
  [..] 000577: settle (no listener)
  [..] 000577: tick 10/80
  [..] 000577: tick 20/80
  [..] 000577: tick 30/80
  [..] 000577: tick 40/80
  [..] 000577: tick 50/80
  [..] 000577: tick 60/80
  [..] 000577: tick 70/80
  [..] 000577: tick 80/80
  [..] 000577: cam.listen (skip 20 stale frames)
  [OK] 000577.png  (Town05, MidRainyNoon, sun=38°, dist=16m, lat=-1.0, hdg=+2°, npcs=45)
  [..] 000577: finally start
  [..] 000577: drain tick
  [..] 000577: destroy cam
  [..] 000577: destroy 45 npcs
  [..] 000577: destroy leader
  [..] 000577: destroy follower
  [..] 000577: post-cleanup tick
  [..] 000577: finally end
  [..] 000578: spawn follower
  [..] 000578: spawn leader
  [..] 000578: spawn NPCs (near=15, scattered=30)
  [..] 000578: spawn camera
  [..] 000578: settle (no listener)
  [..] 000578: tick 10/80
  [..] 000578: tick 20/80
  [..] 000578: tick 30/80
  [..] 000578: tick 40/80
  [..] 000578: tick 50/80
  [..] 000578: tick 60/80
  [..] 000578: tick 70/80
  [..] 000578: tick 80/80
  [..] 000578: cam.listen (skip 20 stale frames)
  [OK] 000578.png  (Town05, WetNoon, sun=40°, dist=13m, lat=+0.0, hdg=-2°, npcs=45)
  [..] 000578: finally start
  [..] 000578: drain tick
  [..] 000578: destroy cam
  [..] 000578: destroy 45 npcs
  [..] 000578: destroy leader
  [..] 000578: destroy follower
  [..] 000578: post-cleanup tick
  [..] 000578: finally end
  [SKIP] 000579: no valid lane at shift=-1 from follower lane
  [..] 000579: spawn follower
  [..] 000579: spawn leader
  [..] 000579: spawn NPCs (near=15, scattered=30)
  [..] 000579: spawn camera
  [..] 000579: settle (no listener)
  [..] 000579: tick 10/80
  [..] 000579: tick 20/80
  [..] 000579: tick 30/80
  [..] 000579: tick 40/80
  [..] 000579: tick 50/80
  [..] 000579: tick 60/80
  [..] 000579: tick 70/80
  [..] 000579: tick 80/80
  [..] 000579: cam.listen (skip 20 stale frames)
  [OK] 000579.png  (Town05, ClearNoon, sun=29°, dist=17m, lat=+1.0, hdg=-2°, npcs=45)
  [..] 000579: finally start
  [..] 000579: drain tick
  [..] 000579: destroy cam
  [..] 000579: destroy 45 npcs
  [..] 000579: destroy leader
  [..] 000579: destroy follower
  [..] 000579: post-cleanup tick
  [..] 000579: finally end
  [SKIP] 000580: no valid lane at shift=-1 from follower lane
  [..] 000580: spawn follower
  [..] 000580: spawn leader
  [..] 000580: spawn NPCs (near=15, scattered=30)
  [..] 000580: spawn camera
  [..] 000580: settle (no listener)
  [..] 000580: tick 10/80
  [..] 000580: tick 20/80
  [..] 000580: tick 30/80
  [..] 000580: tick 40/80
  [..] 000580: tick 50/80
  [..] 000580: tick 60/80
  [..] 000580: tick 70/80
  [..] 000580: tick 80/80
  [..] 000580: cam.listen (skip 20 stale frames)
  [OK] 000580.png  (Town05, ClearNoon, sun=26°, dist=10m, lat=-1.0, hdg=-1°, npcs=45)
  [..] 000580: finally start
  [..] 000580: drain tick
  [..] 000580: destroy cam
  [..] 000580: destroy 45 npcs
  [..] 000580: destroy leader
  [..] 000580: destroy follower
  [..] 000580: post-cleanup tick
  [..] 000580: finally end
  [..] 000581: spawn follower
  [..] 000581: spawn leader
  [..] 000581: spawn NPCs (near=15, scattered=30)
  [..] 000581: spawn camera
  [..] 000581: settle (no listener)
  [..] 000581: tick 10/80
  [..] 000581: tick 20/80
  [..] 000581: tick 30/80
  [..] 000581: tick 40/80
  [..] 000581: tick 50/80
  [..] 000581: tick 60/80
  [..] 000581: tick 70/80
  [..] 000581: tick 80/80
  [..] 000581: cam.listen (skip 20 stale frames)
  [OK] 000581.png  (Town05, ClearNoon, sun=58°, dist=10m, lat=-1.0, hdg=-1°, npcs=45)
  [..] 000581: finally start
  [..] 000581: drain tick
  [..] 000581: destroy cam
  [..] 000581: destroy 45 npcs
  [..] 000581: destroy leader
  [..] 000581: destroy follower
  [..] 000581: post-cleanup tick
  [..] 000581: finally end
  [..] 000582: spawn follower
  [..] 000582: spawn leader
  [..] 000582: spawn NPCs (near=15, scattered=30)
  [..] 000582: spawn camera
  [..] 000582: settle (no listener)
  [..] 000582: tick 10/80
  [..] 000582: tick 20/80
  [..] 000582: tick 30/80
  [..] 000582: tick 40/80
  [..] 000582: tick 50/80
  [..] 000582: tick 60/80
  [..] 000582: tick 70/80
  [..] 000582: tick 80/80
  [..] 000582: cam.listen (skip 20 stale frames)
  [OK] 000582.png  (Town05, CloudyNoon, sun=26°, dist=15m, lat=+0.0, hdg=+3°, npcs=45)
  [..] 000582: finally start
  [..] 000582: drain tick
  [..] 000582: destroy cam
  [..] 000582: destroy 45 npcs
  [..] 000582: destroy leader
  [..] 000582: destroy follower
  [..] 000582: post-cleanup tick
  [..] 000582: finally end
  [..] 000583: spawn follower
  [..] 000583: spawn leader
  [..] 000583: spawn NPCs (near=15, scattered=30)
  [..] 000583: spawn camera
  [..] 000583: settle (no listener)
  [..] 000583: tick 10/80
  [..] 000583: tick 20/80
  [..] 000583: tick 30/80
  [..] 000583: tick 40/80
  [..] 000583: tick 50/80
  [..] 000583: tick 60/80
  [..] 000583: tick 70/80
  [..] 000583: tick 80/80
  [..] 000583: cam.listen (skip 20 stale frames)
  [OK] 000583.png  (Town05, CloudyNoon, sun=32°, dist=10m, lat=+1.0, hdg=-3°, npcs=45)
  [..] 000583: finally start
  [..] 000583: drain tick
  [..] 000583: destroy cam
  [..] 000583: destroy 45 npcs
  [..] 000583: destroy leader
  [..] 000583: destroy follower
  [..] 000583: post-cleanup tick
  [..] 000583: finally end
  [..] 000584: spawn follower
  [..] 000584: spawn leader
  [..] 000584: spawn NPCs (near=15, scattered=30)
  [..] 000584: spawn camera
  [..] 000584: settle (no listener)
  [..] 000584: tick 10/80
  [..] 000584: tick 20/80
  [..] 000584: tick 30/80
  [..] 000584: tick 40/80
  [..] 000584: tick 50/80
  [..] 000584: tick 60/80
  [..] 000584: tick 70/80
  [..] 000584: tick 80/80
  [..] 000584: cam.listen (skip 20 stale frames)
  [OK] 000584.png  (Town05, MidRainyNoon, sun=69°, dist=12m, lat=+0.0, hdg=-1°, npcs=45)
  [..] 000584: finally start
  [..] 000584: drain tick
  [..] 000584: destroy cam
  [..] 000584: destroy 45 npcs
  [..] 000584: destroy leader
  [..] 000584: destroy follower
  [..] 000584: post-cleanup tick
  [..] 000584: finally end
  [..] 000585: spawn follower
  [..] 000585: spawn leader
  [..] 000585: spawn NPCs (near=15, scattered=30)
  [..] 000585: spawn camera
  [..] 000585: settle (no listener)
  [..] 000585: tick 10/80
  [..] 000585: tick 20/80
  [..] 000585: tick 30/80
  [..] 000585: tick 40/80
  [..] 000585: tick 50/80
  [..] 000585: tick 60/80
  [..] 000585: tick 70/80
  [..] 000585: tick 80/80
  [..] 000585: cam.listen (skip 20 stale frames)
  [OK] 000585.png  (Town05, CloudyNoon, sun=37°, dist=15m, lat=+0.0, hdg=-2°, npcs=45)
  [..] 000585: finally start
  [..] 000585: drain tick
  [..] 000585: destroy cam
  [..] 000585: destroy 45 npcs
  [..] 000585: destroy leader
  [..] 000585: destroy follower
  [..] 000585: post-cleanup tick
  [..] 000585: finally end
  [SKIP] 000586: no valid lane at shift=-1 from follower lane
  [..] 000586: spawn follower
  [..] 000586: spawn leader
  [..] 000586: spawn NPCs (near=15, scattered=30)
  [..] 000586: spawn camera
  [..] 000586: settle (no listener)
  [..] 000586: tick 10/80
  [..] 000586: tick 20/80
  [..] 000586: tick 30/80
  [..] 000586: tick 40/80
  [..] 000586: tick 50/80
  [..] 000586: tick 60/80
  [..] 000586: tick 70/80
  [..] 000586: tick 80/80
  [..] 000586: cam.listen (skip 20 stale frames)
  [OK] 000586.png  (Town05, ClearNoon, sun=66°, dist=12m, lat=+1.0, hdg=-1°, npcs=45)
  [..] 000586: finally start
  [..] 000586: drain tick
  [..] 000586: destroy cam
  [..] 000586: destroy 45 npcs
  [..] 000586: destroy leader
  [..] 000586: destroy follower
  [..] 000586: post-cleanup tick
  [..] 000586: finally end
  [..] 000587: spawn follower
  [..] 000587: spawn leader
  [..] 000587: spawn NPCs (near=15, scattered=30)
  [..] 000587: spawn camera
  [..] 000587: settle (no listener)
  [..] 000587: tick 10/80
  [..] 000587: tick 20/80
  [..] 000587: tick 30/80
  [..] 000587: tick 40/80
  [..] 000587: tick 50/80
  [..] 000587: tick 60/80
  [..] 000587: tick 70/80
  [..] 000587: tick 80/80
  [..] 000587: cam.listen (skip 20 stale frames)
  [OK] 000587.png  (Town05, WetNoon, sun=48°, dist=8m, lat=+0.0, hdg=+3°, npcs=45)
  [..] 000587: finally start
  [..] 000587: drain tick
  [..] 000587: destroy cam
  [..] 000587: destroy 45 npcs
  [..] 000587: destroy leader
  [..] 000587: destroy follower
  [..] 000587: post-cleanup tick
  [..] 000587: finally end
  [..] 000588: spawn follower
  [..] 000588: spawn leader
  [..] 000588: spawn NPCs (near=15, scattered=30)
  [..] 000588: spawn camera
  [..] 000588: settle (no listener)
  [..] 000588: tick 10/80
  [..] 000588: tick 20/80
  [..] 000588: tick 30/80
  [..] 000588: tick 40/80
  [..] 000588: tick 50/80
  [..] 000588: tick 60/80
  [..] 000588: tick 70/80
  [..] 000588: tick 80/80
  [..] 000588: cam.listen (skip 20 stale frames)
  [OK] 000588.png  (Town05, CloudyNoon, sun=40°, dist=12m, lat=-1.0, hdg=+2°, npcs=45)
  [..] 000588: finally start
  [..] 000588: drain tick
  [..] 000588: destroy cam
  [..] 000588: destroy 45 npcs
  [..] 000588: destroy leader
  [..] 000588: destroy follower
  [..] 000588: post-cleanup tick
  [..] 000588: finally end
  [SKIP] 000589: no valid lane at shift=-1 from follower lane
  [..] 000589: spawn follower
  [..] 000589: spawn leader
  [..] 000589: spawn NPCs (near=15, scattered=30)
  [..] 000589: spawn camera
  [..] 000589: settle (no listener)
  [..] 000589: tick 10/80
  [..] 000589: tick 20/80
  [..] 000589: tick 30/80
  [..] 000589: tick 40/80
  [..] 000589: tick 50/80
  [..] 000589: tick 60/80
  [..] 000589: tick 70/80
  [..] 000589: tick 80/80
  [..] 000589: cam.listen (skip 20 stale frames)
  [OK] 000589.png  (Town05, CloudyNoon, sun=66°, dist=8m, lat=+0.0, hdg=+1°, npcs=45)
  [..] 000589: finally start
  [..] 000589: drain tick
  [..] 000589: destroy cam
  [..] 000589: destroy 45 npcs
  [..] 000589: destroy leader
  [..] 000589: destroy follower
  [..] 000589: post-cleanup tick
  [..] 000589: finally end
  [..] 000590: spawn follower
  [..] 000590: spawn leader
  [..] 000590: spawn NPCs (near=15, scattered=30)
  [..] 000590: spawn camera
  [..] 000590: settle (no listener)
  [..] 000590: tick 10/80
  [..] 000590: tick 20/80
  [..] 000590: tick 30/80
  [..] 000590: tick 40/80
  [..] 000590: tick 50/80
  [..] 000590: tick 60/80
  [..] 000590: tick 70/80
  [..] 000590: tick 80/80
  [..] 000590: cam.listen (skip 20 stale frames)
  [OK] 000590.png  (Town05, MidRainyNoon, sun=55°, dist=7m, lat=+0.0, hdg=-4°, npcs=45)
  [..] 000590: finally start
  [..] 000590: drain tick
  [..] 000590: destroy cam
  [..] 000590: destroy 45 npcs
  [..] 000590: destroy leader
  [..] 000590: destroy follower
  [..] 000590: post-cleanup tick
  [..] 000590: finally end
  [SKIP] 000591: no valid lane at shift=+1 from follower lane
  [..] 000591: spawn follower
  [..] 000591: spawn leader
  [..] 000591: spawn NPCs (near=15, scattered=30)
  [..] 000591: spawn camera
  [..] 000591: settle (no listener)
  [..] 000591: tick 10/80
  [..] 000591: tick 20/80
  [..] 000591: tick 30/80
  [..] 000591: tick 40/80
  [..] 000591: tick 50/80
  [..] 000591: tick 60/80
  [..] 000591: tick 70/80
  [..] 000591: tick 80/80
  [..] 000591: cam.listen (skip 20 stale frames)
  [OK] 000591.png  (Town05, MidRainyNoon, sun=44°, dist=13m, lat=+0.0, hdg=-2°, npcs=45)
  [..] 000591: finally start
  [..] 000591: drain tick
  [..] 000591: destroy cam
  [..] 000591: destroy 45 npcs
  [..] 000591: destroy leader
  [..] 000591: destroy follower
  [..] 000591: post-cleanup tick
  [..] 000591: finally end
  [SKIP] 000592: no valid lane at shift=-1 from follower lane
  [SKIP] 000592: no valid lane at shift=-1 from follower lane
  [SKIP] 000592: no valid lane at shift=-1 from follower lane
  [..] 000592: spawn follower
  [..] 000592: spawn leader
  [..] 000592: spawn NPCs (near=15, scattered=30)
  [..] 000592: spawn camera
  [..] 000592: settle (no listener)
  [..] 000592: tick 10/80
  [..] 000592: tick 20/80
  [..] 000592: tick 30/80
  [..] 000592: tick 40/80
  [..] 000592: tick 50/80
  [..] 000592: tick 60/80
  [..] 000592: tick 70/80
  [..] 000592: tick 80/80
  [..] 000592: cam.listen (skip 20 stale frames)
  [OK] 000592.png  (Town05, WetNoon, sun=31°, dist=10m, lat=+1.0, hdg=+4°, npcs=45)
  [..] 000592: finally start
  [..] 000592: drain tick
  [..] 000592: destroy cam
  [..] 000592: destroy 45 npcs
  [..] 000592: destroy leader
  [..] 000592: destroy follower
  [..] 000592: post-cleanup tick
  [..] 000592: finally end
  [..] 000593: spawn follower
  [..] 000593: spawn leader
  [..] 000593: spawn NPCs (near=15, scattered=30)
  [..] 000593: spawn camera
  [..] 000593: settle (no listener)
  [..] 000593: tick 10/80
  [..] 000593: tick 20/80
  [..] 000593: tick 30/80
  [..] 000593: tick 40/80
  [..] 000593: tick 50/80
  [..] 000593: tick 60/80
  [..] 000593: tick 70/80
  [..] 000593: tick 80/80
  [..] 000593: cam.listen (skip 20 stale frames)
  [OK] 000593.png  (Town05, MidRainyNoon, sun=41°, dist=10m, lat=+0.0, hdg=+3°, npcs=45)
  [..] 000593: finally start
  [..] 000593: drain tick
  [..] 000593: destroy cam
  [..] 000593: destroy 45 npcs
  [..] 000593: destroy leader
  [..] 000593: destroy follower
  [..] 000593: post-cleanup tick
  [..] 000593: finally end
  [..] 000594: spawn follower
  [..] 000594: spawn leader
  [..] 000594: spawn NPCs (near=15, scattered=30)
  [..] 000594: spawn camera
  [..] 000594: settle (no listener)
  [..] 000594: tick 10/80
  [..] 000594: tick 20/80
  [..] 000594: tick 30/80
  [..] 000594: tick 40/80
  [..] 000594: tick 50/80
  [..] 000594: tick 60/80
  [..] 000594: tick 70/80
  [..] 000594: tick 80/80
  [..] 000594: cam.listen (skip 20 stale frames)
  [OK] 000594.png  (Town05, ClearNoon, sun=28°, dist=14m, lat=+0.0, hdg=+5°, npcs=45)
  [..] 000594: finally start
  [..] 000594: drain tick
  [..] 000594: destroy cam
  [..] 000594: destroy 45 npcs
  [..] 000594: destroy leader
  [..] 000594: destroy follower
  [..] 000594: post-cleanup tick
  [..] 000594: finally end
  [..] 000595: spawn follower
  [..] 000595: spawn leader
  [..] 000595: spawn NPCs (near=15, scattered=30)
  [..] 000595: spawn camera
  [..] 000595: settle (no listener)
  [..] 000595: tick 10/80
  [..] 000595: tick 20/80
  [..] 000595: tick 30/80
  [..] 000595: tick 40/80
  [..] 000595: tick 50/80
  [..] 000595: tick 60/80
  [..] 000595: tick 70/80
  [..] 000595: tick 80/80
  [..] 000595: cam.listen (skip 20 stale frames)
  [OK] 000595.png  (Town05, WetNoon, sun=41°, dist=9m, lat=+1.0, hdg=-4°, npcs=45)
  [..] 000595: finally start
  [..] 000595: drain tick
  [..] 000595: destroy cam
  [..] 000595: destroy 45 npcs
  [..] 000595: destroy leader
  [..] 000595: destroy follower
  [..] 000595: post-cleanup tick
  [..] 000595: finally end
  [SKIP] 000596: no valid lane at shift=-1 from follower lane
  [SKIP] 000596: no valid lane at shift=-1 from follower lane
  [..] 000596: spawn follower
  [..] 000596: spawn leader
  [..] 000596: spawn NPCs (near=15, scattered=30)
  [..] 000596: spawn camera
  [..] 000596: settle (no listener)
  [..] 000596: tick 10/80
  [..] 000596: tick 20/80
  [..] 000596: tick 30/80
  [..] 000596: tick 40/80
  [..] 000596: tick 50/80
  [..] 000596: tick 60/80
  [..] 000596: tick 70/80
  [..] 000596: tick 80/80
  [..] 000596: cam.listen (skip 20 stale frames)
  [OK] 000596.png  (Town05, ClearNoon, sun=38°, dist=11m, lat=+0.0, hdg=+0°, npcs=45)
  [..] 000596: finally start
  [..] 000596: drain tick
  [..] 000596: destroy cam
  [..] 000596: destroy 45 npcs
  [..] 000596: destroy leader
  [..] 000596: destroy follower
  [..] 000596: post-cleanup tick
  [..] 000596: finally end
  [..] 000597: spawn follower
  [..] 000597: spawn leader
  [..] 000597: spawn NPCs (near=15, scattered=30)
  [..] 000597: spawn camera
  [..] 000597: settle (no listener)
  [..] 000597: tick 10/80
  [..] 000597: tick 20/80
  [..] 000597: tick 30/80
  [..] 000597: tick 40/80
  [..] 000597: tick 50/80
  [..] 000597: tick 60/80
  [..] 000597: tick 70/80
  [..] 000597: tick 80/80
  [..] 000597: cam.listen (skip 20 stale frames)
  [OK] 000597.png  (Town05, MidRainyNoon, sun=49°, dist=11m, lat=+1.0, hdg=-4°, npcs=45)
  [..] 000597: finally start
  [..] 000597: drain tick
  [..] 000597: destroy cam
  [..] 000597: destroy 45 npcs
  [..] 000597: destroy leader
  [..] 000597: destroy follower
  [..] 000597: post-cleanup tick
  [..] 000597: finally end
  [SKIP] 000598: no valid lane at shift=-1 from follower lane
  [..] 000598: spawn follower
  [..] 000598: spawn leader
  [..] 000598: spawn NPCs (near=15, scattered=30)
  [..] 000598: spawn camera
  [..] 000598: settle (no listener)
  [..] 000598: tick 10/80
  [..] 000598: tick 20/80
  [..] 000598: tick 30/80
  [..] 000598: tick 40/80
  [..] 000598: tick 50/80
  [..] 000598: tick 60/80
  [..] 000598: tick 70/80
  [..] 000598: tick 80/80
  [..] 000598: cam.listen (skip 20 stale frames)
  [OK] 000598.png  (Town05, WetNoon, sun=35°, dist=6m, lat=+0.0, hdg=-1°, npcs=45)
  [..] 000598: finally start
  [..] 000598: drain tick
  [..] 000598: destroy cam
  [..] 000598: destroy 45 npcs
  [..] 000598: destroy leader
  [..] 000598: destroy follower
  [..] 000598: post-cleanup tick
  [..] 000598: finally end
  [..] 000599: spawn follower
  [..] 000599: spawn leader
  [..] 000599: spawn NPCs (near=15, scattered=30)
  [..] 000599: spawn camera
  [..] 000599: settle (no listener)
  [..] 000599: tick 10/80
  [..] 000599: tick 20/80
  [..] 000599: tick 30/80
  [..] 000599: tick 40/80
  [..] 000599: tick 50/80
  [..] 000599: tick 60/80
  [..] 000599: tick 70/80
  [..] 000599: tick 80/80
  [..] 000599: cam.listen (skip 20 stale frames)
  [OK] 000599.png  (Town05, MidRainyNoon, sun=64°, dist=16m, lat=+0.0, hdg=-3°, npcs=45)
  [..] 000599: finally start
  [..] 000599: drain tick
  [..] 000599: destroy cam
  [..] 000599: destroy 45 npcs
  [..] 000599: destroy leader
  [..] 000599: destroy follower
  [..] 000599: post-cleanup tick
  [..] 000599: finally end
  [SKIP] 000600: no valid lane at shift=+1 from follower lane
  [SKIP] 000600: no valid lane at shift=-1 from follower lane
  [SKIP] 000600: no valid lane at shift=-1 from follower lane
  [SKIP] 000600: no valid lane at shift=+1 from follower lane
  [SKIP] 000600: no valid lane at shift=-1 from follower lane
  [..] 000600: spawn follower
  [..] 000600: spawn leader
  [..] 000600: spawn NPCs (near=15, scattered=30)
  [..] 000600: spawn camera
  [..] 000600: settle (no listener)
  [..] 000600: tick 10/80
  [..] 000600: tick 20/80
  [..] 000600: tick 30/80
  [..] 000600: tick 40/80
  [..] 000600: tick 50/80
  [..] 000600: tick 60/80
  [..] 000600: tick 70/80
  [..] 000600: tick 80/80
  [..] 000600: cam.listen (skip 20 stale frames)
  [OK] 000600.png  (Town05, MidRainyNoon, sun=59°, dist=17m, lat=-1.0, hdg=+4°, npcs=45)
  [..] 000600: finally start
  [..] 000600: drain tick
  [..] 000600: destroy cam
  [..] 000600: destroy 45 npcs
  [..] 000600: destroy leader
  [..] 000600: destroy follower
  [..] 000600: post-cleanup tick
  [..] 000600: finally end
  [SKIP] 000601: no valid lane at shift=-1 from follower lane
  [SKIP] 000601: no valid lane at shift=-1 from follower lane
  [..] 000601: spawn follower
  [..] 000601: spawn leader
  [..] 000601: spawn NPCs (near=15, scattered=30)
  [..] 000601: spawn camera
  [..] 000601: settle (no listener)
  [..] 000601: tick 10/80
  [..] 000601: tick 20/80
  [..] 000601: tick 30/80
  [..] 000601: tick 40/80
  [..] 000601: tick 50/80
  [..] 000601: tick 60/80
  [..] 000601: tick 70/80
  [..] 000601: tick 80/80
  [..] 000601: cam.listen (skip 20 stale frames)
  [OK] 000601.png  (Town05, MidRainyNoon, sun=33°, dist=15m, lat=+0.0, hdg=+4°, npcs=45)
  [..] 000601: finally start
  [..] 000601: drain tick
  [..] 000601: destroy cam
  [..] 000601: destroy 45 npcs
  [..] 000601: destroy leader
  [..] 000601: destroy follower
  [..] 000601: post-cleanup tick
  [..] 000601: finally end
  [SKIP] 000602: no valid lane at shift=-1 from follower lane
  [..] 000602: spawn follower
  [..] 000602: spawn leader
  [..] 000602: spawn NPCs (near=15, scattered=30)
  [..] 000602: spawn camera
  [..] 000602: settle (no listener)
  [..] 000602: tick 10/80
  [..] 000602: tick 20/80
  [..] 000602: tick 30/80
  [..] 000602: tick 40/80
  [..] 000602: tick 50/80
  [..] 000602: tick 60/80
  [..] 000602: tick 70/80
  [..] 000602: tick 80/80
  [..] 000602: cam.listen (skip 20 stale frames)
  [OK] 000602.png  (Town05, ClearNoon, sun=45°, dist=10m, lat=+1.0, hdg=-4°, npcs=45)
  [..] 000602: finally start
  [..] 000602: drain tick
  [..] 000602: destroy cam
  [..] 000602: destroy 45 npcs
  [..] 000602: destroy leader
  [..] 000602: destroy follower
  [..] 000602: post-cleanup tick
  [..] 000602: finally end
  [..] 000603: spawn follower
  [..] 000603: spawn leader
  [..] 000603: spawn NPCs (near=15, scattered=30)
  [..] 000603: spawn camera
  [..] 000603: settle (no listener)
  [..] 000603: tick 10/80
  [..] 000603: tick 20/80
  [..] 000603: tick 30/80
  [..] 000603: tick 40/80
  [..] 000603: tick 50/80
  [..] 000603: tick 60/80
  [..] 000603: tick 70/80
  [..] 000603: tick 80/80
  [..] 000603: cam.listen (skip 20 stale frames)
  [OK] 000603.png  (Town05, CloudyNoon, sun=66°, dist=13m, lat=+0.0, hdg=+1°, npcs=45)
  [..] 000603: finally start
  [..] 000603: drain tick
  [..] 000603: destroy cam
  [..] 000603: destroy 45 npcs
  [..] 000603: destroy leader
  [..] 000603: destroy follower
  [..] 000603: post-cleanup tick
  [..] 000603: finally end
  [SKIP] 000604: no valid lane at shift=-1 from follower lane
  [..] 000604: spawn follower
  [..] 000604: spawn leader
  [..] 000604: spawn NPCs (near=15, scattered=30)
  [..] 000604: spawn camera
  [..] 000604: settle (no listener)
  [..] 000604: tick 10/80
  [..] 000604: tick 20/80
  [..] 000604: tick 30/80
  [..] 000604: tick 40/80
  [..] 000604: tick 50/80
  [..] 000604: tick 60/80
  [..] 000604: tick 70/80
  [..] 000604: tick 80/80
  [..] 000604: cam.listen (skip 20 stale frames)
  [OK] 000604.png  (Town05, ClearNoon, sun=54°, dist=12m, lat=-1.0, hdg=-3°, npcs=45)
  [..] 000604: finally start
  [..] 000604: drain tick
  [..] 000604: destroy cam
  [..] 000604: destroy 45 npcs
  [..] 000604: destroy leader
  [..] 000604: destroy follower
  [..] 000604: post-cleanup tick
  [..] 000604: finally end
  [..] 000605: spawn follower
  [..] 000605: spawn leader
  [..] 000605: spawn NPCs (near=15, scattered=30)
  [..] 000605: spawn camera
  [..] 000605: settle (no listener)
  [..] 000605: tick 10/80
  [..] 000605: tick 20/80
  [..] 000605: tick 30/80
  [..] 000605: tick 40/80
  [..] 000605: tick 50/80
  [..] 000605: tick 60/80
  [..] 000605: tick 70/80
  [..] 000605: tick 80/80
  [..] 000605: cam.listen (skip 20 stale frames)
  [OK] 000605.png  (Town05, WetNoon, sun=43°, dist=10m, lat=+1.0, hdg=-4°, npcs=45)
  [..] 000605: finally start
  [..] 000605: drain tick
  [..] 000605: destroy cam
  [..] 000605: destroy 45 npcs
  [..] 000605: destroy leader
  [..] 000605: destroy follower
  [..] 000605: post-cleanup tick
  [..] 000605: finally end
  [SKIP] 000606: no valid lane at shift=-1 from follower lane
  [..] 000606: spawn follower
  [..] 000606: spawn leader
  [..] 000606: spawn NPCs (near=15, scattered=30)
  [..] 000606: spawn camera
  [..] 000606: settle (no listener)
  [..] 000606: tick 10/80
  [..] 000606: tick 20/80
  [..] 000606: tick 30/80
  [..] 000606: tick 40/80
  [..] 000606: tick 50/80
  [..] 000606: tick 60/80
  [..] 000606: tick 70/80
  [..] 000606: tick 80/80
  [..] 000606: cam.listen (skip 20 stale frames)
  [OK] 000606.png  (Town05, WetNoon, sun=31°, dist=10m, lat=+1.0, hdg=-4°, npcs=45)
  [..] 000606: finally start
  [..] 000606: drain tick
  [..] 000606: destroy cam
  [..] 000606: destroy 45 npcs
  [..] 000606: destroy leader
  [..] 000606: destroy follower
  [..] 000606: post-cleanup tick
  [..] 000606: finally end
  [SKIP] 000607: no valid lane at shift=-1 from follower lane
  [..] 000607: spawn follower
  [..] 000607: spawn leader
  [..] 000607: spawn NPCs (near=15, scattered=30)
  [..] 000607: spawn camera
  [..] 000607: settle (no listener)
  [..] 000607: tick 10/80
  [..] 000607: tick 20/80
  [..] 000607: tick 30/80
  [..] 000607: tick 40/80
  [..] 000607: tick 50/80
  [..] 000607: tick 60/80
  [..] 000607: tick 70/80
  [..] 000607: tick 80/80
  [..] 000607: cam.listen (skip 20 stale frames)
  [OK] 000607.png  (Town05, WetNoon, sun=55°, dist=12m, lat=+1.0, hdg=+4°, npcs=45)
  [..] 000607: finally start
  [..] 000607: drain tick
  [..] 000607: destroy cam
  [..] 000607: destroy 45 npcs
  [..] 000607: destroy leader
  [..] 000607: destroy follower
  [..] 000607: post-cleanup tick
  [..] 000607: finally end
  [..] 000608: spawn follower
  [..] 000608: spawn leader
  [..] 000608: spawn NPCs (near=15, scattered=30)
  [..] 000608: spawn camera
  [..] 000608: settle (no listener)
  [..] 000608: tick 10/80
  [..] 000608: tick 20/80
  [..] 000608: tick 30/80
  [..] 000608: tick 40/80
  [..] 000608: tick 50/80
  [..] 000608: tick 60/80
  [..] 000608: tick 70/80
  [..] 000608: tick 80/80
  [..] 000608: cam.listen (skip 20 stale frames)
  [OK] 000608.png  (Town05, WetNoon, sun=56°, dist=9m, lat=+0.0, hdg=+5°, npcs=45)
  [..] 000608: finally start
  [..] 000608: drain tick
  [..] 000608: destroy cam
  [..] 000608: destroy 45 npcs
  [..] 000608: destroy leader
  [..] 000608: destroy follower
  [..] 000608: post-cleanup tick
  [..] 000608: finally end
  [SKIP] 000609: no valid lane at shift=+1 from follower lane
  [..] 000609: spawn follower
  [..] 000609: spawn leader
  [..] 000609: spawn NPCs (near=15, scattered=30)
  [..] 000609: spawn camera
  [..] 000609: settle (no listener)
  [..] 000609: tick 10/80
  [..] 000609: tick 20/80
  [..] 000609: tick 30/80
  [..] 000609: tick 40/80
  [..] 000609: tick 50/80
  [..] 000609: tick 60/80
  [..] 000609: tick 70/80
  [..] 000609: tick 80/80
  [..] 000609: cam.listen (skip 20 stale frames)
  [OK] 000609.png  (Town05, MidRainyNoon, sun=42°, dist=17m, lat=+0.0, hdg=+4°, npcs=45)
  [..] 000609: finally start
  [..] 000609: drain tick
  [..] 000609: destroy cam
  [..] 000609: destroy 45 npcs
  [..] 000609: destroy leader
  [..] 000609: destroy follower
  [..] 000609: post-cleanup tick
  [..] 000609: finally end
  [..] 000610: spawn follower
  [..] 000610: spawn leader
  [..] 000610: spawn NPCs (near=15, scattered=30)
  [..] 000610: spawn camera
  [..] 000610: settle (no listener)
  [..] 000610: tick 10/80
  [..] 000610: tick 20/80
  [..] 000610: tick 30/80
  [..] 000610: tick 40/80
  [..] 000610: tick 50/80
  [..] 000610: tick 60/80
  [..] 000610: tick 70/80
  [..] 000610: tick 80/80
  [..] 000610: cam.listen (skip 20 stale frames)
  [OK] 000610.png  (Town05, ClearNoon, sun=38°, dist=9m, lat=+0.0, hdg=-4°, npcs=45)
  [..] 000610: finally start
  [..] 000610: drain tick
  [..] 000610: destroy cam
  [..] 000610: destroy 45 npcs
  [..] 000610: destroy leader
  [..] 000610: destroy follower
  [..] 000610: post-cleanup tick
  [..] 000610: finally end
  [..] 000611: spawn follower
  [..] 000611: spawn leader
  [..] 000611: spawn NPCs (near=15, scattered=30)
  [..] 000611: spawn camera
  [..] 000611: settle (no listener)
  [..] 000611: tick 10/80
  [..] 000611: tick 20/80
  [..] 000611: tick 30/80
  [..] 000611: tick 40/80
  [..] 000611: tick 50/80
  [..] 000611: tick 60/80
  [..] 000611: tick 70/80
  [..] 000611: tick 80/80
  [..] 000611: cam.listen (skip 20 stale frames)
  [OK] 000611.png  (Town05, CloudyNoon, sun=54°, dist=16m, lat=+1.0, hdg=-1°, npcs=45)
  [..] 000611: finally start
  [..] 000611: drain tick
  [..] 000611: destroy cam
  [..] 000611: destroy 45 npcs
  [..] 000611: destroy leader
  [..] 000611: destroy follower
  [..] 000611: post-cleanup tick
  [..] 000611: finally end
  [..] 000612: spawn follower
  [..] 000612: spawn leader
  [..] 000612: spawn NPCs (near=15, scattered=30)
  [..] 000612: spawn camera
  [..] 000612: settle (no listener)
  [..] 000612: tick 10/80
  [..] 000612: tick 20/80
  [..] 000612: tick 30/80
  [..] 000612: tick 40/80
  [..] 000612: tick 50/80
  [..] 000612: tick 60/80
  [..] 000612: tick 70/80
  [..] 000612: tick 80/80
  [..] 000612: cam.listen (skip 20 stale frames)
  [OK] 000612.png  (Town05, CloudyNoon, sun=27°, dist=17m, lat=-1.0, hdg=+1°, npcs=45)
  [..] 000612: finally start
  [..] 000612: drain tick
  [..] 000612: destroy cam
  [..] 000612: destroy 45 npcs
  [..] 000612: destroy leader
  [..] 000612: destroy follower
  [..] 000612: post-cleanup tick
  [..] 000612: finally end
  [..] 000613: spawn follower
  [..] 000613: spawn leader
  [..] 000613: spawn NPCs (near=15, scattered=30)
  [..] 000613: spawn camera
  [..] 000613: settle (no listener)
  [..] 000613: tick 10/80
  [..] 000613: tick 20/80
  [..] 000613: tick 30/80
  [..] 000613: tick 40/80
  [..] 000613: tick 50/80
  [..] 000613: tick 60/80
  [..] 000613: tick 70/80
  [..] 000613: tick 80/80
  [..] 000613: cam.listen (skip 20 stale frames)
  [OK] 000613.png  (Town05, WetNoon, sun=45°, dist=18m, lat=+0.0, hdg=+2°, npcs=45)
  [..] 000613: finally start
  [..] 000613: drain tick
  [..] 000613: destroy cam
  [..] 000613: destroy 45 npcs
  [..] 000613: destroy leader
  [..] 000613: destroy follower
  [..] 000613: post-cleanup tick
  [..] 000613: finally end
  [..] 000614: spawn follower
  [..] 000614: spawn leader
  [..] 000614: spawn NPCs (near=15, scattered=30)
  [..] 000614: spawn camera
  [..] 000614: settle (no listener)
  [..] 000614: tick 10/80
  [..] 000614: tick 20/80
  [..] 000614: tick 30/80
  [..] 000614: tick 40/80
  [..] 000614: tick 50/80
  [..] 000614: tick 60/80
  [..] 000614: tick 70/80
  [..] 000614: tick 80/80
  [..] 000614: cam.listen (skip 20 stale frames)
  [OK] 000614.png  (Town05, MidRainyNoon, sun=55°, dist=17m, lat=+0.0, hdg=+4°, npcs=45)
  [..] 000614: finally start
  [..] 000614: drain tick
  [..] 000614: destroy cam
  [..] 000614: destroy 45 npcs
  [..] 000614: destroy leader
  [..] 000614: destroy follower
  [..] 000614: post-cleanup tick
  [..] 000614: finally end
  [SKIP] 000615: no valid lane at shift=-1 from follower lane
  [..] 000615: spawn follower
  [..] 000615: spawn leader
  [..] 000615: spawn NPCs (near=15, scattered=30)
  [..] 000615: spawn camera
  [..] 000615: settle (no listener)
  [..] 000615: tick 10/80
  [..] 000615: tick 20/80
  [..] 000615: tick 30/80
  [..] 000615: tick 40/80
  [..] 000615: tick 50/80
  [..] 000615: tick 60/80
  [..] 000615: tick 70/80
  [..] 000615: tick 80/80
  [..] 000615: cam.listen (skip 20 stale frames)
  [OK] 000615.png  (Town05, WetNoon, sun=31°, dist=14m, lat=+1.0, hdg=-1°, npcs=45)
  [..] 000615: finally start
  [..] 000615: drain tick
  [..] 000615: destroy cam
  [..] 000615: destroy 45 npcs
  [..] 000615: destroy leader
  [..] 000615: destroy follower
  [..] 000615: post-cleanup tick
  [..] 000615: finally end
  [SKIP] 000616: no valid lane at shift=-1 from follower lane
  [..] 000616: spawn follower
  [..] 000616: spawn leader
  [..] 000616: spawn NPCs (near=15, scattered=30)
  [..] 000616: spawn camera
  [..] 000616: settle (no listener)
  [..] 000616: tick 10/80
  [..] 000616: tick 20/80
  [..] 000616: tick 30/80
  [..] 000616: tick 40/80
  [..] 000616: tick 50/80
  [..] 000616: tick 60/80
  [..] 000616: tick 70/80
  [..] 000616: tick 80/80
  [..] 000616: cam.listen (skip 20 stale frames)
  [OK] 000616.png  (Town05, WetNoon, sun=50°, dist=11m, lat=-1.0, hdg=-2°, npcs=45)
  [..] 000616: finally start
  [..] 000616: drain tick
  [..] 000616: destroy cam
  [..] 000616: destroy 45 npcs
  [..] 000616: destroy leader
  [..] 000616: destroy follower
  [..] 000616: post-cleanup tick
  [..] 000616: finally end
  [..] 000617: spawn follower
  [..] 000617: spawn leader
  [..] 000617: spawn NPCs (near=15, scattered=30)
  [..] 000617: spawn camera
  [..] 000617: settle (no listener)
  [..] 000617: tick 10/80
  [..] 000617: tick 20/80
  [..] 000617: tick 30/80
  [..] 000617: tick 40/80
  [..] 000617: tick 50/80
  [..] 000617: tick 60/80
  [..] 000617: tick 70/80
  [..] 000617: tick 80/80
  [..] 000617: cam.listen (skip 20 stale frames)
  [OK] 000617.png  (Town05, MidRainyNoon, sun=58°, dist=10m, lat=+1.0, hdg=+5°, npcs=45)
  [..] 000617: finally start
  [..] 000617: drain tick
  [..] 000617: destroy cam
  [..] 000617: destroy 45 npcs
  [..] 000617: destroy leader
  [..] 000617: destroy follower
  [..] 000617: post-cleanup tick
  [..] 000617: finally end
  [SKIP] 000618: no valid lane at shift=-1 from follower lane
  [..] 000618: spawn follower
  [..] 000618: spawn leader
  [..] 000618: spawn NPCs (near=15, scattered=30)
  [..] 000618: spawn camera
  [..] 000618: settle (no listener)
  [..] 000618: tick 10/80
  [..] 000618: tick 20/80
  [..] 000618: tick 30/80
  [..] 000618: tick 40/80
  [..] 000618: tick 50/80
  [..] 000618: tick 60/80
  [..] 000618: tick 70/80
  [..] 000618: tick 80/80
  [..] 000618: cam.listen (skip 20 stale frames)
  [OK] 000618.png  (Town05, WetNoon, sun=28°, dist=12m, lat=+1.0, hdg=-2°, npcs=45)
  [..] 000618: finally start
  [..] 000618: drain tick
  [..] 000618: destroy cam
  [..] 000618: destroy 45 npcs
  [..] 000618: destroy leader
  [..] 000618: destroy follower
  [..] 000618: post-cleanup tick
  [..] 000618: finally end
  [SKIP] 000619: no valid lane at shift=+1 from follower lane
  [SKIP] 000619: no valid lane at shift=+1 from follower lane
  [..] 000619: spawn follower
  [..] 000619: spawn leader
  [..] 000619: spawn NPCs (near=15, scattered=30)
  [..] 000619: spawn camera
  [..] 000619: settle (no listener)
  [..] 000619: tick 10/80
  [..] 000619: tick 20/80
  [..] 000619: tick 30/80
  [..] 000619: tick 40/80
  [..] 000619: tick 50/80
  [..] 000619: tick 60/80
  [..] 000619: tick 70/80
  [..] 000619: tick 80/80
  [..] 000619: cam.listen (skip 20 stale frames)
  [OK] 000619.png  (Town05, CloudyNoon, sun=65°, dist=7m, lat=+0.0, hdg=+5°, npcs=45)
  [..] 000619: finally start
  [..] 000619: drain tick
  [..] 000619: destroy cam
  [..] 000619: destroy 45 npcs
  [..] 000619: destroy leader
  [..] 000619: destroy follower
  [..] 000619: post-cleanup tick
  [..] 000619: finally end
  [SKIP] 000620: no valid lane at shift=+1 from follower lane
  [..] 000620: spawn follower
  [..] 000620: spawn leader
  [..] 000620: spawn NPCs (near=15, scattered=30)
  [..] 000620: spawn camera
  [..] 000620: settle (no listener)
  [..] 000620: tick 10/80
  [..] 000620: tick 20/80
  [..] 000620: tick 30/80
  [..] 000620: tick 40/80
  [..] 000620: tick 50/80
  [..] 000620: tick 60/80
  [..] 000620: tick 70/80
  [..] 000620: tick 80/80
  [..] 000620: cam.listen (skip 20 stale frames)
  [OK] 000620.png  (Town05, MidRainyNoon, sun=56°, dist=14m, lat=+0.0, hdg=+4°, npcs=45)
  [..] 000620: finally start
  [..] 000620: drain tick
  [..] 000620: destroy cam
  [..] 000620: destroy 45 npcs
  [..] 000620: destroy leader
  [..] 000620: destroy follower
  [..] 000620: post-cleanup tick
  [..] 000620: finally end
  [..] 000621: spawn follower
  [..] 000621: spawn leader
  [..] 000621: spawn NPCs (near=15, scattered=30)
  [..] 000621: spawn camera
  [..] 000621: settle (no listener)
  [..] 000621: tick 10/80
  [..] 000621: tick 20/80
  [..] 000621: tick 30/80
  [..] 000621: tick 40/80
  [..] 000621: tick 50/80
  [..] 000621: tick 60/80
  [..] 000621: tick 70/80
  [..] 000621: tick 80/80
  [..] 000621: cam.listen (skip 20 stale frames)
  [OK] 000621.png  (Town05, MidRainyNoon, sun=70°, dist=14m, lat=+1.0, hdg=-3°, npcs=45)
  [..] 000621: finally start
  [..] 000621: drain tick
  [..] 000621: destroy cam
  [..] 000621: destroy 45 npcs
  [..] 000621: destroy leader
  [..] 000621: destroy follower
  [..] 000621: post-cleanup tick
  [..] 000621: finally end
  [..] 000622: spawn follower
  [..] 000622: spawn leader
  [..] 000622: spawn NPCs (near=15, scattered=30)
  [..] 000622: spawn camera
  [..] 000622: settle (no listener)
  [..] 000622: tick 10/80
  [..] 000622: tick 20/80
  [..] 000622: tick 30/80
  [..] 000622: tick 40/80
  [..] 000622: tick 50/80
  [..] 000622: tick 60/80
  [..] 000622: tick 70/80
  [..] 000622: tick 80/80
  [..] 000622: cam.listen (skip 20 stale frames)
  [OK] 000622.png  (Town05, CloudyNoon, sun=52°, dist=10m, lat=+1.0, hdg=-2°, npcs=45)
  [..] 000622: finally start
  [..] 000622: drain tick
  [..] 000622: destroy cam
  [..] 000622: destroy 45 npcs
  [..] 000622: destroy leader
  [..] 000622: destroy follower
  [..] 000622: post-cleanup tick
  [..] 000622: finally end
  [SKIP] 000623: no valid lane at shift=-1 from follower lane
  [..] 000623: spawn follower
  [..] 000623: spawn leader
  [..] 000623: spawn NPCs (near=15, scattered=30)
  [..] 000623: spawn camera
  [..] 000623: settle (no listener)
  [..] 000623: tick 10/80
  [..] 000623: tick 20/80
  [..] 000623: tick 30/80
  [..] 000623: tick 40/80
  [..] 000623: tick 50/80
  [..] 000623: tick 60/80
  [..] 000623: tick 70/80
  [..] 000623: tick 80/80
  [..] 000623: cam.listen (skip 20 stale frames)
  [OK] 000623.png  (Town05, CloudyNoon, sun=28°, dist=16m, lat=-1.0, hdg=+0°, npcs=45)
  [..] 000623: finally start
  [..] 000623: drain tick
  [..] 000623: destroy cam
  [..] 000623: destroy 45 npcs
  [..] 000623: destroy leader
  [..] 000623: destroy follower
  [..] 000623: post-cleanup tick
  [..] 000623: finally end
  [..] 000624: spawn follower
  [..] 000624: spawn leader
  [..] 000624: spawn NPCs (near=15, scattered=30)
  [..] 000624: spawn camera
  [..] 000624: settle (no listener)
  [..] 000624: tick 10/80
  [..] 000624: tick 20/80
  [..] 000624: tick 30/80
  [..] 000624: tick 40/80
  [..] 000624: tick 50/80
  [..] 000624: tick 60/80
  [..] 000624: tick 70/80
  [..] 000624: tick 80/80
  [..] 000624: cam.listen (skip 20 stale frames)
  [OK] 000624.png  (Town05, MidRainyNoon, sun=49°, dist=13m, lat=+0.0, hdg=-1°, npcs=45)
  [..] 000624: finally start
  [..] 000624: drain tick
  [..] 000624: destroy cam
  [..] 000624: destroy 45 npcs
  [..] 000624: destroy leader
  [..] 000624: destroy follower
  [..] 000624: post-cleanup tick
  [..] 000624: finally end
  [..] 000625: spawn follower
  [..] 000625: spawn leader
  [..] 000625: spawn NPCs (near=15, scattered=30)
  [..] 000625: spawn camera
  [..] 000625: settle (no listener)
  [..] 000625: tick 10/80
  [..] 000625: tick 20/80
  [..] 000625: tick 30/80
  [..] 000625: tick 40/80
  [..] 000625: tick 50/80
  [..] 000625: tick 60/80
  [..] 000625: tick 70/80
  [..] 000625: tick 80/80
  [..] 000625: cam.listen (skip 20 stale frames)
  [OK] 000625.png  (Town05, CloudyNoon, sun=41°, dist=9m, lat=+1.0, hdg=+3°, npcs=45)
  [..] 000625: finally start
  [..] 000625: drain tick
  [..] 000625: destroy cam
  [..] 000625: destroy 45 npcs
  [..] 000625: destroy leader
  [..] 000625: destroy follower
  [..] 000625: post-cleanup tick
  [..] 000625: finally end
  [..] 000626: spawn follower
  [..] 000626: spawn leader
  [..] 000626: spawn NPCs (near=15, scattered=30)
  [..] 000626: spawn camera
  [..] 000626: settle (no listener)
  [..] 000626: tick 10/80
  [..] 000626: tick 20/80
  [..] 000626: tick 30/80
  [..] 000626: tick 40/80
  [..] 000626: tick 50/80
  [..] 000626: tick 60/80
  [..] 000626: tick 70/80
  [..] 000626: tick 80/80
  [..] 000626: cam.listen (skip 20 stale frames)
  [OK] 000626.png  (Town05, WetNoon, sun=60°, dist=15m, lat=+0.0, hdg=-2°, npcs=45)
  [..] 000626: finally start
  [..] 000626: drain tick
  [..] 000626: destroy cam
  [..] 000626: destroy 45 npcs
  [..] 000626: destroy leader
  [..] 000626: destroy follower
  [..] 000626: post-cleanup tick
  [..] 000626: finally end
  [SKIP] 000627: no valid lane at shift=+1 from follower lane
  [..] 000627: spawn follower
  [..] 000627: spawn leader
  [..] 000627: spawn NPCs (near=15, scattered=30)
  [..] 000627: spawn camera
  [..] 000627: settle (no listener)
  [..] 000627: tick 10/80
  [..] 000627: tick 20/80
  [..] 000627: tick 30/80
  [..] 000627: tick 40/80
  [..] 000627: tick 50/80
  [..] 000627: tick 60/80
  [..] 000627: tick 70/80
  [..] 000627: tick 80/80
  [..] 000627: cam.listen (skip 20 stale frames)
  [OK] 000627.png  (Town05, CloudyNoon, sun=45°, dist=11m, lat=+1.0, hdg=+2°, npcs=45)
  [..] 000627: finally start
  [..] 000627: drain tick
  [..] 000627: destroy cam
  [..] 000627: destroy 45 npcs
  [..] 000627: destroy leader
  [..] 000627: destroy follower
  [..] 000627: post-cleanup tick
  [..] 000627: finally end
  [..] 000628: spawn follower
  [..] 000628: spawn leader
  [..] 000628: spawn NPCs (near=15, scattered=30)
  [..] 000628: spawn camera
  [..] 000628: settle (no listener)
  [..] 000628: tick 10/80
  [..] 000628: tick 20/80
  [..] 000628: tick 30/80
  [..] 000628: tick 40/80
  [..] 000628: tick 50/80
  [..] 000628: tick 60/80
  [..] 000628: tick 70/80
  [..] 000628: tick 80/80
  [..] 000628: cam.listen (skip 20 stale frames)
  [OK] 000628.png  (Town05, WetNoon, sun=42°, dist=9m, lat=+0.0, hdg=+2°, npcs=45)
  [..] 000628: finally start
  [..] 000628: drain tick
  [..] 000628: destroy cam
  [..] 000628: destroy 45 npcs
  [..] 000628: destroy leader
  [..] 000628: destroy follower
  [..] 000628: post-cleanup tick
  [..] 000628: finally end
  [SKIP] 000629: no valid lane at shift=+1 from follower lane
  [..] 000629: spawn follower
  [..] 000629: spawn leader
  [..] 000629: spawn NPCs (near=15, scattered=30)
  [..] 000629: spawn camera
  [..] 000629: settle (no listener)
  [..] 000629: tick 10/80
  [..] 000629: tick 20/80
  [..] 000629: tick 30/80
  [..] 000629: tick 40/80
  [..] 000629: tick 50/80
  [..] 000629: tick 60/80
  [..] 000629: tick 70/80
  [..] 000629: tick 80/80
  [..] 000629: cam.listen (skip 20 stale frames)
  [OK] 000629.png  (Town05, MidRainyNoon, sun=50°, dist=7m, lat=+1.0, hdg=+4°, npcs=45)
  [..] 000629: finally start
  [..] 000629: drain tick
  [..] 000629: destroy cam
  [..] 000629: destroy 45 npcs
  [..] 000629: destroy leader
  [..] 000629: destroy follower
  [..] 000629: post-cleanup tick
  [..] 000629: finally end
  [..] 000630: spawn follower
  [..] 000630: spawn leader
  [..] 000630: spawn NPCs (near=15, scattered=30)
  [..] 000630: spawn camera
  [..] 000630: settle (no listener)
  [..] 000630: tick 10/80
  [..] 000630: tick 20/80
  [..] 000630: tick 30/80
  [..] 000630: tick 40/80
  [..] 000630: tick 50/80
  [..] 000630: tick 60/80
  [..] 000630: tick 70/80
  [..] 000630: tick 80/80
  [..] 000630: cam.listen (skip 20 stale frames)
  [OK] 000630.png  (Town05, CloudyNoon, sun=60°, dist=14m, lat=+1.0, hdg=+3°, npcs=45)
  [..] 000630: finally start
  [..] 000630: drain tick
  [..] 000630: destroy cam
  [..] 000630: destroy 45 npcs
  [..] 000630: destroy leader
  [..] 000630: destroy follower
  [..] 000630: post-cleanup tick
  [..] 000630: finally end
  [..] 000631: spawn follower
  [..] 000631: spawn leader
  [..] 000631: spawn NPCs (near=15, scattered=30)
  [..] 000631: spawn camera
  [..] 000631: settle (no listener)
  [..] 000631: tick 10/80
  [..] 000631: tick 20/80
  [..] 000631: tick 30/80
  [..] 000631: tick 40/80
  [..] 000631: tick 50/80
  [..] 000631: tick 60/80
  [..] 000631: tick 70/80
  [..] 000631: tick 80/80
  [..] 000631: cam.listen (skip 20 stale frames)
  [OK] 000631.png  (Town05, MidRainyNoon, sun=33°, dist=13m, lat=+1.0, hdg=+3°, npcs=45)
  [..] 000631: finally start
  [..] 000631: drain tick
  [..] 000631: destroy cam
  [..] 000631: destroy 45 npcs
  [..] 000631: destroy leader
  [..] 000631: destroy follower
  [..] 000631: post-cleanup tick
  [..] 000631: finally end
  [..] 000632: spawn follower
  [..] 000632: spawn leader
  [..] 000632: spawn NPCs (near=15, scattered=30)
  [..] 000632: spawn camera
  [..] 000632: settle (no listener)
  [..] 000632: tick 10/80
  [..] 000632: tick 20/80
  [..] 000632: tick 30/80
  [..] 000632: tick 40/80
  [..] 000632: tick 50/80
  [..] 000632: tick 60/80
  [..] 000632: tick 70/80
  [..] 000632: tick 80/80
  [..] 000632: cam.listen (skip 20 stale frames)
  [OK] 000632.png  (Town05, ClearNoon, sun=60°, dist=10m, lat=+0.0, hdg=+2°, npcs=45)
  [..] 000632: finally start
  [..] 000632: drain tick
  [..] 000632: destroy cam
  [..] 000632: destroy 45 npcs
  [..] 000632: destroy leader
  [..] 000632: destroy follower
  [..] 000632: post-cleanup tick
  [..] 000632: finally end
  [SKIP] 000633: no valid lane at shift=-1 from follower lane
  [SKIP] 000633: no valid lane at shift=+1 from follower lane
  [..] 000633: spawn follower
  [..] 000633: spawn leader
  [..] 000633: spawn NPCs (near=15, scattered=30)
  [..] 000633: spawn camera
  [..] 000633: settle (no listener)
  [..] 000633: tick 10/80
  [..] 000633: tick 20/80
  [..] 000633: tick 30/80
  [..] 000633: tick 40/80
  [..] 000633: tick 50/80
  [..] 000633: tick 60/80
  [..] 000633: tick 70/80
  [..] 000633: tick 80/80
  [..] 000633: cam.listen (skip 20 stale frames)
  [OK] 000633.png  (Town05, MidRainyNoon, sun=63°, dist=12m, lat=-1.0, hdg=+3°, npcs=45)
  [..] 000633: finally start
  [..] 000633: drain tick
  [..] 000633: destroy cam
  [..] 000633: destroy 45 npcs
  [..] 000633: destroy leader
  [..] 000633: destroy follower
  [..] 000633: post-cleanup tick
  [..] 000633: finally end
  [SKIP] 000634: no valid lane at shift=-1 from follower lane
  [..] 000634: spawn follower
  [..] 000634: spawn leader
  [..] 000634: spawn NPCs (near=15, scattered=30)
  [..] 000634: spawn camera
  [..] 000634: settle (no listener)
  [..] 000634: tick 10/80
  [..] 000634: tick 20/80
  [..] 000634: tick 30/80
  [..] 000634: tick 40/80
  [..] 000634: tick 50/80
  [..] 000634: tick 60/80
  [..] 000634: tick 70/80
  [..] 000634: tick 80/80
  [..] 000634: cam.listen (skip 20 stale frames)
  [OK] 000634.png  (Town05, ClearNoon, sun=42°, dist=18m, lat=+1.0, hdg=-2°, npcs=45)
  [..] 000634: finally start
  [..] 000634: drain tick
  [..] 000634: destroy cam
  [..] 000634: destroy 45 npcs
  [..] 000634: destroy leader
  [..] 000634: destroy follower
  [..] 000634: post-cleanup tick
  [..] 000634: finally end
  [SKIP] 000635: no valid lane at shift=-1 from follower lane
  [SKIP] 000635: no valid lane at shift=-1 from follower lane
  [SKIP] 000635: no valid lane at shift=+1 from follower lane
  [..] 000635: spawn follower
  [..] 000635: spawn leader
  [..] 000635: spawn NPCs (near=15, scattered=30)
  [..] 000635: spawn camera
  [..] 000635: settle (no listener)
  [..] 000635: tick 10/80
  [..] 000635: tick 20/80
  [..] 000635: tick 30/80
  [..] 000635: tick 40/80
  [..] 000635: tick 50/80
  [..] 000635: tick 60/80
  [..] 000635: tick 70/80
  [..] 000635: tick 80/80
  [..] 000635: cam.listen (skip 20 stale frames)
  [OK] 000635.png  (Town05, MidRainyNoon, sun=36°, dist=13m, lat=+1.0, hdg=-2°, npcs=45)
  [..] 000635: finally start
  [..] 000635: drain tick
  [..] 000635: destroy cam
  [..] 000635: destroy 45 npcs
  [..] 000635: destroy leader
  [..] 000635: destroy follower
  [..] 000635: post-cleanup tick
  [..] 000635: finally end
  [SKIP] 000636: no valid lane at shift=+1 from follower lane
  [SKIP] 000636: no valid lane at shift=-1 from follower lane
  [..] 000636: spawn follower
  [..] 000636: spawn leader
  [..] 000636: spawn NPCs (near=15, scattered=30)
  [..] 000636: spawn camera
  [..] 000636: settle (no listener)
  [..] 000636: tick 10/80
  [..] 000636: tick 20/80
  [..] 000636: tick 30/80
  [..] 000636: tick 40/80
  [..] 000636: tick 50/80
  [..] 000636: tick 60/80
  [..] 000636: tick 70/80
  [..] 000636: tick 80/80
  [..] 000636: cam.listen (skip 20 stale frames)
  [OK] 000636.png  (Town05, MidRainyNoon, sun=32°, dist=7m, lat=-1.0, hdg=+3°, npcs=45)
  [..] 000636: finally start
  [..] 000636: drain tick
  [..] 000636: destroy cam
  [..] 000636: destroy 45 npcs
  [..] 000636: destroy leader
  [..] 000636: destroy follower
  [..] 000636: post-cleanup tick
  [..] 000636: finally end
  [..] 000637: spawn follower
  [..] 000637: spawn leader
  [..] 000637: spawn NPCs (near=15, scattered=30)
  [..] 000637: spawn camera
  [..] 000637: settle (no listener)
  [..] 000637: tick 10/80
  [..] 000637: tick 20/80
  [..] 000637: tick 30/80
  [..] 000637: tick 40/80
  [..] 000637: tick 50/80
  [..] 000637: tick 60/80
  [..] 000637: tick 70/80
  [..] 000637: tick 80/80
  [..] 000637: cam.listen (skip 20 stale frames)
  [OK] 000637.png  (Town05, WetNoon, sun=56°, dist=12m, lat=-1.0, hdg=+3°, npcs=45)
  [..] 000637: finally start
  [..] 000637: drain tick
  [..] 000637: destroy cam
  [..] 000637: destroy 45 npcs
  [..] 000637: destroy leader
  [..] 000637: destroy follower
  [..] 000637: post-cleanup tick
  [..] 000637: finally end
  [..] 000638: spawn follower
  [..] 000638: spawn leader
  [..] 000638: spawn NPCs (near=15, scattered=30)
  [..] 000638: spawn camera
  [..] 000638: settle (no listener)
  [..] 000638: tick 10/80
  [..] 000638: tick 20/80
  [..] 000638: tick 30/80
  [..] 000638: tick 40/80
  [..] 000638: tick 50/80
  [..] 000638: tick 60/80
  [..] 000638: tick 70/80
  [..] 000638: tick 80/80
  [..] 000638: cam.listen (skip 20 stale frames)
  [OK] 000638.png  (Town05, CloudyNoon, sun=45°, dist=11m, lat=+0.0, hdg=-0°, npcs=45)
  [..] 000638: finally start
  [..] 000638: drain tick
  [..] 000638: destroy cam
  [..] 000638: destroy 45 npcs
  [..] 000638: destroy leader
  [..] 000638: destroy follower
  [..] 000638: post-cleanup tick
  [..] 000638: finally end
  [SKIP] 000639: no valid lane at shift=+1 from follower lane
  [SKIP] 000639: no valid lane at shift=-1 from follower lane
  [..] 000639: spawn follower
  [..] 000639: spawn leader
  [..] 000639: spawn NPCs (near=15, scattered=30)
  [..] 000639: spawn camera
  [..] 000639: settle (no listener)
  [..] 000639: tick 10/80
  [..] 000639: tick 20/80
  [..] 000639: tick 30/80
  [..] 000639: tick 40/80
  [..] 000639: tick 50/80
  [..] 000639: tick 60/80
  [..] 000639: tick 70/80
  [..] 000639: tick 80/80
  [..] 000639: cam.listen (skip 20 stale frames)
  [OK] 000639.png  (Town05, ClearNoon, sun=68°, dist=14m, lat=+0.0, hdg=+2°, npcs=45)
  [..] 000639: finally start
  [..] 000639: drain tick
  [..] 000639: destroy cam
  [..] 000639: destroy 45 npcs
  [..] 000639: destroy leader
  [..] 000639: destroy follower
  [..] 000639: post-cleanup tick
  [..] 000639: finally end
  [..] 000640: spawn follower
  [..] 000640: spawn leader
  [..] 000640: spawn NPCs (near=15, scattered=30)
  [..] 000640: spawn camera
  [..] 000640: settle (no listener)
  [..] 000640: tick 10/80
  [..] 000640: tick 20/80
  [..] 000640: tick 30/80
  [..] 000640: tick 40/80
  [..] 000640: tick 50/80
  [..] 000640: tick 60/80
  [..] 000640: tick 70/80
  [..] 000640: tick 80/80
  [..] 000640: cam.listen (skip 20 stale frames)
  [OK] 000640.png  (Town05, ClearNoon, sun=32°, dist=8m, lat=+1.0, hdg=-1°, npcs=45)
  [..] 000640: finally start
  [..] 000640: drain tick
  [..] 000640: destroy cam
  [..] 000640: destroy 45 npcs
  [..] 000640: destroy leader
  [..] 000640: destroy follower
  [..] 000640: post-cleanup tick
  [..] 000640: finally end
  [SKIP] 000641: no valid lane at shift=-1 from follower lane
  [SKIP] 000641: no valid lane at shift=+1 from follower lane
  [SKIP] 000641: no valid lane at shift=-1 from follower lane
  [SKIP] 000641: no valid lane at shift=-1 from follower lane
  [SKIP] 000641: no valid lane at shift=-1 from follower lane
  [SKIP] 000641: no valid lane at shift=+1 from follower lane
  [..] 000641: spawn follower
  [..] 000641: spawn leader
  [..] 000641: spawn NPCs (near=15, scattered=30)
  [..] 000641: spawn camera
  [..] 000641: settle (no listener)
  [..] 000641: tick 10/80
  [..] 000641: tick 20/80
  [..] 000641: tick 30/80
  [..] 000641: tick 40/80
  [..] 000641: tick 50/80
  [..] 000641: tick 60/80
  [..] 000641: tick 70/80
  [..] 000641: tick 80/80
  [..] 000641: cam.listen (skip 20 stale frames)
  [OK] 000641.png  (Town05, WetNoon, sun=31°, dist=10m, lat=+0.0, hdg=+2°, npcs=45)
  [..] 000641: finally start
  [..] 000641: drain tick
  [..] 000641: destroy cam
  [..] 000641: destroy 45 npcs
  [..] 000641: destroy leader
  [..] 000641: destroy follower
  [..] 000641: post-cleanup tick
  [..] 000641: finally end
  [SKIP] 000642: no valid lane at shift=+1 from follower lane
  [..] 000642: spawn follower
  [..] 000642: spawn leader
  [..] 000642: spawn NPCs (near=15, scattered=30)
  [..] 000642: spawn camera
  [..] 000642: settle (no listener)
  [..] 000642: tick 10/80
  [..] 000642: tick 20/80
  [..] 000642: tick 30/80
  [..] 000642: tick 40/80
  [..] 000642: tick 50/80
  [..] 000642: tick 60/80
  [..] 000642: tick 70/80
  [..] 000642: tick 80/80
  [..] 000642: cam.listen (skip 20 stale frames)
  [OK] 000642.png  (Town05, ClearNoon, sun=31°, dist=8m, lat=+0.0, hdg=+5°, npcs=45)
  [..] 000642: finally start
  [..] 000642: drain tick
  [..] 000642: destroy cam
  [..] 000642: destroy 45 npcs
  [..] 000642: destroy leader
  [..] 000642: destroy follower
  [..] 000642: post-cleanup tick
  [..] 000642: finally end
  [..] 000643: spawn follower
  [..] 000643: spawn leader
  [..] 000643: spawn NPCs (near=15, scattered=30)
  [..] 000643: spawn camera
  [..] 000643: settle (no listener)
  [..] 000643: tick 10/80
  [..] 000643: tick 20/80
  [..] 000643: tick 30/80
  [..] 000643: tick 40/80
  [..] 000643: tick 50/80
  [..] 000643: tick 60/80
  [..] 000643: tick 70/80
  [..] 000643: tick 80/80
  [..] 000643: cam.listen (skip 20 stale frames)
  [OK] 000643.png  (Town05, CloudyNoon, sun=44°, dist=17m, lat=-1.0, hdg=+3°, npcs=45)
  [..] 000643: finally start
  [..] 000643: drain tick
  [..] 000643: destroy cam
  [..] 000643: destroy 45 npcs
  [..] 000643: destroy leader
  [..] 000643: destroy follower
  [..] 000643: post-cleanup tick
  [..] 000643: finally end
  [SKIP] 000644: no valid lane at shift=-1 from follower lane
  [SKIP] 000644: no valid lane at shift=-1 from follower lane
  [..] 000644: spawn follower
  [..] 000644: spawn leader
  [..] 000644: spawn NPCs (near=15, scattered=30)
  [..] 000644: spawn camera
  [..] 000644: settle (no listener)
  [..] 000644: tick 10/80
  [..] 000644: tick 20/80
  [..] 000644: tick 30/80
  [..] 000644: tick 40/80
  [..] 000644: tick 50/80
  [..] 000644: tick 60/80
  [..] 000644: tick 70/80
  [..] 000644: tick 80/80
  [..] 000644: cam.listen (skip 20 stale frames)
  [OK] 000644.png  (Town05, ClearNoon, sun=59°, dist=9m, lat=+0.0, hdg=-0°, npcs=45)
  [..] 000644: finally start
  [..] 000644: drain tick
  [..] 000644: destroy cam
  [..] 000644: destroy 45 npcs
  [..] 000644: destroy leader
  [..] 000644: destroy follower
  [..] 000644: post-cleanup tick
  [..] 000644: finally end
  [..] 000645: spawn follower
  [..] 000645: spawn leader
  [..] 000645: spawn NPCs (near=15, scattered=30)
  [..] 000645: spawn camera
  [..] 000645: settle (no listener)
  [..] 000645: tick 10/80
  [..] 000645: tick 20/80
  [..] 000645: tick 30/80
  [..] 000645: tick 40/80
  [..] 000645: tick 50/80
  [..] 000645: tick 60/80
  [..] 000645: tick 70/80
  [..] 000645: tick 80/80
  [..] 000645: cam.listen (skip 20 stale frames)
  [OK] 000645.png  (Town05, WetNoon, sun=26°, dist=11m, lat=-1.0, hdg=+5°, npcs=45)
  [..] 000645: finally start
  [..] 000645: drain tick
  [..] 000645: destroy cam
  [..] 000645: destroy 45 npcs
  [..] 000645: destroy leader
  [..] 000645: destroy follower
  [..] 000645: post-cleanup tick
  [..] 000645: finally end
  [SKIP] 000646: no valid lane at shift=-1 from follower lane
  [..] 000646: spawn follower
  [..] 000646: spawn leader
  [..] 000646: spawn NPCs (near=15, scattered=30)
  [..] 000646: spawn camera
  [..] 000646: settle (no listener)
  [..] 000646: tick 10/80
  [..] 000646: tick 20/80
  [..] 000646: tick 30/80
  [..] 000646: tick 40/80
  [..] 000646: tick 50/80
  [..] 000646: tick 60/80
  [..] 000646: tick 70/80
  [..] 000646: tick 80/80
  [..] 000646: cam.listen (skip 20 stale frames)
  [OK] 000646.png  (Town05, CloudyNoon, sun=33°, dist=9m, lat=+0.0, hdg=-3°, npcs=45)
  [..] 000646: finally start
  [..] 000646: drain tick
  [..] 000646: destroy cam
  [..] 000646: destroy 45 npcs
  [..] 000646: destroy leader
  [..] 000646: destroy follower
  [..] 000646: post-cleanup tick
  [..] 000646: finally end
  [..] 000647: spawn follower
  [..] 000647: spawn leader
  [..] 000647: spawn NPCs (near=15, scattered=30)
  [..] 000647: spawn camera
  [..] 000647: settle (no listener)
  [..] 000647: tick 10/80
  [..] 000647: tick 20/80
  [..] 000647: tick 30/80
  [..] 000647: tick 40/80
  [..] 000647: tick 50/80
  [..] 000647: tick 60/80
  [..] 000647: tick 70/80
  [..] 000647: tick 80/80
  [..] 000647: cam.listen (skip 20 stale frames)
  [OK] 000647.png  (Town05, MidRainyNoon, sun=67°, dist=8m, lat=+1.0, hdg=+2°, npcs=45)
  [..] 000647: finally start
  [..] 000647: drain tick
  [..] 000647: destroy cam
  [..] 000647: destroy 45 npcs
  [..] 000647: destroy leader
  [..] 000647: destroy follower
  [..] 000647: post-cleanup tick
  [..] 000647: finally end
  [..] 000648: spawn follower
  [..] 000648: spawn leader
  [..] 000648: spawn NPCs (near=15, scattered=30)
  [..] 000648: spawn camera
  [..] 000648: settle (no listener)
  [..] 000648: tick 10/80
  [..] 000648: tick 20/80
  [..] 000648: tick 30/80
  [..] 000648: tick 40/80
  [..] 000648: tick 50/80
  [..] 000648: tick 60/80
  [..] 000648: tick 70/80
  [..] 000648: tick 80/80
  [..] 000648: cam.listen (skip 20 stale frames)
  [OK] 000648.png  (Town05, CloudyNoon, sun=31°, dist=11m, lat=+1.0, hdg=-1°, npcs=45)
  [..] 000648: finally start
  [..] 000648: drain tick
  [..] 000648: destroy cam
  [..] 000648: destroy 45 npcs
  [..] 000648: destroy leader
  [..] 000648: destroy follower
  [..] 000648: post-cleanup tick
  [..] 000648: finally end
  [SKIP] 000649: no valid lane at shift=-1 from follower lane
  [..] 000649: spawn follower
  [..] 000649: spawn leader
  [..] 000649: spawn NPCs (near=15, scattered=30)
  [..] 000649: spawn camera
  [..] 000649: settle (no listener)
  [..] 000649: tick 10/80
  [..] 000649: tick 20/80
  [..] 000649: tick 30/80
  [..] 000649: tick 40/80
  [..] 000649: tick 50/80
  [..] 000649: tick 60/80
  [..] 000649: tick 70/80
  [..] 000649: tick 80/80
  [..] 000649: cam.listen (skip 20 stale frames)
  [OK] 000649.png  (Town05, ClearNoon, sun=51°, dist=7m, lat=+0.0, hdg=-2°, npcs=45)
  [..] 000649: finally start
  [..] 000649: drain tick
  [..] 000649: destroy cam
  [..] 000649: destroy 45 npcs
  [..] 000649: destroy leader
  [..] 000649: destroy follower
  [..] 000649: post-cleanup tick
  [..] 000649: finally end
  [SKIP] 000650: no valid lane at shift=-1 from follower lane
  [SKIP] 000650: no valid lane at shift=+1 from follower lane
  [..] 000650: spawn follower
  [..] 000650: spawn leader
  [..] 000650: spawn NPCs (near=15, scattered=30)
  [..] 000650: spawn camera
  [..] 000650: settle (no listener)
  [..] 000650: tick 10/80
  [..] 000650: tick 20/80
  [..] 000650: tick 30/80
  [..] 000650: tick 40/80
  [..] 000650: tick 50/80
  [..] 000650: tick 60/80
  [..] 000650: tick 70/80
  [..] 000650: tick 80/80
  [..] 000650: cam.listen (skip 20 stale frames)
  [OK] 000650.png  (Town05, CloudyNoon, sun=50°, dist=11m, lat=+1.0, hdg=+0°, npcs=45)
  [..] 000650: finally start
  [..] 000650: drain tick
  [..] 000650: destroy cam
  [..] 000650: destroy 45 npcs
  [..] 000650: destroy leader
  [..] 000650: destroy follower
  [..] 000650: post-cleanup tick
  [..] 000650: finally end
  [..] 000651: spawn follower
  [..] 000651: spawn leader
  [..] 000651: spawn NPCs (near=15, scattered=30)
  [..] 000651: spawn camera
  [..] 000651: settle (no listener)
  [..] 000651: tick 10/80
  [..] 000651: tick 20/80
  [..] 000651: tick 30/80
  [..] 000651: tick 40/80
  [..] 000651: tick 50/80
  [..] 000651: tick 60/80
  [..] 000651: tick 70/80
  [..] 000651: tick 80/80
  [..] 000651: cam.listen (skip 20 stale frames)
  [OK] 000651.png  (Town05, MidRainyNoon, sun=51°, dist=7m, lat=+1.0, hdg=-4°, npcs=45)
  [..] 000651: finally start
  [..] 000651: drain tick
  [..] 000651: destroy cam
  [..] 000651: destroy 45 npcs
  [..] 000651: destroy leader
  [..] 000651: destroy follower
  [..] 000651: post-cleanup tick
  [..] 000651: finally end
  [..] 000652: spawn follower
  [..] 000652: spawn leader
  [..] 000652: spawn NPCs (near=15, scattered=30)
  [..] 000652: spawn camera
  [..] 000652: settle (no listener)
  [..] 000652: tick 10/80
  [..] 000652: tick 20/80
  [..] 000652: tick 30/80
  [..] 000652: tick 40/80
  [..] 000652: tick 50/80
  [..] 000652: tick 60/80
  [..] 000652: tick 70/80
  [..] 000652: tick 80/80
  [..] 000652: cam.listen (skip 20 stale frames)
  [OK] 000652.png  (Town05, CloudyNoon, sun=51°, dist=7m, lat=+0.0, hdg=-0°, npcs=45)
  [..] 000652: finally start
  [..] 000652: drain tick
  [..] 000652: destroy cam
  [..] 000652: destroy 45 npcs
  [..] 000652: destroy leader
  [..] 000652: destroy follower
  [..] 000652: post-cleanup tick
  [..] 000652: finally end
  [..] 000653: spawn follower
  [..] 000653: spawn leader
  [..] 000653: spawn NPCs (near=15, scattered=30)
  [..] 000653: spawn camera
  [..] 000653: settle (no listener)
  [..] 000653: tick 10/80
  [..] 000653: tick 20/80
  [..] 000653: tick 30/80
  [..] 000653: tick 40/80
  [..] 000653: tick 50/80
  [..] 000653: tick 60/80
  [..] 000653: tick 70/80
  [..] 000653: tick 80/80
  [..] 000653: cam.listen (skip 20 stale frames)
  [OK] 000653.png  (Town05, CloudyNoon, sun=39°, dist=10m, lat=+1.0, hdg=+1°, npcs=45)
  [..] 000653: finally start
  [..] 000653: drain tick
  [..] 000653: destroy cam
  [..] 000653: destroy 45 npcs
  [..] 000653: destroy leader
  [..] 000653: destroy follower
  [..] 000653: post-cleanup tick
  [..] 000653: finally end
  [..] 000654: spawn follower
  [..] 000654: spawn leader
  [..] 000654: spawn NPCs (near=15, scattered=30)
  [..] 000654: spawn camera
  [..] 000654: settle (no listener)
  [..] 000654: tick 10/80
  [..] 000654: tick 20/80
  [..] 000654: tick 30/80
  [..] 000654: tick 40/80
  [..] 000654: tick 50/80
  [..] 000654: tick 60/80
  [..] 000654: tick 70/80
  [..] 000654: tick 80/80
  [..] 000654: cam.listen (skip 20 stale frames)
  [OK] 000654.png  (Town05, MidRainyNoon, sun=34°, dist=7m, lat=+0.0, hdg=-4°, npcs=45)
  [..] 000654: finally start
  [..] 000654: drain tick
  [..] 000654: destroy cam
  [..] 000654: destroy 45 npcs
  [..] 000654: destroy leader
  [..] 000654: destroy follower
  [..] 000654: post-cleanup tick
  [..] 000654: finally end
  [..] 000655: spawn follower
  [..] 000655: spawn leader
  [..] 000655: spawn NPCs (near=15, scattered=30)
  [..] 000655: spawn camera
  [..] 000655: settle (no listener)
  [..] 000655: tick 10/80
  [..] 000655: tick 20/80
  [..] 000655: tick 30/80
  [..] 000655: tick 40/80
  [..] 000655: tick 50/80
  [..] 000655: tick 60/80
  [..] 000655: tick 70/80
  [..] 000655: tick 80/80
  [..] 000655: cam.listen (skip 20 stale frames)
  [OK] 000655.png  (Town05, WetNoon, sun=31°, dist=9m, lat=+0.0, hdg=+2°, npcs=45)
  [..] 000655: finally start
  [..] 000655: drain tick
  [..] 000655: destroy cam
  [..] 000655: destroy 45 npcs
  [..] 000655: destroy leader
  [..] 000655: destroy follower
  [..] 000655: post-cleanup tick
  [..] 000655: finally end
  [..] 000656: spawn follower
  [..] 000656: spawn leader
  [..] 000656: spawn NPCs (near=15, scattered=30)
  [..] 000656: spawn camera
  [..] 000656: settle (no listener)
  [..] 000656: tick 10/80
  [..] 000656: tick 20/80
  [..] 000656: tick 30/80
  [..] 000656: tick 40/80
  [..] 000656: tick 50/80
  [..] 000656: tick 60/80
  [..] 000656: tick 70/80
  [..] 000656: tick 80/80
  [..] 000656: cam.listen (skip 20 stale frames)
  [OK] 000656.png  (Town05, MidRainyNoon, sun=49°, dist=13m, lat=+0.0, hdg=+5°, npcs=45)
  [..] 000656: finally start
  [..] 000656: drain tick
  [..] 000656: destroy cam
  [..] 000656: destroy 45 npcs
  [..] 000656: destroy leader
  [..] 000656: destroy follower
  [..] 000656: post-cleanup tick
  [..] 000656: finally end
  [SKIP] 000657: no valid lane at shift=+1 from follower lane
  [..] 000657: spawn follower
  [..] 000657: spawn leader
  [..] 000657: spawn NPCs (near=15, scattered=30)
  [..] 000657: spawn camera
  [..] 000657: settle (no listener)
  [..] 000657: tick 10/80
  [..] 000657: tick 20/80
  [..] 000657: tick 30/80
  [..] 000657: tick 40/80
  [..] 000657: tick 50/80
  [..] 000657: tick 60/80
  [..] 000657: tick 70/80
  [..] 000657: tick 80/80
  [..] 000657: cam.listen (skip 20 stale frames)
  [OK] 000657.png  (Town05, MidRainyNoon, sun=58°, dist=17m, lat=+1.0, hdg=+5°, npcs=45)
  [..] 000657: finally start
  [..] 000657: drain tick
  [..] 000657: destroy cam
  [..] 000657: destroy 45 npcs
  [..] 000657: destroy leader
  [..] 000657: destroy follower
  [..] 000657: post-cleanup tick
  [..] 000657: finally end
  [..] 000658: spawn follower
  [..] 000658: spawn leader
  [..] 000658: spawn NPCs (near=15, scattered=30)
  [..] 000658: spawn camera
  [..] 000658: settle (no listener)
  [..] 000658: tick 10/80
  [..] 000658: tick 20/80
  [..] 000658: tick 30/80
  [..] 000658: tick 40/80
  [..] 000658: tick 50/80
  [..] 000658: tick 60/80
  [..] 000658: tick 70/80
  [..] 000658: tick 80/80
  [..] 000658: cam.listen (skip 20 stale frames)
  [OK] 000658.png  (Town05, ClearNoon, sun=36°, dist=16m, lat=+0.0, hdg=-4°, npcs=45)
  [..] 000658: finally start
  [..] 000658: drain tick
  [..] 000658: destroy cam
  [..] 000658: destroy 45 npcs
  [..] 000658: destroy leader
  [..] 000658: destroy follower
  [..] 000658: post-cleanup tick
  [..] 000658: finally end
  [..] 000659: spawn follower
  [..] 000659: spawn leader
  [..] 000659: spawn NPCs (near=15, scattered=30)
  [..] 000659: spawn camera
  [..] 000659: settle (no listener)
  [..] 000659: tick 10/80
  [..] 000659: tick 20/80
  [..] 000659: tick 30/80
  [..] 000659: tick 40/80
  [..] 000659: tick 50/80
  [..] 000659: tick 60/80
  [..] 000659: tick 70/80
  [..] 000659: tick 80/80
  [..] 000659: cam.listen (skip 20 stale frames)
  [OK] 000659.png  (Town05, ClearNoon, sun=32°, dist=13m, lat=+0.0, hdg=-4°, npcs=45)
  [..] 000659: finally start
  [..] 000659: drain tick
  [..] 000659: destroy cam
  [..] 000659: destroy 45 npcs
  [..] 000659: destroy leader
  [..] 000659: destroy follower
  [..] 000659: post-cleanup tick
  [..] 000659: finally end
  [SKIP] 000660: no valid lane at shift=+1 from follower lane
  [..] 000660: spawn follower
  [..] 000660: spawn leader
  [..] 000660: spawn NPCs (near=15, scattered=30)
  [..] 000660: spawn camera
  [..] 000660: settle (no listener)
  [..] 000660: tick 10/80
  [..] 000660: tick 20/80
  [..] 000660: tick 30/80
  [..] 000660: tick 40/80
  [..] 000660: tick 50/80
  [..] 000660: tick 60/80
  [..] 000660: tick 70/80
  [..] 000660: tick 80/80
  [..] 000660: cam.listen (skip 20 stale frames)
  [OK] 000660.png  (Town05, ClearNoon, sun=55°, dist=11m, lat=+0.0, hdg=+3°, npcs=45)
  [..] 000660: finally start
  [..] 000660: drain tick
  [..] 000660: destroy cam
  [..] 000660: destroy 45 npcs
  [..] 000660: destroy leader
  [..] 000660: destroy follower
  [..] 000660: post-cleanup tick
  [..] 000660: finally end
  [..] 000661: spawn follower
  [..] 000661: spawn leader
  [..] 000661: spawn NPCs (near=15, scattered=30)
  [..] 000661: spawn camera
  [..] 000661: settle (no listener)
  [..] 000661: tick 10/80
  [..] 000661: tick 20/80
  [..] 000661: tick 30/80
  [..] 000661: tick 40/80
  [..] 000661: tick 50/80
  [..] 000661: tick 60/80
  [..] 000661: tick 70/80
  [..] 000661: tick 80/80
  [..] 000661: cam.listen (skip 20 stale frames)
  [OK] 000661.png  (Town05, WetNoon, sun=56°, dist=7m, lat=-1.0, hdg=-1°, npcs=45)
  [..] 000661: finally start
  [..] 000661: drain tick
  [..] 000661: destroy cam
  [..] 000661: destroy 45 npcs
  [..] 000661: destroy leader
  [..] 000661: destroy follower
  [..] 000661: post-cleanup tick
  [..] 000661: finally end
  [..] 000662: spawn follower
  [..] 000662: spawn leader
  [..] 000662: spawn NPCs (near=15, scattered=30)
  [..] 000662: spawn camera
  [..] 000662: settle (no listener)
  [..] 000662: tick 10/80
  [..] 000662: tick 20/80
  [..] 000662: tick 30/80
  [..] 000662: tick 40/80
  [..] 000662: tick 50/80
  [..] 000662: tick 60/80
  [..] 000662: tick 70/80
  [..] 000662: tick 80/80
  [..] 000662: cam.listen (skip 20 stale frames)
  [OK] 000662.png  (Town05, MidRainyNoon, sun=62°, dist=17m, lat=+0.0, hdg=+3°, npcs=45)
  [..] 000662: finally start
  [..] 000662: drain tick
  [..] 000662: destroy cam
  [..] 000662: destroy 45 npcs
  [..] 000662: destroy leader
  [..] 000662: destroy follower
  [..] 000662: post-cleanup tick
  [..] 000662: finally end
  [..] 000663: spawn follower
  [..] 000663: spawn leader
  [..] 000663: spawn NPCs (near=15, scattered=30)
  [..] 000663: spawn camera
  [..] 000663: settle (no listener)
  [..] 000663: tick 10/80
  [..] 000663: tick 20/80
  [..] 000663: tick 30/80
  [..] 000663: tick 40/80
  [..] 000663: tick 50/80
  [..] 000663: tick 60/80
  [..] 000663: tick 70/80
  [..] 000663: tick 80/80
  [..] 000663: cam.listen (skip 20 stale frames)
  [OK] 000663.png  (Town05, CloudyNoon, sun=61°, dist=8m, lat=+0.0, hdg=-4°, npcs=45)
  [..] 000663: finally start
  [..] 000663: drain tick
  [..] 000663: destroy cam
  [..] 000663: destroy 45 npcs
  [..] 000663: destroy leader
  [..] 000663: destroy follower
  [..] 000663: post-cleanup tick
  [..] 000663: finally end
  [SKIP] 000664: no valid lane at shift=-1 from follower lane
  [..] 000664: spawn follower
  [..] 000664: spawn leader
  [..] 000664: spawn NPCs (near=15, scattered=30)
  [..] 000664: spawn camera
  [..] 000664: settle (no listener)
  [..] 000664: tick 10/80
  [..] 000664: tick 20/80
  [..] 000664: tick 30/80
  [..] 000664: tick 40/80
  [..] 000664: tick 50/80
  [..] 000664: tick 60/80
  [..] 000664: tick 70/80
  [..] 000664: tick 80/80
  [..] 000664: cam.listen (skip 20 stale frames)
  [OK] 000664.png  (Town05, MidRainyNoon, sun=52°, dist=17m, lat=+0.0, hdg=+1°, npcs=45)
  [..] 000664: finally start
  [..] 000664: drain tick
  [..] 000664: destroy cam
  [..] 000664: destroy 45 npcs
  [..] 000664: destroy leader
  [..] 000664: destroy follower
  [..] 000664: post-cleanup tick
  [..] 000664: finally end
  [SKIP] 000665: no valid lane at shift=-1 from follower lane
  [SKIP] 000665: no valid lane at shift=-1 from follower lane
  [..] 000665: spawn follower
  [..] 000665: spawn leader
  [..] 000665: spawn NPCs (near=15, scattered=30)
  [..] 000665: spawn camera
  [..] 000665: settle (no listener)
  [..] 000665: tick 10/80
  [..] 000665: tick 20/80
  [..] 000665: tick 30/80
  [..] 000665: tick 40/80
  [..] 000665: tick 50/80
  [..] 000665: tick 60/80
  [..] 000665: tick 70/80
  [..] 000665: tick 80/80
  [..] 000665: cam.listen (skip 20 stale frames)
  [OK] 000665.png  (Town05, ClearNoon, sun=67°, dist=16m, lat=+0.0, hdg=-5°, npcs=45)
  [..] 000665: finally start
  [..] 000665: drain tick
  [..] 000665: destroy cam
  [..] 000665: destroy 45 npcs
  [..] 000665: destroy leader
  [..] 000665: destroy follower
  [..] 000665: post-cleanup tick
  [..] 000665: finally end
  [..] 000666: spawn follower
  [..] 000666: spawn leader
  [..] 000666: spawn NPCs (near=15, scattered=30)
  [..] 000666: spawn camera
  [..] 000666: settle (no listener)
  [..] 000666: tick 10/80
  [..] 000666: tick 20/80
  [..] 000666: tick 30/80
  [..] 000666: tick 40/80
  [..] 000666: tick 50/80
  [..] 000666: tick 60/80
  [..] 000666: tick 70/80
  [..] 000666: tick 80/80
  [..] 000666: cam.listen (skip 20 stale frames)
  [OK] 000666.png  (Town05, ClearNoon, sun=67°, dist=18m, lat=-1.0, hdg=+2°, npcs=45)
  [..] 000666: finally start
  [..] 000666: drain tick
  [..] 000666: destroy cam
  [..] 000666: destroy 45 npcs
  [..] 000666: destroy leader
  [..] 000666: destroy follower
  [..] 000666: post-cleanup tick
  [..] 000666: finally end
  [SKIP] 000667: no valid lane at shift=+1 from follower lane
  [SKIP] 000667: no valid lane at shift=-1 from follower lane
  [..] 000667: spawn follower
  [..] 000667: spawn leader
  [..] 000667: spawn NPCs (near=15, scattered=30)
  [..] 000667: spawn camera
  [..] 000667: settle (no listener)
  [..] 000667: tick 10/80
  [..] 000667: tick 20/80
  [..] 000667: tick 30/80
  [..] 000667: tick 40/80
  [..] 000667: tick 50/80
  [..] 000667: tick 60/80
  [..] 000667: tick 70/80
  [..] 000667: tick 80/80
  [..] 000667: cam.listen (skip 20 stale frames)
  [OK] 000667.png  (Town05, ClearNoon, sun=35°, dist=14m, lat=+0.0, hdg=+2°, npcs=45)
  [..] 000667: finally start
  [..] 000667: drain tick
  [..] 000667: destroy cam
  [..] 000667: destroy 45 npcs
  [..] 000667: destroy leader
  [..] 000667: destroy follower
  [..] 000667: post-cleanup tick
  [..] 000667: finally end
  [..] 000668: spawn follower
  [..] 000668: spawn leader
  [..] 000668: spawn NPCs (near=15, scattered=30)
  [..] 000668: spawn camera
  [..] 000668: settle (no listener)
  [..] 000668: tick 10/80
  [..] 000668: tick 20/80
  [..] 000668: tick 30/80
  [..] 000668: tick 40/80
  [..] 000668: tick 50/80
  [..] 000668: tick 60/80
  [..] 000668: tick 70/80
  [..] 000668: tick 80/80
  [..] 000668: cam.listen (skip 20 stale frames)
  [OK] 000668.png  (Town05, WetNoon, sun=47°, dist=9m, lat=+0.0, hdg=-4°, npcs=45)
  [..] 000668: finally start
  [..] 000668: drain tick
  [..] 000668: destroy cam
  [..] 000668: destroy 45 npcs
  [..] 000668: destroy leader
  [..] 000668: destroy follower
  [..] 000668: post-cleanup tick
  [..] 000668: finally end
  [SKIP] 000669: no valid lane at shift=-1 from follower lane
  [SKIP] 000669: no valid lane at shift=-1 from follower lane
  [SKIP] 000669: no valid lane at shift=+1 from follower lane
  [..] 000669: spawn follower
  [..] 000669: spawn leader
  [..] 000669: spawn NPCs (near=15, scattered=30)
  [..] 000669: spawn camera
  [..] 000669: settle (no listener)
  [..] 000669: tick 10/80
  [..] 000669: tick 20/80
  [..] 000669: tick 30/80
  [..] 000669: tick 40/80
  [..] 000669: tick 50/80
  [..] 000669: tick 60/80
  [..] 000669: tick 70/80
  [..] 000669: tick 80/80
  [..] 000669: cam.listen (skip 20 stale frames)
  [OK] 000669.png  (Town05, MidRainyNoon, sun=53°, dist=17m, lat=+0.0, hdg=+4°, npcs=45)
  [..] 000669: finally start
  [..] 000669: drain tick
  [..] 000669: destroy cam
  [..] 000669: destroy 45 npcs
  [..] 000669: destroy leader
  [..] 000669: destroy follower
  [..] 000669: post-cleanup tick
  [..] 000669: finally end
  [SKIP] 000670: no valid lane at shift=+1 from follower lane
  [SKIP] 000670: no valid lane at shift=-1 from follower lane
  [..] 000670: spawn follower
  [..] 000670: spawn leader
  [..] 000670: spawn NPCs (near=15, scattered=30)
  [..] 000670: spawn camera
  [..] 000670: settle (no listener)
  [..] 000670: tick 10/80
  [..] 000670: tick 20/80
  [..] 000670: tick 30/80
  [..] 000670: tick 40/80
  [..] 000670: tick 50/80
  [..] 000670: tick 60/80
  [..] 000670: tick 70/80
  [..] 000670: tick 80/80
  [..] 000670: cam.listen (skip 20 stale frames)
  [OK] 000670.png  (Town05, CloudyNoon, sun=56°, dist=10m, lat=+1.0, hdg=+1°, npcs=45)
  [..] 000670: finally start
  [..] 000670: drain tick
  [..] 000670: destroy cam
  [..] 000670: destroy 45 npcs
  [..] 000670: destroy leader
  [..] 000670: destroy follower
  [..] 000670: post-cleanup tick
  [..] 000670: finally end
  [..] 000671: spawn follower
  [..] 000671: spawn leader
  [..] 000671: spawn NPCs (near=15, scattered=30)
  [..] 000671: spawn camera
  [..] 000671: settle (no listener)
  [..] 000671: tick 10/80
  [..] 000671: tick 20/80
  [..] 000671: tick 30/80
  [..] 000671: tick 40/80
  [..] 000671: tick 50/80
  [..] 000671: tick 60/80
  [..] 000671: tick 70/80
  [..] 000671: tick 80/80
  [..] 000671: cam.listen (skip 20 stale frames)
  [OK] 000671.png  (Town05, ClearNoon, sun=44°, dist=6m, lat=-1.0, hdg=-3°, npcs=45)
  [..] 000671: finally start
  [..] 000671: drain tick
  [..] 000671: destroy cam
  [..] 000671: destroy 45 npcs
  [..] 000671: destroy leader
  [..] 000671: destroy follower
  [..] 000671: post-cleanup tick
  [..] 000671: finally end
  [..] 000672: spawn follower
  [..] 000672: spawn leader
  [..] 000672: spawn NPCs (near=15, scattered=30)
  [..] 000672: spawn camera
  [..] 000672: settle (no listener)
  [..] 000672: tick 10/80
  [..] 000672: tick 20/80
  [..] 000672: tick 30/80
  [..] 000672: tick 40/80
  [..] 000672: tick 50/80
  [..] 000672: tick 60/80
  [..] 000672: tick 70/80
  [..] 000672: tick 80/80
  [..] 000672: cam.listen (skip 20 stale frames)
  [OK] 000672.png  (Town05, ClearNoon, sun=69°, dist=13m, lat=-1.0, hdg=-0°, npcs=45)
  [..] 000672: finally start
  [..] 000672: drain tick
  [..] 000672: destroy cam
  [..] 000672: destroy 45 npcs
  [..] 000672: destroy leader
  [..] 000672: destroy follower
  [..] 000672: post-cleanup tick
  [..] 000672: finally end
  [SKIP] 000673: no valid lane at shift=-1 from follower lane
  [..] 000673: spawn follower
  [..] 000673: spawn leader
  [..] 000673: spawn NPCs (near=15, scattered=30)
  [..] 000673: spawn camera
  [..] 000673: settle (no listener)
  [..] 000673: tick 10/80
  [..] 000673: tick 20/80
  [..] 000673: tick 30/80
  [..] 000673: tick 40/80
  [..] 000673: tick 50/80
  [..] 000673: tick 60/80
  [..] 000673: tick 70/80
  [..] 000673: tick 80/80
  [..] 000673: cam.listen (skip 20 stale frames)
  [OK] 000673.png  (Town05, MidRainyNoon, sun=54°, dist=14m, lat=+0.0, hdg=+3°, npcs=45)
  [..] 000673: finally start
  [..] 000673: drain tick
  [..] 000673: destroy cam
  [..] 000673: destroy 45 npcs
  [..] 000673: destroy leader
  [..] 000673: destroy follower
  [..] 000673: post-cleanup tick
  [..] 000673: finally end
  [..] 000674: spawn follower
  [..] 000674: spawn leader
  [..] 000674: spawn NPCs (near=15, scattered=30)
  [..] 000674: spawn camera
  [..] 000674: settle (no listener)
  [..] 000674: tick 10/80
  [..] 000674: tick 20/80
  [..] 000674: tick 30/80
  [..] 000674: tick 40/80
  [..] 000674: tick 50/80
  [..] 000674: tick 60/80
  [..] 000674: tick 70/80
  [..] 000674: tick 80/80
  [..] 000674: cam.listen (skip 20 stale frames)
  [OK] 000674.png  (Town05, MidRainyNoon, sun=57°, dist=11m, lat=+0.0, hdg=+3°, npcs=45)
  [..] 000674: finally start
  [..] 000674: drain tick
  [..] 000674: destroy cam
  [..] 000674: destroy 45 npcs
  [..] 000674: destroy leader
  [..] 000674: destroy follower
  [..] 000674: post-cleanup tick
  [..] 000674: finally end
  [..] 000675: spawn follower
  [..] 000675: spawn leader
  [..] 000675: spawn NPCs (near=15, scattered=30)
  [..] 000675: spawn camera
  [..] 000675: settle (no listener)
  [..] 000675: tick 10/80
  [..] 000675: tick 20/80
  [..] 000675: tick 30/80
  [..] 000675: tick 40/80
  [..] 000675: tick 50/80
  [..] 000675: tick 60/80
  [..] 000675: tick 70/80
  [..] 000675: tick 80/80
  [..] 000675: cam.listen (skip 20 stale frames)
  [OK] 000675.png  (Town05, CloudyNoon, sun=60°, dist=14m, lat=+1.0, hdg=+2°, npcs=45)
  [..] 000675: finally start
  [..] 000675: drain tick
  [..] 000675: destroy cam
  [..] 000675: destroy 45 npcs
  [..] 000675: destroy leader
  [..] 000675: destroy follower
  [..] 000675: post-cleanup tick
  [..] 000675: finally end
  [SKIP] 000676: no valid lane at shift=+1 from follower lane
  [..] 000676: spawn follower
  [..] 000676: spawn leader
  [..] 000676: spawn NPCs (near=15, scattered=30)
  [..] 000676: spawn camera
  [..] 000676: settle (no listener)
  [..] 000676: tick 10/80
  [..] 000676: tick 20/80
  [..] 000676: tick 30/80
  [..] 000676: tick 40/80
  [..] 000676: tick 50/80
  [..] 000676: tick 60/80
  [..] 000676: tick 70/80
  [..] 000676: tick 80/80
  [..] 000676: cam.listen (skip 20 stale frames)
  [OK] 000676.png  (Town05, MidRainyNoon, sun=64°, dist=11m, lat=+0.0, hdg=+2°, npcs=45)
  [..] 000676: finally start
  [..] 000676: drain tick
  [..] 000676: destroy cam
  [..] 000676: destroy 45 npcs
  [..] 000676: destroy leader
  [..] 000676: destroy follower
  [..] 000676: post-cleanup tick
  [..] 000676: finally end
  [SKIP] 000677: no valid lane at shift=-1 from follower lane
  [..] 000677: spawn follower
  [..] 000677: spawn leader
  [..] 000677: spawn NPCs (near=15, scattered=30)
  [..] 000677: spawn camera
  [..] 000677: settle (no listener)
  [..] 000677: tick 10/80
  [..] 000677: tick 20/80
  [..] 000677: tick 30/80
  [..] 000677: tick 40/80
  [..] 000677: tick 50/80
  [..] 000677: tick 60/80
  [..] 000677: tick 70/80
  [..] 000677: tick 80/80
  [..] 000677: cam.listen (skip 20 stale frames)
  [OK] 000677.png  (Town05, ClearNoon, sun=69°, dist=15m, lat=+1.0, hdg=+4°, npcs=45)
  [..] 000677: finally start
  [..] 000677: drain tick
  [..] 000677: destroy cam
  [..] 000677: destroy 45 npcs
  [..] 000677: destroy leader
  [..] 000677: destroy follower
  [..] 000677: post-cleanup tick
  [..] 000677: finally end
  [..] 000678: spawn follower
  [..] 000678: spawn leader
  [..] 000678: spawn NPCs (near=15, scattered=30)
  [..] 000678: spawn camera
  [..] 000678: settle (no listener)
  [..] 000678: tick 10/80
  [..] 000678: tick 20/80
  [..] 000678: tick 30/80
  [..] 000678: tick 40/80
  [..] 000678: tick 50/80
  [..] 000678: tick 60/80
  [..] 000678: tick 70/80
  [..] 000678: tick 80/80
  [..] 000678: cam.listen (skip 20 stale frames)
  [OK] 000678.png  (Town05, CloudyNoon, sun=26°, dist=13m, lat=+0.0, hdg=-0°, npcs=45)
  [..] 000678: finally start
  [..] 000678: drain tick
  [..] 000678: destroy cam
  [..] 000678: destroy 45 npcs
  [..] 000678: destroy leader
  [..] 000678: destroy follower
  [..] 000678: post-cleanup tick
  [..] 000678: finally end
  [..] 000679: spawn follower
  [..] 000679: spawn leader
  [..] 000679: spawn NPCs (near=15, scattered=30)
  [..] 000679: spawn camera
  [..] 000679: settle (no listener)
  [..] 000679: tick 10/80
  [..] 000679: tick 20/80
  [..] 000679: tick 30/80
  [..] 000679: tick 40/80
  [..] 000679: tick 50/80
  [..] 000679: tick 60/80
  [..] 000679: tick 70/80
  [..] 000679: tick 80/80
  [..] 000679: cam.listen (skip 20 stale frames)
  [OK] 000679.png  (Town05, CloudyNoon, sun=40°, dist=16m, lat=+0.0, hdg=-1°, npcs=45)
  [..] 000679: finally start
  [..] 000679: drain tick
  [..] 000679: destroy cam
  [..] 000679: destroy 45 npcs
  [..] 000679: destroy leader
  [..] 000679: destroy follower
  [..] 000679: post-cleanup tick
  [..] 000679: finally end
  [..] 000680: spawn follower
  [..] 000680: spawn leader
  [..] 000680: spawn NPCs (near=15, scattered=30)
  [..] 000680: spawn camera
  [..] 000680: settle (no listener)
  [..] 000680: tick 10/80
  [..] 000680: tick 20/80
  [..] 000680: tick 30/80
  [..] 000680: tick 40/80
  [..] 000680: tick 50/80
  [..] 000680: tick 60/80
  [..] 000680: tick 70/80
  [..] 000680: tick 80/80
  [..] 000680: cam.listen (skip 20 stale frames)
  [OK] 000680.png  (Town05, CloudyNoon, sun=29°, dist=14m, lat=+0.0, hdg=-2°, npcs=45)
  [..] 000680: finally start
  [..] 000680: drain tick
  [..] 000680: destroy cam
  [..] 000680: destroy 45 npcs
  [..] 000680: destroy leader
  [..] 000680: destroy follower
  [..] 000680: post-cleanup tick
  [..] 000680: finally end
  [SKIP] 000681: no valid lane at shift=-1 from follower lane
  [SKIP] 000681: no valid lane at shift=-1 from follower lane
  [..] 000681: spawn follower
  [..] 000681: spawn leader
  [..] 000681: spawn NPCs (near=15, scattered=30)
  [..] 000681: spawn camera
  [..] 000681: settle (no listener)
  [..] 000681: tick 10/80
  [..] 000681: tick 20/80
  [..] 000681: tick 30/80
  [..] 000681: tick 40/80
  [..] 000681: tick 50/80
  [..] 000681: tick 60/80
  [..] 000681: tick 70/80
  [..] 000681: tick 80/80
  [..] 000681: cam.listen (skip 20 stale frames)
  [OK] 000681.png  (Town05, ClearNoon, sun=57°, dist=14m, lat=+1.0, hdg=+3°, npcs=45)
  [..] 000681: finally start
  [..] 000681: drain tick
  [..] 000681: destroy cam
  [..] 000681: destroy 45 npcs
  [..] 000681: destroy leader
  [..] 000681: destroy follower
  [..] 000681: post-cleanup tick
  [..] 000681: finally end
  [..] 000682: spawn follower
  [..] 000682: spawn leader
  [..] 000682: spawn NPCs (near=15, scattered=30)
  [..] 000682: spawn camera
  [..] 000682: settle (no listener)
  [..] 000682: tick 10/80
  [..] 000682: tick 20/80
  [..] 000682: tick 30/80
  [..] 000682: tick 40/80
  [..] 000682: tick 50/80
  [..] 000682: tick 60/80
  [..] 000682: tick 70/80
  [..] 000682: tick 80/80
  [..] 000682: cam.listen (skip 20 stale frames)
  [OK] 000682.png  (Town05, WetNoon, sun=70°, dist=12m, lat=+0.0, hdg=+0°, npcs=45)
  [..] 000682: finally start
  [..] 000682: drain tick
  [..] 000682: destroy cam
  [..] 000682: destroy 45 npcs
  [..] 000682: destroy leader
  [..] 000682: destroy follower
  [..] 000682: post-cleanup tick
  [..] 000682: finally end
  [..] 000683: spawn follower
  [..] 000683: spawn leader
  [..] 000683: spawn NPCs (near=15, scattered=30)
  [..] 000683: spawn camera
  [..] 000683: settle (no listener)
  [..] 000683: tick 10/80
  [..] 000683: tick 20/80
  [..] 000683: tick 30/80
  [..] 000683: tick 40/80
  [..] 000683: tick 50/80
  [..] 000683: tick 60/80
  [..] 000683: tick 70/80
  [..] 000683: tick 80/80
  [..] 000683: cam.listen (skip 20 stale frames)
  [OK] 000683.png  (Town05, ClearNoon, sun=44°, dist=16m, lat=-1.0, hdg=+5°, npcs=45)
  [..] 000683: finally start
  [..] 000683: drain tick
  [..] 000683: destroy cam
  [..] 000683: destroy 45 npcs
  [..] 000683: destroy leader
  [..] 000683: destroy follower
  [..] 000683: post-cleanup tick
  [..] 000683: finally end
  [..] 000684: spawn follower
  [..] 000684: spawn leader
  [..] 000684: spawn NPCs (near=15, scattered=30)
  [..] 000684: spawn camera
  [..] 000684: settle (no listener)
  [..] 000684: tick 10/80
  [..] 000684: tick 20/80
  [..] 000684: tick 30/80
  [..] 000684: tick 40/80
  [..] 000684: tick 50/80
  [..] 000684: tick 60/80
  [..] 000684: tick 70/80
  [..] 000684: tick 80/80
  [..] 000684: cam.listen (skip 20 stale frames)
  [OK] 000684.png  (Town05, ClearNoon, sun=55°, dist=9m, lat=-1.0, hdg=-4°, npcs=45)
  [..] 000684: finally start
  [..] 000684: drain tick
  [..] 000684: destroy cam
  [..] 000684: destroy 45 npcs
  [..] 000684: destroy leader
  [..] 000684: destroy follower
  [..] 000684: post-cleanup tick
  [..] 000684: finally end
  [..] 000685: spawn follower
  [..] 000685: spawn leader
  [..] 000685: spawn NPCs (near=15, scattered=30)
  [..] 000685: spawn camera
  [..] 000685: settle (no listener)
  [..] 000685: tick 10/80
  [..] 000685: tick 20/80
  [..] 000685: tick 30/80
  [..] 000685: tick 40/80
  [..] 000685: tick 50/80
  [..] 000685: tick 60/80
  [..] 000685: tick 70/80
  [..] 000685: tick 80/80
  [..] 000685: cam.listen (skip 20 stale frames)
  [OK] 000685.png  (Town05, CloudyNoon, sun=38°, dist=11m, lat=+0.0, hdg=+1°, npcs=45)
  [..] 000685: finally start
  [..] 000685: drain tick
  [..] 000685: destroy cam
  [..] 000685: destroy 45 npcs
  [..] 000685: destroy leader
  [..] 000685: destroy follower
  [..] 000685: post-cleanup tick
  [..] 000685: finally end
  [..] 000686: spawn follower
  [..] 000686: spawn leader
  [..] 000686: spawn NPCs (near=15, scattered=30)
  [..] 000686: spawn camera
  [..] 000686: settle (no listener)
  [..] 000686: tick 10/80
  [..] 000686: tick 20/80
  [..] 000686: tick 30/80
  [..] 000686: tick 40/80
  [..] 000686: tick 50/80
  [..] 000686: tick 60/80
  [..] 000686: tick 70/80
  [..] 000686: tick 80/80
  [..] 000686: cam.listen (skip 20 stale frames)
  [OK] 000686.png  (Town05, ClearNoon, sun=48°, dist=13m, lat=+0.0, hdg=+1°, npcs=45)
  [..] 000686: finally start
  [..] 000686: drain tick
  [..] 000686: destroy cam
  [..] 000686: destroy 45 npcs
  [..] 000686: destroy leader
  [..] 000686: destroy follower
  [..] 000686: post-cleanup tick
  [..] 000686: finally end
  [..] 000687: spawn follower
  [..] 000687: spawn leader
  [..] 000687: spawn NPCs (near=15, scattered=30)
  [..] 000687: spawn camera
  [..] 000687: settle (no listener)
  [..] 000687: tick 10/80
  [..] 000687: tick 20/80
  [..] 000687: tick 30/80
  [..] 000687: tick 40/80
  [..] 000687: tick 50/80
  [..] 000687: tick 60/80
  [..] 000687: tick 70/80
  [..] 000687: tick 80/80
  [..] 000687: cam.listen (skip 20 stale frames)
  [OK] 000687.png  (Town05, MidRainyNoon, sun=37°, dist=13m, lat=+1.0, hdg=+4°, npcs=45)
  [..] 000687: finally start
  [..] 000687: drain tick
  [..] 000687: destroy cam
  [..] 000687: destroy 45 npcs
  [..] 000687: destroy leader
  [..] 000687: destroy follower
  [..] 000687: post-cleanup tick
  [..] 000687: finally end
  [SKIP] 000688: no valid lane at shift=+1 from follower lane
  [..] 000688: spawn follower
  [..] 000688: spawn leader
  [..] 000688: spawn NPCs (near=15, scattered=30)
  [..] 000688: spawn camera
  [..] 000688: settle (no listener)
  [..] 000688: tick 10/80
  [..] 000688: tick 20/80
  [..] 000688: tick 30/80
  [..] 000688: tick 40/80
  [..] 000688: tick 50/80
  [..] 000688: tick 60/80
  [..] 000688: tick 70/80
  [..] 000688: tick 80/80
  [..] 000688: cam.listen (skip 20 stale frames)
  [OK] 000688.png  (Town05, MidRainyNoon, sun=60°, dist=16m, lat=-1.0, hdg=-4°, npcs=45)
  [..] 000688: finally start
  [..] 000688: drain tick
  [..] 000688: destroy cam
  [..] 000688: destroy 45 npcs
  [..] 000688: destroy leader
  [..] 000688: destroy follower
  [..] 000688: post-cleanup tick
  [..] 000688: finally end
  [..] 000689: spawn follower
  [..] 000689: spawn leader
  [..] 000689: spawn NPCs (near=15, scattered=30)
  [..] 000689: spawn camera
  [..] 000689: settle (no listener)
  [..] 000689: tick 10/80
  [..] 000689: tick 20/80
  [..] 000689: tick 30/80
  [..] 000689: tick 40/80
  [..] 000689: tick 50/80
  [..] 000689: tick 60/80
  [..] 000689: tick 70/80
  [..] 000689: tick 80/80
  [..] 000689: cam.listen (skip 20 stale frames)
  [OK] 000689.png  (Town05, WetNoon, sun=45°, dist=14m, lat=+1.0, hdg=-0°, npcs=45)
  [..] 000689: finally start
  [..] 000689: drain tick
  [..] 000689: destroy cam
  [..] 000689: destroy 45 npcs
  [..] 000689: destroy leader
  [..] 000689: destroy follower
  [..] 000689: post-cleanup tick
  [..] 000689: finally end
  [..] 000690: spawn follower
  [..] 000690: spawn leader
  [..] 000690: spawn NPCs (near=15, scattered=30)
  [..] 000690: spawn camera
  [..] 000690: settle (no listener)
  [..] 000690: tick 10/80
  [..] 000690: tick 20/80
  [..] 000690: tick 30/80
  [..] 000690: tick 40/80
  [..] 000690: tick 50/80
  [..] 000690: tick 60/80
  [..] 000690: tick 70/80
  [..] 000690: tick 80/80
  [..] 000690: cam.listen (skip 20 stale frames)
  [OK] 000690.png  (Town05, MidRainyNoon, sun=60°, dist=15m, lat=+1.0, hdg=+0°, npcs=45)
  [..] 000690: finally start
  [..] 000690: drain tick
  [..] 000690: destroy cam
  [..] 000690: destroy 45 npcs
  [..] 000690: destroy leader
  [..] 000690: destroy follower
  [..] 000690: post-cleanup tick
  [..] 000690: finally end
  [..] 000691: spawn follower
  [..] 000691: spawn leader
  [..] 000691: spawn NPCs (near=15, scattered=30)
  [..] 000691: spawn camera
  [..] 000691: settle (no listener)
  [..] 000691: tick 10/80
  [..] 000691: tick 20/80
  [..] 000691: tick 30/80
  [..] 000691: tick 40/80
  [..] 000691: tick 50/80
  [..] 000691: tick 60/80
  [..] 000691: tick 70/80
  [..] 000691: tick 80/80
  [..] 000691: cam.listen (skip 20 stale frames)
  [OK] 000691.png  (Town05, MidRainyNoon, sun=30°, dist=17m, lat=+1.0, hdg=+0°, npcs=45)
  [..] 000691: finally start
  [..] 000691: drain tick
  [..] 000691: destroy cam
  [..] 000691: destroy 45 npcs
  [..] 000691: destroy leader
  [..] 000691: destroy follower
  [..] 000691: post-cleanup tick
  [..] 000691: finally end
  [..] 000692: spawn follower
  [..] 000692: spawn leader
  [..] 000692: spawn NPCs (near=15, scattered=30)
  [..] 000692: spawn camera
  [..] 000692: settle (no listener)
  [..] 000692: tick 10/80
  [..] 000692: tick 20/80
  [..] 000692: tick 30/80
  [..] 000692: tick 40/80
  [..] 000692: tick 50/80
  [..] 000692: tick 60/80
  [..] 000692: tick 70/80
  [..] 000692: tick 80/80
  [..] 000692: cam.listen (skip 20 stale frames)
  [OK] 000692.png  (Town05, MidRainyNoon, sun=31°, dist=18m, lat=+0.0, hdg=+4°, npcs=45)
  [..] 000692: finally start
  [..] 000692: drain tick
  [..] 000692: destroy cam
  [..] 000692: destroy 45 npcs
  [..] 000692: destroy leader
  [..] 000692: destroy follower
  [..] 000692: post-cleanup tick
  [..] 000692: finally end
  [SKIP] 000693: no valid lane at shift=+1 from follower lane
  [..] 000693: spawn follower
  [..] 000693: spawn leader
  [..] 000693: spawn NPCs (near=15, scattered=30)
  [..] 000693: spawn camera
  [..] 000693: settle (no listener)
  [..] 000693: tick 10/80
  [..] 000693: tick 20/80
  [..] 000693: tick 30/80
  [..] 000693: tick 40/80
  [..] 000693: tick 50/80
  [..] 000693: tick 60/80
  [..] 000693: tick 70/80
  [..] 000693: tick 80/80
  [..] 000693: cam.listen (skip 20 stale frames)
  [OK] 000693.png  (Town05, MidRainyNoon, sun=61°, dist=16m, lat=-1.0, hdg=+2°, npcs=45)
  [..] 000693: finally start
  [..] 000693: drain tick
  [..] 000693: destroy cam
  [..] 000693: destroy 45 npcs
  [..] 000693: destroy leader
  [..] 000693: destroy follower
  [..] 000693: post-cleanup tick
  [..] 000693: finally end
  [..] 000694: spawn follower
  [..] 000694: spawn leader
  [..] 000694: spawn NPCs (near=15, scattered=30)
  [..] 000694: spawn camera
  [..] 000694: settle (no listener)
  [..] 000694: tick 10/80
  [..] 000694: tick 20/80
  [..] 000694: tick 30/80
  [..] 000694: tick 40/80
  [..] 000694: tick 50/80
  [..] 000694: tick 60/80
  [..] 000694: tick 70/80
  [..] 000694: tick 80/80
  [..] 000694: cam.listen (skip 20 stale frames)
  [OK] 000694.png  (Town05, WetNoon, sun=26°, dist=15m, lat=+0.0, hdg=-3°, npcs=45)
  [..] 000694: finally start
  [..] 000694: drain tick
  [..] 000694: destroy cam
  [..] 000694: destroy 45 npcs
  [..] 000694: destroy leader
  [..] 000694: destroy follower
  [..] 000694: post-cleanup tick
  [..] 000694: finally end
  [..] 000695: spawn follower
  [..] 000695: spawn leader
  [..] 000695: spawn NPCs (near=15, scattered=30)
  [..] 000695: spawn camera
  [..] 000695: settle (no listener)
  [..] 000695: tick 10/80
  [..] 000695: tick 20/80
  [..] 000695: tick 30/80
  [..] 000695: tick 40/80
  [..] 000695: tick 50/80
  [..] 000695: tick 60/80
  [..] 000695: tick 70/80
  [..] 000695: tick 80/80
  [..] 000695: cam.listen (skip 20 stale frames)
  [OK] 000695.png  (Town05, CloudyNoon, sun=44°, dist=14m, lat=+0.0, hdg=+4°, npcs=45)
  [..] 000695: finally start
  [..] 000695: drain tick
  [..] 000695: destroy cam
  [..] 000695: destroy 45 npcs
  [..] 000695: destroy leader
  [..] 000695: destroy follower
  [..] 000695: post-cleanup tick
  [..] 000695: finally end
  [..] 000696: spawn follower
  [..] 000696: spawn leader
  [..] 000696: spawn NPCs (near=15, scattered=30)
  [..] 000696: spawn camera
  [..] 000696: settle (no listener)
  [..] 000696: tick 10/80
  [..] 000696: tick 20/80
  [..] 000696: tick 30/80
  [..] 000696: tick 40/80
  [..] 000696: tick 50/80
  [..] 000696: tick 60/80
  [..] 000696: tick 70/80
  [..] 000696: tick 80/80
  [..] 000696: cam.listen (skip 20 stale frames)
  [OK] 000696.png  (Town05, CloudyNoon, sun=42°, dist=8m, lat=-1.0, hdg=-4°, npcs=45)
  [..] 000696: finally start
  [..] 000696: drain tick
  [..] 000696: destroy cam
  [..] 000696: destroy 45 npcs
  [..] 000696: destroy leader
  [..] 000696: destroy follower
  [..] 000696: post-cleanup tick
  [..] 000696: finally end
  [..] 000697: spawn follower
  [..] 000697: spawn leader
  [..] 000697: spawn NPCs (near=15, scattered=30)
  [..] 000697: spawn camera
  [..] 000697: settle (no listener)
  [..] 000697: tick 10/80
  [..] 000697: tick 20/80
  [..] 000697: tick 30/80
  [..] 000697: tick 40/80
  [..] 000697: tick 50/80
  [..] 000697: tick 60/80
  [..] 000697: tick 70/80
  [..] 000697: tick 80/80
  [..] 000697: cam.listen (skip 20 stale frames)
  [OK] 000697.png  (Town05, ClearNoon, sun=64°, dist=7m, lat=+0.0, hdg=+5°, npcs=45)
  [..] 000697: finally start
  [..] 000697: drain tick
  [..] 000697: destroy cam
  [..] 000697: destroy 45 npcs
  [..] 000697: destroy leader
  [..] 000697: destroy follower
  [..] 000697: post-cleanup tick
  [..] 000697: finally end
  [..] 000698: spawn follower
  [..] 000698: spawn leader
  [..] 000698: spawn NPCs (near=15, scattered=30)
  [..] 000698: spawn camera
  [..] 000698: settle (no listener)
  [..] 000698: tick 10/80
  [..] 000698: tick 20/80
  [..] 000698: tick 30/80
  [..] 000698: tick 40/80
  [..] 000698: tick 50/80
  [..] 000698: tick 60/80
  [..] 000698: tick 70/80
  [..] 000698: tick 80/80
  [..] 000698: cam.listen (skip 20 stale frames)
  [OK] 000698.png  (Town05, ClearNoon, sun=57°, dist=12m, lat=+0.0, hdg=-5°, npcs=45)
  [..] 000698: finally start
  [..] 000698: drain tick
  [..] 000698: destroy cam
  [..] 000698: destroy 45 npcs
  [..] 000698: destroy leader
  [..] 000698: destroy follower
  [..] 000698: post-cleanup tick
  [..] 000698: finally end
  [SKIP] 000699: no valid lane at shift=-1 from follower lane
  [..] 000699: spawn follower
  [..] 000699: spawn leader
  [..] 000699: spawn NPCs (near=15, scattered=30)
  [..] 000699: spawn camera
  [..] 000699: settle (no listener)
  [..] 000699: tick 10/80
  [..] 000699: tick 20/80
  [..] 000699: tick 30/80
  [..] 000699: tick 40/80
  [..] 000699: tick 50/80
  [..] 000699: tick 60/80
  [..] 000699: tick 70/80
  [..] 000699: tick 80/80
  [..] 000699: cam.listen (skip 20 stale frames)
  [OK] 000699.png  (Town05, MidRainyNoon, sun=30°, dist=15m, lat=+0.0, hdg=-4°, npcs=45)
  [..] 000699: finally start
  [..] 000699: drain tick
  [..] 000699: destroy cam
  [..] 000699: destroy 45 npcs
  [..] 000699: destroy leader
  [..] 000699: destroy follower
  [..] 000699: post-cleanup tick
  [..] 000699: finally end
  [..] 000700: spawn follower
  [..] 000700: spawn leader
  [..] 000700: spawn NPCs (near=15, scattered=30)
  [..] 000700: spawn camera
  [..] 000700: settle (no listener)
  [..] 000700: tick 10/80
  [..] 000700: tick 20/80
  [..] 000700: tick 30/80
  [..] 000700: tick 40/80
  [..] 000700: tick 50/80
  [..] 000700: tick 60/80
  [..] 000700: tick 70/80
  [..] 000700: tick 80/80
  [..] 000700: cam.listen (skip 20 stale frames)
  [OK] 000700.png  (Town05, WetNoon, sun=59°, dist=17m, lat=+0.0, hdg=-5°, npcs=45)
  [..] 000700: finally start
  [..] 000700: drain tick
  [..] 000700: destroy cam
  [..] 000700: destroy 45 npcs
  [..] 000700: destroy leader
  [..] 000700: destroy follower
  [..] 000700: post-cleanup tick
  [..] 000700: finally end
  [..] 000701: spawn follower
  [..] 000701: spawn leader
  [..] 000701: spawn NPCs (near=15, scattered=30)
  [..] 000701: spawn camera
  [..] 000701: settle (no listener)
  [..] 000701: tick 10/80
  [..] 000701: tick 20/80
  [..] 000701: tick 30/80
  [..] 000701: tick 40/80
  [..] 000701: tick 50/80
  [..] 000701: tick 60/80
  [..] 000701: tick 70/80
  [..] 000701: tick 80/80
  [..] 000701: cam.listen (skip 20 stale frames)
  [OK] 000701.png  (Town05, WetNoon, sun=38°, dist=10m, lat=+1.0, hdg=+1°, npcs=45)
  [..] 000701: finally start
  [..] 000701: drain tick
  [..] 000701: destroy cam
  [..] 000701: destroy 45 npcs
  [..] 000701: destroy leader
  [..] 000701: destroy follower
  [..] 000701: post-cleanup tick
  [..] 000701: finally end
  [..] 000702: spawn follower
  [..] 000702: spawn leader
  [..] 000702: spawn NPCs (near=15, scattered=30)
  [..] 000702: spawn camera
  [..] 000702: settle (no listener)
  [..] 000702: tick 10/80
  [..] 000702: tick 20/80
  [..] 000702: tick 30/80
  [..] 000702: tick 40/80
  [..] 000702: tick 50/80
  [..] 000702: tick 60/80
  [..] 000702: tick 70/80
  [..] 000702: tick 80/80
  [..] 000702: cam.listen (skip 20 stale frames)
  [OK] 000702.png  (Town05, MidRainyNoon, sun=31°, dist=17m, lat=-1.0, hdg=+1°, npcs=45)
  [..] 000702: finally start
  [..] 000702: drain tick
  [..] 000702: destroy cam
  [..] 000702: destroy 45 npcs
  [..] 000702: destroy leader
  [..] 000702: destroy follower
  [..] 000702: post-cleanup tick
  [..] 000702: finally end
  [..] 000703: spawn follower
  [..] 000703: spawn leader
  [..] 000703: spawn NPCs (near=15, scattered=30)
  [..] 000703: spawn camera
  [..] 000703: settle (no listener)
  [..] 000703: tick 10/80
  [..] 000703: tick 20/80
  [..] 000703: tick 30/80
  [..] 000703: tick 40/80
  [..] 000703: tick 50/80
  [..] 000703: tick 60/80
  [..] 000703: tick 70/80
  [..] 000703: tick 80/80
  [..] 000703: cam.listen (skip 20 stale frames)
  [OK] 000703.png  (Town05, MidRainyNoon, sun=68°, dist=7m, lat=+0.0, hdg=+3°, npcs=45)
  [..] 000703: finally start
  [..] 000703: drain tick
  [..] 000703: destroy cam
  [..] 000703: destroy 45 npcs
  [..] 000703: destroy leader
  [..] 000703: destroy follower
  [..] 000703: post-cleanup tick
  [..] 000703: finally end
  [..] 000704: spawn follower
  [..] 000704: spawn leader
  [..] 000704: spawn NPCs (near=15, scattered=30)
  [..] 000704: spawn camera
  [..] 000704: settle (no listener)
  [..] 000704: tick 10/80
  [..] 000704: tick 20/80
  [..] 000704: tick 30/80
  [..] 000704: tick 40/80
  [..] 000704: tick 50/80
  [..] 000704: tick 60/80
  [..] 000704: tick 70/80
  [..] 000704: tick 80/80
  [..] 000704: cam.listen (skip 20 stale frames)
  [OK] 000704.png  (Town05, CloudyNoon, sun=45°, dist=10m, lat=+1.0, hdg=-2°, npcs=45)
  [..] 000704: finally start
  [..] 000704: drain tick
  [..] 000704: destroy cam
  [..] 000704: destroy 45 npcs
  [..] 000704: destroy leader
  [..] 000704: destroy follower
  [..] 000704: post-cleanup tick
  [..] 000704: finally end
  [SKIP] 000705: no valid lane at shift=+1 from follower lane
  [..] 000705: spawn follower
  [..] 000705: spawn leader
  [..] 000705: spawn NPCs (near=15, scattered=30)
  [..] 000705: spawn camera
  [..] 000705: settle (no listener)
  [..] 000705: tick 10/80
  [..] 000705: tick 20/80
  [..] 000705: tick 30/80
  [..] 000705: tick 40/80
  [..] 000705: tick 50/80
  [..] 000705: tick 60/80
  [..] 000705: tick 70/80
  [..] 000705: tick 80/80
  [..] 000705: cam.listen (skip 20 stale frames)
  [OK] 000705.png  (Town05, WetNoon, sun=35°, dist=7m, lat=+0.0, hdg=+4°, npcs=45)
  [..] 000705: finally start
  [..] 000705: drain tick
  [..] 000705: destroy cam
  [..] 000705: destroy 45 npcs
  [..] 000705: destroy leader
  [..] 000705: destroy follower
  [..] 000705: post-cleanup tick
  [..] 000705: finally end
  [..] 000706: spawn follower
  [..] 000706: spawn leader
  [..] 000706: spawn NPCs (near=15, scattered=30)
  [..] 000706: spawn camera
  [..] 000706: settle (no listener)
  [..] 000706: tick 10/80
  [..] 000706: tick 20/80
  [..] 000706: tick 30/80
  [..] 000706: tick 40/80
  [..] 000706: tick 50/80
  [..] 000706: tick 60/80
  [..] 000706: tick 70/80
  [..] 000706: tick 80/80
  [..] 000706: cam.listen (skip 20 stale frames)
  [OK] 000706.png  (Town05, WetNoon, sun=55°, dist=10m, lat=+0.0, hdg=-1°, npcs=45)
  [..] 000706: finally start
  [..] 000706: drain tick
  [..] 000706: destroy cam
  [..] 000706: destroy 45 npcs
  [..] 000706: destroy leader
  [..] 000706: destroy follower
  [..] 000706: post-cleanup tick
  [..] 000706: finally end
  [SKIP] 000707: no valid lane at shift=+1 from follower lane
  [..] 000707: spawn follower
  [..] 000707: spawn leader
  [..] 000707: spawn NPCs (near=15, scattered=30)
  [..] 000707: spawn camera
  [..] 000707: settle (no listener)
  [..] 000707: tick 10/80
  [..] 000707: tick 20/80
  [..] 000707: tick 30/80
  [..] 000707: tick 40/80
  [..] 000707: tick 50/80
  [..] 000707: tick 60/80
  [..] 000707: tick 70/80
  [..] 000707: tick 80/80
  [..] 000707: cam.listen (skip 20 stale frames)
  [OK] 000707.png  (Town05, ClearNoon, sun=54°, dist=9m, lat=+1.0, hdg=+2°, npcs=45)
  [..] 000707: finally start
  [..] 000707: drain tick
  [..] 000707: destroy cam
  [..] 000707: destroy 45 npcs
  [..] 000707: destroy leader
  [..] 000707: destroy follower
  [..] 000707: post-cleanup tick
  [..] 000707: finally end
  [..] 000708: spawn follower
  [..] 000708: spawn leader
  [..] 000708: spawn NPCs (near=15, scattered=30)
  [..] 000708: spawn camera
  [..] 000708: settle (no listener)
  [..] 000708: tick 10/80
  [..] 000708: tick 20/80
  [..] 000708: tick 30/80
  [..] 000708: tick 40/80
  [..] 000708: tick 50/80
  [..] 000708: tick 60/80
  [..] 000708: tick 70/80
  [..] 000708: tick 80/80
  [..] 000708: cam.listen (skip 20 stale frames)
  [OK] 000708.png  (Town05, CloudyNoon, sun=55°, dist=9m, lat=-1.0, hdg=-1°, npcs=45)
  [..] 000708: finally start
  [..] 000708: drain tick
  [..] 000708: destroy cam
  [..] 000708: destroy 45 npcs
  [..] 000708: destroy leader
  [..] 000708: destroy follower
  [..] 000708: post-cleanup tick
  [..] 000708: finally end
  [..] 000709: spawn follower
  [..] 000709: spawn leader
  [..] 000709: spawn NPCs (near=15, scattered=30)
  [..] 000709: spawn camera
  [..] 000709: settle (no listener)
  [..] 000709: tick 10/80
  [..] 000709: tick 20/80
  [..] 000709: tick 30/80
  [..] 000709: tick 40/80
  [..] 000709: tick 50/80
  [..] 000709: tick 60/80
  [..] 000709: tick 70/80
  [..] 000709: tick 80/80
  [..] 000709: cam.listen (skip 20 stale frames)
  [OK] 000709.png  (Town05, WetNoon, sun=39°, dist=7m, lat=+0.0, hdg=+1°, npcs=45)
  [..] 000709: finally start
  [..] 000709: drain tick
  [..] 000709: destroy cam
  [..] 000709: destroy 45 npcs
  [..] 000709: destroy leader
  [..] 000709: destroy follower
  [..] 000709: post-cleanup tick
  [..] 000709: finally end
  [..] 000710: spawn follower
  [..] 000710: spawn leader
  [..] 000710: spawn NPCs (near=15, scattered=30)
  [..] 000710: spawn camera
  [..] 000710: settle (no listener)
  [..] 000710: tick 10/80
  [..] 000710: tick 20/80
  [..] 000710: tick 30/80
  [..] 000710: tick 40/80
  [..] 000710: tick 50/80
  [..] 000710: tick 60/80
  [..] 000710: tick 70/80
  [..] 000710: tick 80/80
  [..] 000710: cam.listen (skip 20 stale frames)
  [OK] 000710.png  (Town05, MidRainyNoon, sun=42°, dist=15m, lat=+1.0, hdg=-4°, npcs=45)
  [..] 000710: finally start
  [..] 000710: drain tick
  [..] 000710: destroy cam
  [..] 000710: destroy 45 npcs
  [..] 000710: destroy leader
  [..] 000710: destroy follower
  [..] 000710: post-cleanup tick
  [..] 000710: finally end
  [..] 000711: spawn follower
  [..] 000711: spawn leader
  [..] 000711: spawn NPCs (near=15, scattered=30)
  [..] 000711: spawn camera
  [..] 000711: settle (no listener)
  [..] 000711: tick 10/80
  [..] 000711: tick 20/80
  [..] 000711: tick 30/80
  [..] 000711: tick 40/80
  [..] 000711: tick 50/80
  [..] 000711: tick 60/80
  [..] 000711: tick 70/80
  [..] 000711: tick 80/80
  [..] 000711: cam.listen (skip 20 stale frames)
  [OK] 000711.png  (Town05, CloudyNoon, sun=34°, dist=13m, lat=+1.0, hdg=-4°, npcs=45)
  [..] 000711: finally start
  [..] 000711: drain tick
  [..] 000711: destroy cam
  [..] 000711: destroy 45 npcs
  [..] 000711: destroy leader
  [..] 000711: destroy follower
  [..] 000711: post-cleanup tick
  [..] 000711: finally end
  [..] 000712: spawn follower
  [..] 000712: spawn leader
  [..] 000712: spawn NPCs (near=15, scattered=30)
  [..] 000712: spawn camera
  [..] 000712: settle (no listener)
  [..] 000712: tick 10/80
  [..] 000712: tick 20/80
  [..] 000712: tick 30/80
  [..] 000712: tick 40/80
  [..] 000712: tick 50/80
  [..] 000712: tick 60/80
  [..] 000712: tick 70/80
  [..] 000712: tick 80/80
  [..] 000712: cam.listen (skip 20 stale frames)
  [OK] 000712.png  (Town05, ClearNoon, sun=59°, dist=8m, lat=+0.0, hdg=+0°, npcs=45)
  [..] 000712: finally start
  [..] 000712: drain tick
  [..] 000712: destroy cam
  [..] 000712: destroy 45 npcs
  [..] 000712: destroy leader
  [..] 000712: destroy follower
  [..] 000712: post-cleanup tick
  [..] 000712: finally end
  [..] 000713: spawn follower
  [..] 000713: spawn leader
  [..] 000713: spawn NPCs (near=15, scattered=30)
  [..] 000713: spawn camera
  [..] 000713: settle (no listener)
  [..] 000713: tick 10/80
  [..] 000713: tick 20/80
  [..] 000713: tick 30/80
  [..] 000713: tick 40/80
  [..] 000713: tick 50/80
  [..] 000713: tick 60/80
  [..] 000713: tick 70/80
  [..] 000713: tick 80/80
  [..] 000713: cam.listen (skip 20 stale frames)
  [OK] 000713.png  (Town05, MidRainyNoon, sun=49°, dist=16m, lat=+0.0, hdg=-4°, npcs=45)
  [..] 000713: finally start
  [..] 000713: drain tick
  [..] 000713: destroy cam
  [..] 000713: destroy 45 npcs
  [..] 000713: destroy leader
  [..] 000713: destroy follower
  [..] 000713: post-cleanup tick
  [..] 000713: finally end
  [SKIP] 000714: no valid lane at shift=+1 from follower lane
  [SKIP] 000714: no valid lane at shift=-1 from follower lane
  [..] 000714: spawn follower
  [..] 000714: spawn leader
  [..] 000714: spawn NPCs (near=15, scattered=30)
  [..] 000714: spawn camera
  [..] 000714: settle (no listener)
  [..] 000714: tick 10/80
  [..] 000714: tick 20/80
  [..] 000714: tick 30/80
  [..] 000714: tick 40/80
  [..] 000714: tick 50/80
  [..] 000714: tick 60/80
  [..] 000714: tick 70/80
  [..] 000714: tick 80/80
  [..] 000714: cam.listen (skip 20 stale frames)
  [OK] 000714.png  (Town05, WetNoon, sun=47°, dist=17m, lat=-1.0, hdg=-4°, npcs=45)
  [..] 000714: finally start
  [..] 000714: drain tick
  [..] 000714: destroy cam
  [..] 000714: destroy 45 npcs
  [..] 000714: destroy leader
  [..] 000714: destroy follower
  [..] 000714: post-cleanup tick
  [..] 000714: finally end
  [SKIP] 000715: no valid lane at shift=-1 from follower lane
  [..] 000715: spawn follower
  [..] 000715: spawn leader
  [..] 000715: spawn NPCs (near=15, scattered=30)
  [..] 000715: spawn camera
  [..] 000715: settle (no listener)
  [..] 000715: tick 10/80
  [..] 000715: tick 20/80
  [..] 000715: tick 30/80
  [..] 000715: tick 40/80
  [..] 000715: tick 50/80
  [..] 000715: tick 60/80
  [..] 000715: tick 70/80
  [..] 000715: tick 80/80
  [..] 000715: cam.listen (skip 20 stale frames)
  [OK] 000715.png  (Town05, WetNoon, sun=36°, dist=14m, lat=+1.0, hdg=-2°, npcs=45)
  [..] 000715: finally start
  [..] 000715: drain tick
  [..] 000715: destroy cam
  [..] 000715: destroy 45 npcs
  [..] 000715: destroy leader
  [..] 000715: destroy follower
  [..] 000715: post-cleanup tick
  [..] 000715: finally end
  [..] 000716: spawn follower
  [..] 000716: spawn leader
  [..] 000716: spawn NPCs (near=15, scattered=30)
  [..] 000716: spawn camera
  [..] 000716: settle (no listener)
  [..] 000716: tick 10/80
  [..] 000716: tick 20/80
  [..] 000716: tick 30/80
  [..] 000716: tick 40/80
  [..] 000716: tick 50/80
  [..] 000716: tick 60/80
  [..] 000716: tick 70/80
  [..] 000716: tick 80/80
  [..] 000716: cam.listen (skip 20 stale frames)
  [OK] 000716.png  (Town05, CloudyNoon, sun=48°, dist=7m, lat=+1.0, hdg=-3°, npcs=45)
  [..] 000716: finally start
  [..] 000716: drain tick
  [..] 000716: destroy cam
  [..] 000716: destroy 45 npcs
  [..] 000716: destroy leader
  [..] 000716: destroy follower
  [..] 000716: post-cleanup tick
  [..] 000716: finally end
  [..] 000717: spawn follower
  [..] 000717: spawn leader
  [..] 000717: spawn NPCs (near=15, scattered=30)
  [..] 000717: spawn camera
  [..] 000717: settle (no listener)
  [..] 000717: tick 10/80
  [..] 000717: tick 20/80
  [..] 000717: tick 30/80
  [..] 000717: tick 40/80
  [..] 000717: tick 50/80
  [..] 000717: tick 60/80
  [..] 000717: tick 70/80
  [..] 000717: tick 80/80
  [..] 000717: cam.listen (skip 20 stale frames)
  [OK] 000717.png  (Town05, MidRainyNoon, sun=29°, dist=10m, lat=+1.0, hdg=+4°, npcs=45)
  [..] 000717: finally start
  [..] 000717: drain tick
  [..] 000717: destroy cam
  [..] 000717: destroy 45 npcs
  [..] 000717: destroy leader
  [..] 000717: destroy follower
  [..] 000717: post-cleanup tick
  [..] 000717: finally end
  [SKIP] 000718: no valid lane at shift=+1 from follower lane
  [SKIP] 000718: no valid lane at shift=-1 from follower lane
  [..] 000718: spawn follower
  [..] 000718: spawn leader
  [..] 000718: spawn NPCs (near=15, scattered=30)
  [..] 000718: spawn camera
  [..] 000718: settle (no listener)
  [..] 000718: tick 10/80
  [..] 000718: tick 20/80
  [..] 000718: tick 30/80
  [..] 000718: tick 40/80
  [..] 000718: tick 50/80
  [..] 000718: tick 60/80
  [..] 000718: tick 70/80
  [..] 000718: tick 80/80
  [..] 000718: cam.listen (skip 20 stale frames)
  [OK] 000718.png  (Town05, WetNoon, sun=58°, dist=13m, lat=+0.0, hdg=+1°, npcs=45)
  [..] 000718: finally start
  [..] 000718: drain tick
  [..] 000718: destroy cam
  [..] 000718: destroy 45 npcs
  [..] 000718: destroy leader
  [..] 000718: destroy follower
  [..] 000718: post-cleanup tick
  [..] 000718: finally end
  [..] 000719: spawn follower
  [..] 000719: spawn leader
  [..] 000719: spawn NPCs (near=15, scattered=30)
  [..] 000719: spawn camera
  [..] 000719: settle (no listener)
  [..] 000719: tick 10/80
  [..] 000719: tick 20/80
  [..] 000719: tick 30/80
  [..] 000719: tick 40/80
  [..] 000719: tick 50/80
  [..] 000719: tick 60/80
  [..] 000719: tick 70/80
  [..] 000719: tick 80/80
  [..] 000719: cam.listen (skip 20 stale frames)
  [OK] 000719.png  (Town05, WetNoon, sun=68°, dist=14m, lat=+1.0, hdg=-1°, npcs=45)
  [..] 000719: finally start
  [..] 000719: drain tick
  [..] 000719: destroy cam
  [..] 000719: destroy 45 npcs
  [..] 000719: destroy leader
  [..] 000719: destroy follower
  [..] 000719: post-cleanup tick
  [..] 000719: finally end
  [SKIP] 000720: no valid lane at shift=-1 from follower lane
  [..] 000720: spawn follower
  [..] 000720: spawn leader
  [..] 000720: spawn NPCs (near=15, scattered=30)
  [..] 000720: spawn camera
  [..] 000720: settle (no listener)
  [..] 000720: tick 10/80
  [..] 000720: tick 20/80
  [..] 000720: tick 30/80
  [..] 000720: tick 40/80
  [..] 000720: tick 50/80
  [..] 000720: tick 60/80
  [..] 000720: tick 70/80
  [..] 000720: tick 80/80
  [..] 000720: cam.listen (skip 20 stale frames)
  [OK] 000720.png  (Town05, MidRainyNoon, sun=54°, dist=15m, lat=+0.0, hdg=-2°, npcs=45)
  [..] 000720: finally start
  [..] 000720: drain tick
  [..] 000720: destroy cam
  [..] 000720: destroy 45 npcs
  [..] 000720: destroy leader
  [..] 000720: destroy follower
  [..] 000720: post-cleanup tick
  [..] 000720: finally end
  [..] 000721: spawn follower
  [..] 000721: spawn leader
  [..] 000721: spawn NPCs (near=15, scattered=30)
  [..] 000721: spawn camera
  [..] 000721: settle (no listener)
  [..] 000721: tick 10/80
  [..] 000721: tick 20/80
  [..] 000721: tick 30/80
  [..] 000721: tick 40/80
  [..] 000721: tick 50/80
  [..] 000721: tick 60/80
  [..] 000721: tick 70/80
  [..] 000721: tick 80/80
  [..] 000721: cam.listen (skip 20 stale frames)
  [OK] 000721.png  (Town05, WetNoon, sun=68°, dist=12m, lat=+1.0, hdg=-1°, npcs=45)
  [..] 000721: finally start
  [..] 000721: drain tick
  [..] 000721: destroy cam
  [..] 000721: destroy 45 npcs
  [..] 000721: destroy leader
  [..] 000721: destroy follower
  [..] 000721: post-cleanup tick
  [..] 000721: finally end
  [..] 000722: spawn follower
  [..] 000722: spawn leader
  [..] 000722: spawn NPCs (near=15, scattered=30)
  [..] 000722: spawn camera
  [..] 000722: settle (no listener)
  [..] 000722: tick 10/80
  [..] 000722: tick 20/80
  [..] 000722: tick 30/80
  [..] 000722: tick 40/80
  [..] 000722: tick 50/80
  [..] 000722: tick 60/80
  [..] 000722: tick 70/80
  [..] 000722: tick 80/80
  [..] 000722: cam.listen (skip 20 stale frames)
  [OK] 000722.png  (Town05, WetNoon, sun=26°, dist=17m, lat=+1.0, hdg=-0°, npcs=45)
  [..] 000722: finally start
  [..] 000722: drain tick
  [..] 000722: destroy cam
  [..] 000722: destroy 45 npcs
  [..] 000722: destroy leader
  [..] 000722: destroy follower
  [..] 000722: post-cleanup tick
  [..] 000722: finally end
  [SKIP] 000723: no valid lane at shift=-1 from follower lane
  [..] 000723: spawn follower
  [..] 000723: spawn leader
  [..] 000723: spawn NPCs (near=15, scattered=30)
  [..] 000723: spawn camera
  [..] 000723: settle (no listener)
  [..] 000723: tick 10/80
  [..] 000723: tick 20/80
  [..] 000723: tick 30/80
  [..] 000723: tick 40/80
  [..] 000723: tick 50/80
  [..] 000723: tick 60/80
  [..] 000723: tick 70/80
  [..] 000723: tick 80/80
  [..] 000723: cam.listen (skip 20 stale frames)
  [OK] 000723.png  (Town05, ClearNoon, sun=41°, dist=10m, lat=+1.0, hdg=-4°, npcs=45)
  [..] 000723: finally start
  [..] 000723: drain tick
  [..] 000723: destroy cam
  [..] 000723: destroy 45 npcs
  [..] 000723: destroy leader
  [..] 000723: destroy follower
  [..] 000723: post-cleanup tick
  [..] 000723: finally end
  [..] 000724: spawn follower
  [..] 000724: spawn leader
  [..] 000724: spawn NPCs (near=15, scattered=30)
  [..] 000724: spawn camera
  [..] 000724: settle (no listener)
  [..] 000724: tick 10/80
  [..] 000724: tick 20/80
  [..] 000724: tick 30/80
  [..] 000724: tick 40/80
  [..] 000724: tick 50/80
  [..] 000724: tick 60/80
  [..] 000724: tick 70/80
  [..] 000724: tick 80/80
  [..] 000724: cam.listen (skip 20 stale frames)
  [OK] 000724.png  (Town05, MidRainyNoon, sun=39°, dist=11m, lat=-1.0, hdg=-2°, npcs=45)
  [..] 000724: finally start
  [..] 000724: drain tick
  [..] 000724: destroy cam
  [..] 000724: destroy 45 npcs
  [..] 000724: destroy leader
  [..] 000724: destroy follower
  [..] 000724: post-cleanup tick
  [..] 000724: finally end

Done. 724 frame(s) saved → data/chroma_key_dataset/capture_20260609_014138_marker
   Town05                 200 / 200  [OK]
Index: data/chroma_key_dataset/capture_20260609_014138_marker/captures_index.csv
[02:02:17] DONE

============================================================
 TOWN: Town10HD_Opt
============================================================
>>> stopping CARLA
 168670>>> launching CarlaUE4.sh (headless, off-screen render)
>>> CARLA up and listening on :2000
################################################################
# CHROMA-KEY CAPTURE — 2026-06-09 02:02:49
################################################################
  towns          : Town10HD_Opt
  weather        : ClearNoon CloudyNoon WetNoon MidRainyNoon
  sun_alts       : 70 55 40 25
  distances      : 6 10 14 18
  lateral_offs   : -1 0 1
  heading_offs   : -5 0 5
  npc_count      : 15  (radius 80 m)
  npc_scattered  : 30  (random across map)
  spawn_pool     : 6
  leader         : vehicle.carlamotors.carlacola
  follower       : vehicle.tesla.model3
  max_frames     : 99999
  shuffle        : 1
  continuous     : 1  (per-town: 200)
  sun_range      : 25 70
  dist_range     : 6 18
  heading_range  : -5 5
  seed           : 42
  log            : /dev/null


Connecting to CARLA at localhost:2000 (timeout=180s) ...
Continuous sampling: 400 attempts across 1 towns (200/town)
Sampled : 400 frame(s) (shuffled)
   Town10HD_Opt          400
Out     : data/chroma_key_dataset/capture_20260609_014138_marker

[resume] appending to existing run, starting frame_id 000725

--- Loading Town10HD_Opt ---
WARNING: Version mismatch detected: You are trying to connect to a simulator that might be incompatible with this API 
WARNING: Client API version     = 0.9.15 
WARNING: Simulator API version  = 0.9.15.2 
  warmup: 100 ticks
  [SKIP] 000725: no valid lane at shift=-1 from follower lane
  [..] 000725: spawn follower
  [..] 000725: spawn leader
  [..] 000725: spawn NPCs (near=15, scattered=30)
  [..] 000725: spawn camera
  [..] 000725: settle (no listener)
  [..] 000725: tick 10/80
  [..] 000725: tick 20/80
  [..] 000725: tick 30/80
  [..] 000725: tick 40/80
  [..] 000725: tick 50/80
  [..] 000725: tick 60/80
  [..] 000725: tick 70/80
  [..] 000725: tick 80/80
  [..] 000725: cam.listen (skip 20 stale frames)
  [OK] 000725.png  (Town10HD_Opt, MidRainyNoon, sun=58°, dist=18m, lat=+0.0, hdg=+1°, npcs=45)
  [..] 000725: finally start
  [..] 000725: drain tick
  [..] 000725: destroy cam
  [..] 000725: destroy 45 npcs
  [..] 000725: destroy leader
  [..] 000725: destroy follower
  [..] 000725: post-cleanup tick
  [..] 000725: finally end
  [..] 000726: spawn follower
  [..] 000726: spawn leader
  [..] 000726: spawn NPCs (near=15, scattered=30)
  [..] 000726: spawn camera
  [..] 000726: settle (no listener)
  [..] 000726: tick 10/80
  [..] 000726: tick 20/80
  [..] 000726: tick 30/80
  [..] 000726: tick 40/80
  [..] 000726: tick 50/80
  [..] 000726: tick 60/80
  [..] 000726: tick 70/80
  [..] 000726: tick 80/80
  [..] 000726: cam.listen (skip 20 stale frames)
  [OK] 000726.png  (Town10HD_Opt, CloudyNoon, sun=46°, dist=18m, lat=+0.0, hdg=+1°, npcs=45)
  [..] 000726: finally start
  [..] 000726: drain tick
  [..] 000726: destroy cam
  [..] 000726: destroy 45 npcs
  [..] 000726: destroy leader
  [..] 000726: destroy follower
  [..] 000726: post-cleanup tick
  [..] 000726: finally end
  [SKIP] 000727: no valid lane at shift=+1 from follower lane
  [..] 000727: spawn follower
  [..] 000727: spawn leader
  [..] 000727: spawn NPCs (near=15, scattered=30)
  [..] 000727: spawn camera
  [..] 000727: settle (no listener)
  [..] 000727: tick 10/80
  [..] 000727: tick 20/80
  [..] 000727: tick 30/80
  [..] 000727: tick 40/80
  [..] 000727: tick 50/80
  [..] 000727: tick 60/80
  [..] 000727: tick 70/80
  [..] 000727: tick 80/80
  [..] 000727: cam.listen (skip 20 stale frames)
  [OK] 000727.png  (Town10HD_Opt, WetNoon, sun=37°, dist=11m, lat=+0.0, hdg=+5°, npcs=45)
  [..] 000727: finally start
  [..] 000727: drain tick
  [..] 000727: destroy cam
  [..] 000727: destroy 45 npcs
  [..] 000727: destroy leader
  [..] 000727: destroy follower
  [..] 000727: post-cleanup tick
  [..] 000727: finally end
  [SKIP] 000728: no valid lane at shift=-1 from follower lane
  [..] 000728: spawn follower
  [..] 000728: spawn leader
  [..] 000728: spawn NPCs (near=15, scattered=30)
  [..] 000728: spawn camera
  [..] 000728: settle (no listener)
  [..] 000728: tick 10/80
  [..] 000728: tick 20/80
  [..] 000728: tick 30/80
  [..] 000728: tick 40/80
  [..] 000728: tick 50/80
  [..] 000728: tick 60/80
  [..] 000728: tick 70/80
  [..] 000728: tick 80/80
  [..] 000728: cam.listen (skip 20 stale frames)
  [OK] 000728.png  (Town10HD_Opt, ClearNoon, sun=61°, dist=16m, lat=-1.0, hdg=-4°, npcs=45)
  [..] 000728: finally start
  [..] 000728: drain tick
  [..] 000728: destroy cam
  [..] 000728: destroy 45 npcs
  [..] 000728: destroy leader
  [..] 000728: destroy follower
  [..] 000728: post-cleanup tick
  [..] 000728: finally end
  [..] 000729: spawn follower
  [..] 000729: spawn leader
  [..] 000729: spawn NPCs (near=15, scattered=30)
  [..] 000729: spawn camera
  [..] 000729: settle (no listener)
  [..] 000729: tick 10/80
  [..] 000729: tick 20/80
  [..] 000729: tick 30/80
  [..] 000729: tick 40/80
  [..] 000729: tick 50/80
  [..] 000729: tick 60/80
  [..] 000729: tick 70/80
  [..] 000729: tick 80/80
  [..] 000729: cam.listen (skip 20 stale frames)
  [OK] 000729.png  (Town10HD_Opt, MidRainyNoon, sun=62°, dist=11m, lat=-1.0, hdg=+1°, npcs=45)
  [..] 000729: finally start
  [..] 000729: drain tick
  [..] 000729: destroy cam
  [..] 000729: destroy 45 npcs
  [..] 000729: destroy leader
  [..] 000729: destroy follower
  [..] 000729: post-cleanup tick
  [..] 000729: finally end
  [..] 000730: spawn follower
  [..] 000730: spawn leader
  [..] 000730: spawn NPCs (near=15, scattered=30)
  [..] 000730: spawn camera
  [..] 000730: settle (no listener)
  [..] 000730: tick 10/80
  [..] 000730: tick 20/80
  [..] 000730: tick 30/80
  [..] 000730: tick 40/80
  [..] 000730: tick 50/80
  [..] 000730: tick 60/80
  [..] 000730: tick 70/80
  [..] 000730: tick 80/80
  [..] 000730: cam.listen (skip 20 stale frames)
  [OK] 000730.png  (Town10HD_Opt, CloudyNoon, sun=44°, dist=17m, lat=+0.0, hdg=+1°, npcs=45)
  [..] 000730: finally start
  [..] 000730: drain tick
  [..] 000730: destroy cam
  [..] 000730: destroy 45 npcs
  [..] 000730: destroy leader
  [..] 000730: destroy follower
  [..] 000730: post-cleanup tick
  [..] 000730: finally end
  [SKIP] 000731: no valid lane at shift=+1 from follower lane
  [..] 000731: spawn follower
  [..] 000731: spawn leader
  [..] 000731: spawn NPCs (near=15, scattered=30)
  [..] 000731: spawn camera
  [..] 000731: settle (no listener)
  [..] 000731: tick 10/80
  [..] 000731: tick 20/80
  [..] 000731: tick 30/80
  [..] 000731: tick 40/80
  [..] 000731: tick 50/80
  [..] 000731: tick 60/80
  [..] 000731: tick 70/80
  [..] 000731: tick 80/80
  [..] 000731: cam.listen (skip 20 stale frames)
  [OK] 000731.png  (Town10HD_Opt, ClearNoon, sun=42°, dist=15m, lat=+0.0, hdg=+1°, npcs=45)
  [..] 000731: finally start
  [..] 000731: drain tick
  [..] 000731: destroy cam
  [..] 000731: destroy 45 npcs
  [..] 000731: destroy leader
  [..] 000731: destroy follower
  [..] 000731: post-cleanup tick
  [..] 000731: finally end
  [SKIP] 000732: no valid lane at shift=-1 from follower lane
  [SKIP] 000732: no valid lane at shift=+1 from follower lane
  [..] 000732: spawn follower
  [..] 000732: spawn leader
  [..] 000732: spawn NPCs (near=15, scattered=30)
  [..] 000732: spawn camera
  [..] 000732: settle (no listener)
  [..] 000732: tick 10/80
  [..] 000732: tick 20/80
  [..] 000732: tick 30/80
  [..] 000732: tick 40/80
  [..] 000732: tick 50/80
  [..] 000732: tick 60/80
  [..] 000732: tick 70/80
  [..] 000732: tick 80/80
  [..] 000732: cam.listen (skip 20 stale frames)
  [OK] 000732.png  (Town10HD_Opt, MidRainyNoon, sun=52°, dist=6m, lat=-1.0, hdg=-3°, npcs=45)
  [..] 000732: finally start
  [..] 000732: drain tick
  [..] 000732: destroy cam
  [..] 000732: destroy 45 npcs
  [..] 000732: destroy leader
  [..] 000732: destroy follower
  [..] 000732: post-cleanup tick
  [..] 000732: finally end
  [..] 000733: spawn follower
  [..] 000733: spawn leader
  [..] 000733: spawn NPCs (near=15, scattered=30)
  [..] 000733: spawn camera
  [..] 000733: settle (no listener)
  [..] 000733: tick 10/80
  [..] 000733: tick 20/80
  [..] 000733: tick 30/80
  [..] 000733: tick 40/80
  [..] 000733: tick 50/80
  [..] 000733: tick 60/80
  [..] 000733: tick 70/80
  [..] 000733: tick 80/80
  [..] 000733: cam.listen (skip 20 stale frames)
  [OK] 000733.png  (Town10HD_Opt, CloudyNoon, sun=40°, dist=9m, lat=+0.0, hdg=-1°, npcs=45)
  [..] 000733: finally start
  [..] 000733: drain tick
  [..] 000733: destroy cam
  [..] 000733: destroy 45 npcs
  [..] 000733: destroy leader
  [..] 000733: destroy follower
  [..] 000733: post-cleanup tick
  [..] 000733: finally end
  [SKIP] 000734: no valid lane at shift=-1 from follower lane
  [..] 000734: spawn follower
  [..] 000734: spawn leader
  [..] 000734: spawn NPCs (near=15, scattered=30)
  [..] 000734: spawn camera
  [..] 000734: settle (no listener)
  [..] 000734: tick 10/80
  [..] 000734: tick 20/80
  [..] 000734: tick 30/80
  [..] 000734: tick 40/80
  [..] 000734: tick 50/80
  [..] 000734: tick 60/80
  [..] 000734: tick 70/80
  [..] 000734: tick 80/80
  [..] 000734: cam.listen (skip 20 stale frames)
  [OK] 000734.png  (Town10HD_Opt, WetNoon, sun=43°, dist=13m, lat=+0.0, hdg=+1°, npcs=45)
  [..] 000734: finally start
  [..] 000734: drain tick
  [..] 000734: destroy cam
  [..] 000734: destroy 45 npcs
  [..] 000734: destroy leader
  [..] 000734: destroy follower
  [..] 000734: post-cleanup tick
  [..] 000734: finally end
  [..] 000735: spawn follower
  [..] 000735: spawn leader
  [..] 000735: spawn NPCs (near=15, scattered=30)
  [..] 000735: spawn camera
  [..] 000735: settle (no listener)
  [..] 000735: tick 10/80
  [..] 000735: tick 20/80
  [..] 000735: tick 30/80
  [..] 000735: tick 40/80
  [..] 000735: tick 50/80
  [..] 000735: tick 60/80
  [..] 000735: tick 70/80
  [..] 000735: tick 80/80
  [..] 000735: cam.listen (skip 20 stale frames)
  [OK] 000735.png  (Town10HD_Opt, CloudyNoon, sun=46°, dist=13m, lat=-1.0, hdg=-5°, npcs=45)
  [..] 000735: finally start
  [..] 000735: drain tick
  [..] 000735: destroy cam
  [..] 000735: destroy 45 npcs
  [..] 000735: destroy leader
  [..] 000735: destroy follower
  [..] 000735: post-cleanup tick
  [..] 000735: finally end
  [..] 000736: spawn follower
  [..] 000736: spawn leader
  [..] 000736: spawn NPCs (near=15, scattered=30)
  [..] 000736: spawn camera
  [..] 000736: settle (no listener)
  [..] 000736: tick 10/80
  [..] 000736: tick 20/80
  [..] 000736: tick 30/80
  [..] 000736: tick 40/80
  [..] 000736: tick 50/80
  [..] 000736: tick 60/80
  [..] 000736: tick 70/80
  [..] 000736: tick 80/80
  [..] 000736: cam.listen (skip 20 stale frames)
  [OK] 000736.png  (Town10HD_Opt, ClearNoon, sun=28°, dist=6m, lat=+0.0, hdg=-4°, npcs=45)
  [..] 000736: finally start
  [..] 000736: drain tick
  [..] 000736: destroy cam
  [..] 000736: destroy 45 npcs
  [..] 000736: destroy leader
  [..] 000736: destroy follower
  [..] 000736: post-cleanup tick
  [..] 000736: finally end
  [SKIP] 000737: no valid lane at shift=+1 from follower lane
  [..] 000737: spawn follower
  [..] 000737: spawn leader
  [..] 000737: spawn NPCs (near=15, scattered=30)
  [..] 000737: spawn camera
  [..] 000737: settle (no listener)
  [..] 000737: tick 10/80
  [..] 000737: tick 20/80
  [..] 000737: tick 30/80
  [..] 000737: tick 40/80
  [..] 000737: tick 50/80
  [..] 000737: tick 60/80
  [..] 000737: tick 70/80
  [..] 000737: tick 80/80
  [..] 000737: cam.listen (skip 20 stale frames)
  [OK] 000737.png  (Town10HD_Opt, CloudyNoon, sun=38°, dist=7m, lat=+0.0, hdg=+2°, npcs=45)
  [..] 000737: finally start
  [..] 000737: drain tick
  [..] 000737: destroy cam
  [..] 000737: destroy 45 npcs
  [..] 000737: destroy leader
  [..] 000737: destroy follower
  [..] 000737: post-cleanup tick
  [..] 000737: finally end
  [..] 000738: spawn follower
  [..] 000738: spawn leader
  [..] 000738: spawn NPCs (near=15, scattered=30)
  [..] 000738: spawn camera
  [..] 000738: settle (no listener)
  [..] 000738: tick 10/80
  [..] 000738: tick 20/80
  [..] 000738: tick 30/80
  [..] 000738: tick 40/80
  [..] 000738: tick 50/80
  [..] 000738: tick 60/80
  [..] 000738: tick 70/80
  [..] 000738: tick 80/80
  [..] 000738: cam.listen (skip 20 stale frames)
  [OK] 000738.png  (Town10HD_Opt, CloudyNoon, sun=33°, dist=13m, lat=+0.0, hdg=+1°, npcs=45)
  [..] 000738: finally start
  [..] 000738: drain tick
  [..] 000738: destroy cam
  [..] 000738: destroy 45 npcs
  [..] 000738: destroy leader
  [..] 000738: destroy follower
  [..] 000738: post-cleanup tick
  [..] 000738: finally end
  [SKIP] 000739: no valid lane at shift=+1 from follower lane
  [SKIP] 000739: no valid lane at shift=-1 from follower lane
  [..] 000739: spawn follower
  [..] 000739: spawn leader
  [..] 000739: spawn NPCs (near=15, scattered=30)
  [..] 000739: spawn camera
  [..] 000739: settle (no listener)
  [..] 000739: tick 10/80
  [..] 000739: tick 20/80
  [..] 000739: tick 30/80
  [..] 000739: tick 40/80
  [..] 000739: tick 50/80
  [..] 000739: tick 60/80
  [..] 000739: tick 70/80
  [..] 000739: tick 80/80
  [..] 000739: cam.listen (skip 20 stale frames)
  [OK] 000739.png  (Town10HD_Opt, CloudyNoon, sun=61°, dist=9m, lat=-1.0, hdg=+1°, npcs=45)
  [..] 000739: finally start
  [..] 000739: drain tick
  [..] 000739: destroy cam
  [..] 000739: destroy 45 npcs
  [..] 000739: destroy leader
  [..] 000739: destroy follower
  [..] 000739: post-cleanup tick
  [..] 000739: finally end
  [..] 000740: spawn follower
  [..] 000740: spawn leader
  [..] 000740: spawn NPCs (near=15, scattered=30)
  [..] 000740: spawn camera
  [..] 000740: settle (no listener)
  [..] 000740: tick 10/80
  [..] 000740: tick 20/80
  [..] 000740: tick 30/80
  [..] 000740: tick 40/80
  [..] 000740: tick 50/80
  [..] 000740: tick 60/80
  [..] 000740: tick 70/80
  [..] 000740: tick 80/80
  [..] 000740: cam.listen (skip 20 stale frames)
  [OK] 000740.png  (Town10HD_Opt, WetNoon, sun=39°, dist=11m, lat=+0.0, hdg=-1°, npcs=45)
  [..] 000740: finally start
  [..] 000740: drain tick
  [..] 000740: destroy cam
  [..] 000740: destroy 45 npcs
  [..] 000740: destroy leader
  [..] 000740: destroy follower
  [..] 000740: post-cleanup tick
  [..] 000740: finally end
  [SKIP] 000741: no valid lane at shift=+1 from follower lane
  [SKIP] 000741: no valid lane at shift=+1 from follower lane
  [..] 000741: spawn follower
  [..] 000741: spawn leader
  [..] 000741: spawn NPCs (near=15, scattered=30)
  [..] 000741: spawn camera
  [..] 000741: settle (no listener)
  [..] 000741: tick 10/80
  [..] 000741: tick 20/80
  [..] 000741: tick 30/80
  [..] 000741: tick 40/80
  [..] 000741: tick 50/80
  [..] 000741: tick 60/80
  [..] 000741: tick 70/80
  [..] 000741: tick 80/80
  [..] 000741: cam.listen (skip 20 stale frames)
  [OK] 000741.png  (Town10HD_Opt, WetNoon, sun=59°, dist=11m, lat=+0.0, hdg=-2°, npcs=45)
  [..] 000741: finally start
  [..] 000741: drain tick
  [..] 000741: destroy cam
  [..] 000741: destroy 45 npcs
  [..] 000741: destroy leader
  [..] 000741: destroy follower
  [..] 000741: post-cleanup tick
  [..] 000741: finally end
  [SKIP] 000742: no valid lane at shift=-1 from follower lane
  [SKIP] 000742: no valid lane at shift=+1 from follower lane
  [SKIP] 000742: no valid lane at shift=-1 from follower lane
  [SKIP] 000742: no valid lane at shift=-1 from follower lane
  [SKIP] 000742: no valid lane at shift=+1 from follower lane
  [..] 000742: spawn follower
  [..] 000742: spawn leader
  [..] 000742: spawn NPCs (near=15, scattered=30)
  [..] 000742: spawn camera
  [..] 000742: settle (no listener)
  [..] 000742: tick 10/80
  [..] 000742: tick 20/80
  [..] 000742: tick 30/80
  [..] 000742: tick 40/80
  [..] 000742: tick 50/80
  [..] 000742: tick 60/80
  [..] 000742: tick 70/80
  [..] 000742: tick 80/80
  [..] 000742: cam.listen (skip 20 stale frames)
  [OK] 000742.png  (Town10HD_Opt, MidRainyNoon, sun=54°, dist=12m, lat=-1.0, hdg=+2°, npcs=45)
  [..] 000742: finally start
  [..] 000742: drain tick
  [..] 000742: destroy cam
  [..] 000742: destroy 45 npcs
  [..] 000742: destroy leader
  [..] 000742: destroy follower
  [..] 000742: post-cleanup tick
  [..] 000742: finally end
  [SKIP] 000743: no valid lane at shift=+1 from follower lane
  [SKIP] 000743: no valid lane at shift=-1 from follower lane
  [..] 000743: spawn follower
  [..] 000743: spawn leader
  [..] 000743: spawn NPCs (near=15, scattered=30)
  [..] 000743: spawn camera
  [..] 000743: settle (no listener)
  [..] 000743: tick 10/80
  [..] 000743: tick 20/80
  [..] 000743: tick 30/80
  [..] 000743: tick 40/80
  [..] 000743: tick 50/80
  [..] 000743: tick 60/80
  [..] 000743: tick 70/80
  [..] 000743: tick 80/80
  [..] 000743: cam.listen (skip 20 stale frames)
  [OK] 000743.png  (Town10HD_Opt, CloudyNoon, sun=56°, dist=15m, lat=-1.0, hdg=+1°, npcs=45)
  [..] 000743: finally start
  [..] 000743: drain tick
  [..] 000743: destroy cam
  [..] 000743: destroy 45 npcs
  [..] 000743: destroy leader
  [..] 000743: destroy follower
  [..] 000743: post-cleanup tick
  [..] 000743: finally end
  [..] 000744: spawn follower
  [..] 000744: spawn leader
  [..] 000744: spawn NPCs (near=15, scattered=30)
  [..] 000744: spawn camera
  [..] 000744: settle (no listener)
  [..] 000744: tick 10/80
  [..] 000744: tick 20/80
  [..] 000744: tick 30/80
  [..] 000744: tick 40/80
  [..] 000744: tick 50/80
  [..] 000744: tick 60/80
  [..] 000744: tick 70/80
  [..] 000744: tick 80/80
  [..] 000744: cam.listen (skip 20 stale frames)
  [OK] 000744.png  (Town10HD_Opt, CloudyNoon, sun=54°, dist=18m, lat=-1.0, hdg=+3°, npcs=45)
  [..] 000744: finally start
  [..] 000744: drain tick
  [..] 000744: destroy cam
  [..] 000744: destroy 45 npcs
  [..] 000744: destroy leader
  [..] 000744: destroy follower
  [..] 000744: post-cleanup tick
  [..] 000744: finally end
  [..] 000745: spawn follower
  [..] 000745: spawn leader
  [..] 000745: spawn NPCs (near=15, scattered=30)
  [..] 000745: spawn camera
  [..] 000745: settle (no listener)
  [..] 000745: tick 10/80
  [..] 000745: tick 20/80
  [..] 000745: tick 30/80
  [..] 000745: tick 40/80
  [..] 000745: tick 50/80
  [..] 000745: tick 60/80
  [..] 000745: tick 70/80
  [..] 000745: tick 80/80
  [..] 000745: cam.listen (skip 20 stale frames)
  [OK] 000745.png  (Town10HD_Opt, MidRainyNoon, sun=38°, dist=15m, lat=+0.0, hdg=-3°, npcs=45)
  [..] 000745: finally start
  [..] 000745: drain tick
  [..] 000745: destroy cam
  [..] 000745: destroy 45 npcs
  [..] 000745: destroy leader
  [..] 000745: destroy follower
  [..] 000745: post-cleanup tick
  [..] 000745: finally end
  [..] 000746: spawn follower
  [..] 000746: spawn leader
  [..] 000746: spawn NPCs (near=15, scattered=30)
  [..] 000746: spawn camera
  [..] 000746: settle (no listener)
  [..] 000746: tick 10/80
  [..] 000746: tick 20/80
  [..] 000746: tick 30/80
  [..] 000746: tick 40/80
  [..] 000746: tick 50/80
  [..] 000746: tick 60/80
  [..] 000746: tick 70/80
  [..] 000746: tick 80/80
  [..] 000746: cam.listen (skip 20 stale frames)
  [OK] 000746.png  (Town10HD_Opt, CloudyNoon, sun=45°, dist=9m, lat=+0.0, hdg=+3°, npcs=45)
  [..] 000746: finally start
  [..] 000746: drain tick
  [..] 000746: destroy cam
  [..] 000746: destroy 45 npcs
  [..] 000746: destroy leader
  [..] 000746: destroy follower
  [..] 000746: post-cleanup tick
  [..] 000746: finally end
  [SKIP] 000747: no valid lane at shift=+1 from follower lane
  [..] 000747: spawn follower
  [..] 000747: spawn leader
  [..] 000747: spawn NPCs (near=15, scattered=30)
  [..] 000747: spawn camera
  [..] 000747: settle (no listener)
  [..] 000747: tick 10/80
  [..] 000747: tick 20/80
  [..] 000747: tick 30/80
  [..] 000747: tick 40/80
  [..] 000747: tick 50/80
  [..] 000747: tick 60/80
  [..] 000747: tick 70/80
  [..] 000747: tick 80/80
  [..] 000747: cam.listen (skip 20 stale frames)
  [OK] 000747.png  (Town10HD_Opt, WetNoon, sun=39°, dist=8m, lat=+1.0, hdg=+0°, npcs=45)
  [..] 000747: finally start
  [..] 000747: drain tick
  [..] 000747: destroy cam
  [..] 000747: destroy 45 npcs
  [..] 000747: destroy leader
  [..] 000747: destroy follower
  [..] 000747: post-cleanup tick
  [..] 000747: finally end
  [..] 000748: spawn follower
  [..] 000748: spawn leader
  [..] 000748: spawn NPCs (near=15, scattered=30)
  [..] 000748: spawn camera
  [..] 000748: settle (no listener)
  [..] 000748: tick 10/80
  [..] 000748: tick 20/80
  [..] 000748: tick 30/80
  [..] 000748: tick 40/80
  [..] 000748: tick 50/80
  [..] 000748: tick 60/80
  [..] 000748: tick 70/80
  [..] 000748: tick 80/80
  [..] 000748: cam.listen (skip 20 stale frames)
  [OK] 000748.png  (Town10HD_Opt, ClearNoon, sun=59°, dist=16m, lat=+0.0, hdg=+3°, npcs=45)
  [..] 000748: finally start
  [..] 000748: drain tick
  [..] 000748: destroy cam
  [..] 000748: destroy 45 npcs
  [..] 000748: destroy leader
  [..] 000748: destroy follower
  [..] 000748: post-cleanup tick
  [..] 000748: finally end
  [..] 000749: spawn follower
  [..] 000749: spawn leader
  [..] 000749: spawn NPCs (near=15, scattered=30)
  [..] 000749: spawn camera
  [..] 000749: settle (no listener)
  [..] 000749: tick 10/80
  [..] 000749: tick 20/80
  [..] 000749: tick 30/80
  [..] 000749: tick 40/80
  [..] 000749: tick 50/80
  [..] 000749: tick 60/80
  [..] 000749: tick 70/80
  [..] 000749: tick 80/80
  [..] 000749: cam.listen (skip 20 stale frames)
  [OK] 000749.png  (Town10HD_Opt, CloudyNoon, sun=46°, dist=16m, lat=+0.0, hdg=+4°, npcs=45)
  [..] 000749: finally start
  [..] 000749: drain tick
  [..] 000749: destroy cam
  [..] 000749: destroy 45 npcs
  [..] 000749: destroy leader
  [..] 000749: destroy follower
  [..] 000749: post-cleanup tick
  [..] 000749: finally end
  [SKIP] 000750: no valid lane at shift=+1 from follower lane
  [..] 000750: spawn follower
  [..] 000750: spawn leader
  [..] 000750: spawn NPCs (near=15, scattered=30)
  [..] 000750: spawn camera
  [..] 000750: settle (no listener)
  [..] 000750: tick 10/80
  [..] 000750: tick 20/80
  [..] 000750: tick 30/80
  [..] 000750: tick 40/80
  [..] 000750: tick 50/80
  [..] 000750: tick 60/80
  [..] 000750: tick 70/80
  [..] 000750: tick 80/80
  [..] 000750: cam.listen (skip 20 stale frames)
  [OK] 000750.png  (Town10HD_Opt, WetNoon, sun=33°, dist=15m, lat=+0.0, hdg=+5°, npcs=45)
  [..] 000750: finally start
  [..] 000750: drain tick
  [..] 000750: destroy cam
  [..] 000750: destroy 45 npcs
  [..] 000750: destroy leader
  [..] 000750: destroy follower
  [..] 000750: post-cleanup tick
  [..] 000750: finally end
  [SKIP] 000751: no valid lane at shift=+1 from follower lane
  [..] 000751: spawn follower
  [..] 000751: spawn leader
  [..] 000751: spawn NPCs (near=15, scattered=30)
  [..] 000751: spawn camera
  [..] 000751: settle (no listener)
  [..] 000751: tick 10/80
  [..] 000751: tick 20/80
  [..] 000751: tick 30/80
  [..] 000751: tick 40/80
  [..] 000751: tick 50/80
  [..] 000751: tick 60/80
  [..] 000751: tick 70/80
  [..] 000751: tick 80/80
  [..] 000751: cam.listen (skip 20 stale frames)
  [OK] 000751.png  (Town10HD_Opt, ClearNoon, sun=48°, dist=10m, lat=+1.0, hdg=+1°, npcs=45)
  [..] 000751: finally start
  [..] 000751: drain tick
  [..] 000751: destroy cam
  [..] 000751: destroy 45 npcs
  [..] 000751: destroy leader
  [..] 000751: destroy follower
  [..] 000751: post-cleanup tick
  [..] 000751: finally end
  [SKIP] 000752: no valid lane at shift=-1 from follower lane
  [SKIP] 000752: no valid lane at shift=-1 from follower lane
  [..] 000752: spawn follower
  [..] 000752: spawn leader
  [..] 000752: spawn NPCs (near=15, scattered=30)
  [..] 000752: spawn camera
  [..] 000752: settle (no listener)
  [..] 000752: tick 10/80
  [..] 000752: tick 20/80
  [..] 000752: tick 30/80
  [..] 000752: tick 40/80
  [..] 000752: tick 50/80
  [..] 000752: tick 60/80
  [..] 000752: tick 70/80
  [..] 000752: tick 80/80
  [..] 000752: cam.listen (skip 20 stale frames)
  [OK] 000752.png  (Town10HD_Opt, WetNoon, sun=40°, dist=17m, lat=+1.0, hdg=+4°, npcs=45)
  [..] 000752: finally start
  [..] 000752: drain tick
  [..] 000752: destroy cam
  [..] 000752: destroy 45 npcs
  [..] 000752: destroy leader
  [..] 000752: destroy follower
  [..] 000752: post-cleanup tick
  [..] 000752: finally end
  [..] 000753: spawn follower
  [..] 000753: spawn leader
  [..] 000753: spawn NPCs (near=15, scattered=30)
  [..] 000753: spawn camera
  [..] 000753: settle (no listener)
  [..] 000753: tick 10/80
  [..] 000753: tick 20/80
  [..] 000753: tick 30/80
  [..] 000753: tick 40/80
  [..] 000753: tick 50/80
  [..] 000753: tick 60/80
  [..] 000753: tick 70/80
  [..] 000753: tick 80/80
  [..] 000753: cam.listen (skip 20 stale frames)
  [OK] 000753.png  (Town10HD_Opt, WetNoon, sun=59°, dist=13m, lat=+0.0, hdg=+3°, npcs=45)
  [..] 000753: finally start
  [..] 000753: drain tick
  [..] 000753: destroy cam
  [..] 000753: destroy 45 npcs
  [..] 000753: destroy leader
  [..] 000753: destroy follower
  [..] 000753: post-cleanup tick
  [..] 000753: finally end
  [..] 000754: spawn follower
  [..] 000754: spawn leader
  [..] 000754: spawn NPCs (near=15, scattered=30)
  [..] 000754: spawn camera
  [..] 000754: settle (no listener)
  [..] 000754: tick 10/80
  [..] 000754: tick 20/80
  [..] 000754: tick 30/80
  [..] 000754: tick 40/80
  [..] 000754: tick 50/80
  [..] 000754: tick 60/80
  [..] 000754: tick 70/80
  [..] 000754: tick 80/80
  [..] 000754: cam.listen (skip 20 stale frames)
  [OK] 000754.png  (Town10HD_Opt, MidRainyNoon, sun=44°, dist=12m, lat=+1.0, hdg=-4°, npcs=45)
  [..] 000754: finally start
  [..] 000754: drain tick
  [..] 000754: destroy cam
  [..] 000754: destroy 45 npcs
  [..] 000754: destroy leader
  [..] 000754: destroy follower
  [..] 000754: post-cleanup tick
  [..] 000754: finally end
  [..] 000755: spawn follower
  [..] 000755: spawn leader
  [..] 000755: spawn NPCs (near=15, scattered=30)
  [..] 000755: spawn camera
  [..] 000755: settle (no listener)
  [..] 000755: tick 10/80
  [..] 000755: tick 20/80
  [..] 000755: tick 30/80
  [..] 000755: tick 40/80
  [..] 000755: tick 50/80
  [..] 000755: tick 60/80
  [..] 000755: tick 70/80
  [..] 000755: tick 80/80
  [..] 000755: cam.listen (skip 20 stale frames)
  [OK] 000755.png  (Town10HD_Opt, ClearNoon, sun=54°, dist=6m, lat=+0.0, hdg=+3°, npcs=45)
  [..] 000755: finally start
  [..] 000755: drain tick
  [..] 000755: destroy cam
  [..] 000755: destroy 45 npcs
  [..] 000755: destroy leader
  [..] 000755: destroy follower
  [..] 000755: post-cleanup tick
  [..] 000755: finally end
  [..] 000756: spawn follower
  [..] 000756: spawn leader
  [..] 000756: spawn NPCs (near=15, scattered=30)
  [..] 000756: spawn camera
  [..] 000756: settle (no listener)
  [..] 000756: tick 10/80
  [..] 000756: tick 20/80
  [..] 000756: tick 30/80
  [..] 000756: tick 40/80
  [..] 000756: tick 50/80
  [..] 000756: tick 60/80
  [..] 000756: tick 70/80
  [..] 000756: tick 80/80
  [..] 000756: cam.listen (skip 20 stale frames)
  [OK] 000756.png  (Town10HD_Opt, ClearNoon, sun=44°, dist=9m, lat=+1.0, hdg=+1°, npcs=45)
  [..] 000756: finally start
  [..] 000756: drain tick
  [..] 000756: destroy cam
  [..] 000756: destroy 45 npcs
  [..] 000756: destroy leader
  [..] 000756: destroy follower
  [..] 000756: post-cleanup tick
  [..] 000756: finally end
  [..] 000757: spawn follower
  [..] 000757: spawn leader
  [..] 000757: spawn NPCs (near=15, scattered=30)
  [..] 000757: spawn camera
  [..] 000757: settle (no listener)
  [..] 000757: tick 10/80
  [..] 000757: tick 20/80
  [..] 000757: tick 30/80
  [..] 000757: tick 40/80
  [..] 000757: tick 50/80
  [..] 000757: tick 60/80
  [..] 000757: tick 70/80
  [..] 000757: tick 80/80
  [..] 000757: cam.listen (skip 20 stale frames)
  [OK] 000757.png  (Town10HD_Opt, WetNoon, sun=57°, dist=11m, lat=+0.0, hdg=+5°, npcs=45)
  [..] 000757: finally start
  [..] 000757: drain tick
  [..] 000757: destroy cam
  [..] 000757: destroy 45 npcs
  [..] 000757: destroy leader
  [..] 000757: destroy follower
  [..] 000757: post-cleanup tick
  [..] 000757: finally end
  [SKIP] 000758: no valid lane at shift=+1 from follower lane
  [SKIP] 000758: no valid lane at shift=+1 from follower lane
  [..] 000758: spawn follower
  [..] 000758: spawn leader
  [..] 000758: spawn NPCs (near=15, scattered=30)
  [..] 000758: spawn camera
  [..] 000758: settle (no listener)
  [..] 000758: tick 10/80
  [..] 000758: tick 20/80
  [..] 000758: tick 30/80
  [..] 000758: tick 40/80
  [..] 000758: tick 50/80
  [..] 000758: tick 60/80
  [..] 000758: tick 70/80
  [..] 000758: tick 80/80
  [..] 000758: cam.listen (skip 20 stale frames)
  [OK] 000758.png  (Town10HD_Opt, WetNoon, sun=48°, dist=18m, lat=+1.0, hdg=-0°, npcs=45)
  [..] 000758: finally start
  [..] 000758: drain tick
  [..] 000758: destroy cam
  [..] 000758: destroy 45 npcs
  [..] 000758: destroy leader
  [..] 000758: destroy follower
  [..] 000758: post-cleanup tick
  [..] 000758: finally end
  [..] 000759: spawn follower
  [..] 000759: spawn leader
  [..] 000759: spawn NPCs (near=15, scattered=30)
  [..] 000759: spawn camera
  [..] 000759: settle (no listener)
  [..] 000759: tick 10/80
  [..] 000759: tick 20/80
  [..] 000759: tick 30/80
  [..] 000759: tick 40/80
  [..] 000759: tick 50/80
  [..] 000759: tick 60/80
  [..] 000759: tick 70/80
  [..] 000759: tick 80/80
  [..] 000759: cam.listen (skip 20 stale frames)
  [OK] 000759.png  (Town10HD_Opt, CloudyNoon, sun=64°, dist=12m, lat=-1.0, hdg=+1°, npcs=45)
  [..] 000759: finally start
  [..] 000759: drain tick
  [..] 000759: destroy cam
  [..] 000759: destroy 45 npcs
  [..] 000759: destroy leader
  [..] 000759: destroy follower
  [..] 000759: post-cleanup tick
  [..] 000759: finally end
  [SKIP] 000760: no valid lane at shift=+1 from follower lane
  [..] 000760: spawn follower
  [..] 000760: spawn leader
  [..] 000760: spawn NPCs (near=15, scattered=30)
  [..] 000760: spawn camera
  [..] 000760: settle (no listener)
  [..] 000760: tick 10/80
  [..] 000760: tick 20/80
  [..] 000760: tick 30/80
  [..] 000760: tick 40/80
  [..] 000760: tick 50/80
  [..] 000760: tick 60/80
  [..] 000760: tick 70/80
  [..] 000760: tick 80/80
  [..] 000760: cam.listen (skip 20 stale frames)
  [OK] 000760.png  (Town10HD_Opt, MidRainyNoon, sun=45°, dist=12m, lat=+0.0, hdg=+1°, npcs=45)
  [..] 000760: finally start
  [..] 000760: drain tick
  [..] 000760: destroy cam
  [..] 000760: destroy 45 npcs
  [..] 000760: destroy leader
  [..] 000760: destroy follower
  [..] 000760: post-cleanup tick
  [..] 000760: finally end
  [SKIP] 000761: no valid lane at shift=-1 from follower lane
  [..] 000761: spawn follower
  [..] 000761: spawn leader
  [..] 000761: spawn NPCs (near=15, scattered=30)
  [..] 000761: spawn camera
  [..] 000761: settle (no listener)
  [..] 000761: tick 10/80
  [..] 000761: tick 20/80
  [..] 000761: tick 30/80
  [..] 000761: tick 40/80
  [..] 000761: tick 50/80
  [..] 000761: tick 60/80
  [..] 000761: tick 70/80
  [..] 000761: tick 80/80
  [..] 000761: cam.listen (skip 20 stale frames)
  [OK] 000761.png  (Town10HD_Opt, MidRainyNoon, sun=41°, dist=15m, lat=-1.0, hdg=-2°, npcs=45)
  [..] 000761: finally start
  [..] 000761: drain tick
  [..] 000761: destroy cam
  [..] 000761: destroy 45 npcs
  [..] 000761: destroy leader
  [..] 000761: destroy follower
  [..] 000761: post-cleanup tick
  [..] 000761: finally end
  [..] 000762: spawn follower
  [..] 000762: spawn leader
  [..] 000762: spawn NPCs (near=15, scattered=30)
  [..] 000762: spawn camera
  [..] 000762: settle (no listener)
  [..] 000762: tick 10/80
  [..] 000762: tick 20/80
  [..] 000762: tick 30/80
  [..] 000762: tick 40/80
  [..] 000762: tick 50/80
  [..] 000762: tick 60/80
  [..] 000762: tick 70/80
  [..] 000762: tick 80/80
  [..] 000762: cam.listen (skip 20 stale frames)
  [OK] 000762.png  (Town10HD_Opt, WetNoon, sun=67°, dist=15m, lat=-1.0, hdg=+1°, npcs=45)
  [..] 000762: finally start
  [..] 000762: drain tick
  [..] 000762: destroy cam
  [..] 000762: destroy 45 npcs
  [..] 000762: destroy leader
  [..] 000762: destroy follower
  [..] 000762: post-cleanup tick
  [..] 000762: finally end
  [..] 000763: spawn follower
  [..] 000763: spawn leader
  [..] 000763: spawn NPCs (near=15, scattered=30)
  [..] 000763: spawn camera
  [..] 000763: settle (no listener)
  [..] 000763: tick 10/80
  [..] 000763: tick 20/80
  [..] 000763: tick 30/80
  [..] 000763: tick 40/80
  [..] 000763: tick 50/80
  [..] 000763: tick 60/80
  [..] 000763: tick 70/80
  [..] 000763: tick 80/80
  [..] 000763: cam.listen (skip 20 stale frames)
  [OK] 000763.png  (Town10HD_Opt, WetNoon, sun=48°, dist=9m, lat=-1.0, hdg=-2°, npcs=45)
  [..] 000763: finally start
  [..] 000763: drain tick
  [..] 000763: destroy cam
  [..] 000763: destroy 45 npcs
  [..] 000763: destroy leader
  [..] 000763: destroy follower
  [..] 000763: post-cleanup tick
  [..] 000763: finally end
  [..] 000764: spawn follower
  [..] 000764: spawn leader
  [..] 000764: spawn NPCs (near=15, scattered=30)
  [..] 000764: spawn camera
  [..] 000764: settle (no listener)
  [..] 000764: tick 10/80
  [..] 000764: tick 20/80
  [..] 000764: tick 30/80
  [..] 000764: tick 40/80
  [..] 000764: tick 50/80
  [..] 000764: tick 60/80
  [..] 000764: tick 70/80
  [..] 000764: tick 80/80
  [..] 000764: cam.listen (skip 20 stale frames)
  [OK] 000764.png  (Town10HD_Opt, CloudyNoon, sun=46°, dist=15m, lat=+0.0, hdg=+3°, npcs=45)
  [..] 000764: finally start
  [..] 000764: drain tick
  [..] 000764: destroy cam
  [..] 000764: destroy 45 npcs
  [..] 000764: destroy leader
  [..] 000764: destroy follower
  [..] 000764: post-cleanup tick
  [..] 000764: finally end
  [..] 000765: spawn follower
  [..] 000765: spawn leader
  [..] 000765: spawn NPCs (near=15, scattered=30)
  [..] 000765: spawn camera
  [..] 000765: settle (no listener)
  [..] 000765: tick 10/80
  [..] 000765: tick 20/80
  [..] 000765: tick 30/80
  [..] 000765: tick 40/80
  [..] 000765: tick 50/80
  [..] 000765: tick 60/80
  [..] 000765: tick 70/80
  [..] 000765: tick 80/80
  [..] 000765: cam.listen (skip 20 stale frames)
  [OK] 000765.png  (Town10HD_Opt, ClearNoon, sun=37°, dist=8m, lat=+0.0, hdg=-1°, npcs=45)
  [..] 000765: finally start
  [..] 000765: drain tick
  [..] 000765: destroy cam
  [..] 000765: destroy 45 npcs
  [..] 000765: destroy leader
  [..] 000765: destroy follower
  [..] 000765: post-cleanup tick
  [..] 000765: finally end
  [..] 000766: spawn follower
  [..] 000766: spawn leader
  [..] 000766: spawn NPCs (near=15, scattered=30)
  [..] 000766: spawn camera
  [..] 000766: settle (no listener)
  [..] 000766: tick 10/80
  [..] 000766: tick 20/80
  [..] 000766: tick 30/80
  [..] 000766: tick 40/80
  [..] 000766: tick 50/80
  [..] 000766: tick 60/80
  [..] 000766: tick 70/80
  [..] 000766: tick 80/80
  [..] 000766: cam.listen (skip 20 stale frames)
  [OK] 000766.png  (Town10HD_Opt, ClearNoon, sun=58°, dist=9m, lat=-1.0, hdg=+2°, npcs=45)
  [..] 000766: finally start
  [..] 000766: drain tick
  [..] 000766: destroy cam
  [..] 000766: destroy 45 npcs
  [..] 000766: destroy leader
  [..] 000766: destroy follower
  [..] 000766: post-cleanup tick
  [..] 000766: finally end
  [SKIP] 000767: no valid lane at shift=+1 from follower lane
  [SKIP] 000767: no valid lane at shift=+1 from follower lane
  [..] 000767: spawn follower
  [..] 000767: spawn leader
  [..] 000767: spawn NPCs (near=15, scattered=30)
  [..] 000767: spawn camera
  [..] 000767: settle (no listener)
  [..] 000767: tick 10/80
  [..] 000767: tick 20/80
  [..] 000767: tick 30/80
  [..] 000767: tick 40/80
  [..] 000767: tick 50/80
  [..] 000767: tick 60/80
  [..] 000767: tick 70/80
  [..] 000767: tick 80/80
  [..] 000767: cam.listen (skip 20 stale frames)
  [OK] 000767.png  (Town10HD_Opt, ClearNoon, sun=68°, dist=14m, lat=-1.0, hdg=-0°, npcs=45)
  [..] 000767: finally start
  [..] 000767: drain tick
  [..] 000767: destroy cam
  [..] 000767: destroy 45 npcs
  [..] 000767: destroy leader
  [..] 000767: destroy follower
  [..] 000767: post-cleanup tick
  [..] 000767: finally end
  [SKIP] 000768: no valid lane at shift=+1 from follower lane
  [..] 000768: spawn follower
  [..] 000768: spawn leader
  [..] 000768: spawn NPCs (near=15, scattered=30)
  [..] 000768: spawn camera
  [..] 000768: settle (no listener)
  [..] 000768: tick 10/80
  [..] 000768: tick 20/80
  [..] 000768: tick 30/80
  [..] 000768: tick 40/80
  [..] 000768: tick 50/80
  [..] 000768: tick 60/80
  [..] 000768: tick 70/80
  [..] 000768: tick 80/80
  [..] 000768: cam.listen (skip 20 stale frames)
  [OK] 000768.png  (Town10HD_Opt, MidRainyNoon, sun=38°, dist=16m, lat=-1.0, hdg=+2°, npcs=45)
  [..] 000768: finally start
  [..] 000768: drain tick
  [..] 000768: destroy cam
  [..] 000768: destroy 45 npcs
  [..] 000768: destroy leader
  [..] 000768: destroy follower
  [..] 000768: post-cleanup tick
  [..] 000768: finally end
  [..] 000769: spawn follower
  [..] 000769: spawn leader
  [..] 000769: spawn NPCs (near=15, scattered=30)
  [..] 000769: spawn camera
  [..] 000769: settle (no listener)
  [..] 000769: tick 10/80
  [..] 000769: tick 20/80
  [..] 000769: tick 30/80
  [..] 000769: tick 40/80
  [..] 000769: tick 50/80
  [..] 000769: tick 60/80
  [..] 000769: tick 70/80
  [..] 000769: tick 80/80
  [..] 000769: cam.listen (skip 20 stale frames)
  [OK] 000769.png  (Town10HD_Opt, WetNoon, sun=40°, dist=13m, lat=+0.0, hdg=-2°, npcs=45)
  [..] 000769: finally start
  [..] 000769: drain tick
  [..] 000769: destroy cam
  [..] 000769: destroy 45 npcs
  [..] 000769: destroy leader
  [..] 000769: destroy follower
  [..] 000769: post-cleanup tick
  [..] 000769: finally end
  [SKIP] 000770: no valid lane at shift=-1 from follower lane
  [SKIP] 000770: no valid lane at shift=+1 from follower lane
  [..] 000770: spawn follower
  [..] 000770: spawn leader
  [..] 000770: spawn NPCs (near=15, scattered=30)
  [..] 000770: spawn camera
  [..] 000770: settle (no listener)
  [..] 000770: tick 10/80
  [..] 000770: tick 20/80
  [..] 000770: tick 30/80
  [..] 000770: tick 40/80
  [..] 000770: tick 50/80
  [..] 000770: tick 60/80
  [..] 000770: tick 70/80
  [..] 000770: tick 80/80
  [..] 000770: cam.listen (skip 20 stale frames)
  [OK] 000770.png  (Town10HD_Opt, ClearNoon, sun=36°, dist=6m, lat=-1.0, hdg=+1°, npcs=45)
  [..] 000770: finally start
  [..] 000770: drain tick
  [..] 000770: destroy cam
  [..] 000770: destroy 45 npcs
  [..] 000770: destroy leader
  [..] 000770: destroy follower
  [..] 000770: post-cleanup tick
  [..] 000770: finally end
  [SKIP] 000771: no valid lane at shift=-1 from follower lane
  [..] 000771: spawn follower
  [..] 000771: spawn leader
  [..] 000771: spawn NPCs (near=15, scattered=30)
  [..] 000771: spawn camera
  [..] 000771: settle (no listener)
  [..] 000771: tick 10/80
  [..] 000771: tick 20/80
  [..] 000771: tick 30/80
  [..] 000771: tick 40/80
  [..] 000771: tick 50/80
  [..] 000771: tick 60/80
  [..] 000771: tick 70/80
  [..] 000771: tick 80/80
  [..] 000771: cam.listen (skip 20 stale frames)
  [OK] 000771.png  (Town10HD_Opt, ClearNoon, sun=58°, dist=10m, lat=-1.0, hdg=-1°, npcs=45)
  [..] 000771: finally start
  [..] 000771: drain tick
  [..] 000771: destroy cam
  [..] 000771: destroy 45 npcs
  [..] 000771: destroy leader
  [..] 000771: destroy follower
  [..] 000771: post-cleanup tick
  [..] 000771: finally end
  [..] 000772: spawn follower
  [..] 000772: spawn leader
  [..] 000772: spawn NPCs (near=15, scattered=30)
  [..] 000772: spawn camera
  [..] 000772: settle (no listener)
  [..] 000772: tick 10/80
  [..] 000772: tick 20/80
  [..] 000772: tick 30/80
  [..] 000772: tick 40/80
  [..] 000772: tick 50/80
  [..] 000772: tick 60/80
  [..] 000772: tick 70/80
  [..] 000772: tick 80/80
  [..] 000772: cam.listen (skip 20 stale frames)
  [OK] 000772.png  (Town10HD_Opt, CloudyNoon, sun=26°, dist=15m, lat=+0.0, hdg=+3°, npcs=45)
  [..] 000772: finally start
  [..] 000772: drain tick
  [..] 000772: destroy cam
  [..] 000772: destroy 45 npcs
  [..] 000772: destroy leader
  [..] 000772: destroy follower
  [..] 000772: post-cleanup tick
  [..] 000772: finally end
  [..] 000773: spawn follower
  [..] 000773: spawn leader
  [..] 000773: spawn NPCs (near=15, scattered=30)
  [..] 000773: spawn camera
  [..] 000773: settle (no listener)
  [..] 000773: tick 10/80
  [..] 000773: tick 20/80
  [..] 000773: tick 30/80
  [..] 000773: tick 40/80
  [..] 000773: tick 50/80
  [..] 000773: tick 60/80
  [..] 000773: tick 70/80
  [..] 000773: tick 80/80
  [..] 000773: cam.listen (skip 20 stale frames)
  [OK] 000773.png  (Town10HD_Opt, CloudyNoon, sun=32°, dist=10m, lat=+1.0, hdg=-3°, npcs=45)
  [..] 000773: finally start
  [..] 000773: drain tick
  [..] 000773: destroy cam
  [..] 000773: destroy 45 npcs
  [..] 000773: destroy leader
  [..] 000773: destroy follower
  [..] 000773: post-cleanup tick
  [..] 000773: finally end
  [..] 000774: spawn follower
  [..] 000774: spawn leader
  [..] 000774: spawn NPCs (near=15, scattered=30)
  [..] 000774: spawn camera
  [..] 000774: settle (no listener)
  [..] 000774: tick 10/80
  [..] 000774: tick 20/80
  [..] 000774: tick 30/80
  [..] 000774: tick 40/80
  [..] 000774: tick 50/80
  [..] 000774: tick 60/80
  [..] 000774: tick 70/80
  [..] 000774: tick 80/80
  [..] 000774: cam.listen (skip 20 stale frames)
  [OK] 000774.png  (Town10HD_Opt, MidRainyNoon, sun=69°, dist=12m, lat=+0.0, hdg=-1°, npcs=45)
  [..] 000774: finally start
  [..] 000774: drain tick
  [..] 000774: destroy cam
  [..] 000774: destroy 45 npcs
  [..] 000774: destroy leader
  [..] 000774: destroy follower
  [..] 000774: post-cleanup tick
  [..] 000774: finally end
  [..] 000775: spawn follower
  [..] 000775: spawn leader
  [..] 000775: spawn NPCs (near=15, scattered=30)
  [..] 000775: spawn camera
  [..] 000775: settle (no listener)
  [..] 000775: tick 10/80
  [..] 000775: tick 20/80
  [..] 000775: tick 30/80
  [..] 000775: tick 40/80
  [..] 000775: tick 50/80
  [..] 000775: tick 60/80
  [..] 000775: tick 70/80
  [..] 000775: tick 80/80
  [..] 000775: cam.listen (skip 20 stale frames)
  [OK] 000775.png  (Town10HD_Opt, CloudyNoon, sun=37°, dist=15m, lat=+0.0, hdg=-2°, npcs=45)
  [..] 000775: finally start
  [..] 000775: drain tick
  [..] 000775: destroy cam
  [..] 000775: destroy 45 npcs
  [..] 000775: destroy leader
  [..] 000775: destroy follower
  [..] 000775: post-cleanup tick
  [..] 000775: finally end
  [..] 000776: spawn follower
  [..] 000776: spawn leader
  [..] 000776: spawn NPCs (near=15, scattered=30)
  [..] 000776: spawn camera
  [..] 000776: settle (no listener)
  [..] 000776: tick 10/80
  [..] 000776: tick 20/80
  [..] 000776: tick 30/80
  [..] 000776: tick 40/80
  [..] 000776: tick 50/80
  [..] 000776: tick 60/80
  [..] 000776: tick 70/80
  [..] 000776: tick 80/80
  [..] 000776: cam.listen (skip 20 stale frames)
  [OK] 000776.png  (Town10HD_Opt, WetNoon, sun=38°, dist=8m, lat=-1.0, hdg=+5°, npcs=45)
  [..] 000776: finally start
  [..] 000776: drain tick
  [..] 000776: destroy cam
  [..] 000776: destroy 45 npcs
  [..] 000776: destroy leader
  [..] 000776: destroy follower
  [..] 000776: post-cleanup tick
  [..] 000776: finally end
  [SKIP] 000777: no valid lane at shift=+1 from follower lane
  [..] 000777: spawn follower
  [..] 000777: spawn leader
  [..] 000777: spawn NPCs (near=15, scattered=30)
  [..] 000777: spawn camera
  [..] 000777: settle (no listener)
  [..] 000777: tick 10/80
  [..] 000777: tick 20/80
  [..] 000777: tick 30/80
  [..] 000777: tick 40/80
  [..] 000777: tick 50/80
  [..] 000777: tick 60/80
  [..] 000777: tick 70/80
  [..] 000777: tick 80/80
  [..] 000777: cam.listen (skip 20 stale frames)
  [OK] 000777.png  (Town10HD_Opt, WetNoon, sun=48°, dist=8m, lat=+0.0, hdg=+3°, npcs=45)
  [..] 000777: finally start
  [..] 000777: drain tick
  [..] 000777: destroy cam
  [..] 000777: destroy 45 npcs
  [..] 000777: destroy leader
  [..] 000777: destroy follower
  [..] 000777: post-cleanup tick
  [..] 000777: finally end
  [SKIP] 000778: no valid lane at shift=-1 from follower lane
  [SKIP] 000778: no valid lane at shift=-1 from follower lane
  [..] 000778: spawn follower
  [..] 000778: spawn leader
  [..] 000778: spawn NPCs (near=15, scattered=30)
  [..] 000778: spawn camera
  [..] 000778: settle (no listener)
  [..] 000778: tick 10/80
  [..] 000778: tick 20/80
  [..] 000778: tick 30/80
  [..] 000778: tick 40/80
  [..] 000778: tick 50/80
  [..] 000778: tick 60/80
  [..] 000778: tick 70/80
  [..] 000778: tick 80/80
  [..] 000778: cam.listen (skip 20 stale frames)
  [OK] 000778.png  (Town10HD_Opt, CloudyNoon, sun=66°, dist=8m, lat=+0.0, hdg=+1°, npcs=45)
  [..] 000778: finally start
  [..] 000778: drain tick
  [..] 000778: destroy cam
  [..] 000778: destroy 45 npcs
  [..] 000778: destroy leader
  [..] 000778: destroy follower
  [..] 000778: post-cleanup tick
  [..] 000778: finally end
  [..] 000779: spawn follower
  [..] 000779: spawn leader
  [..] 000779: spawn NPCs (near=15, scattered=30)
  [..] 000779: spawn camera
  [..] 000779: settle (no listener)
  [..] 000779: tick 10/80
  [..] 000779: tick 20/80
  [..] 000779: tick 30/80
  [..] 000779: tick 40/80
  [..] 000779: tick 50/80
  [..] 000779: tick 60/80
  [..] 000779: tick 70/80
  [..] 000779: tick 80/80
  [..] 000779: cam.listen (skip 20 stale frames)
  [OK] 000779.png  (Town10HD_Opt, MidRainyNoon, sun=55°, dist=7m, lat=+0.0, hdg=-4°, npcs=45)
  [..] 000779: finally start
  [..] 000779: drain tick
  [..] 000779: destroy cam
  [..] 000779: destroy 45 npcs
  [..] 000779: destroy leader
  [..] 000779: destroy follower
  [..] 000779: post-cleanup tick
  [..] 000779: finally end
  [SKIP] 000780: no valid lane at shift=+1 from follower lane
  [..] 000780: spawn follower
  [..] 000780: spawn leader
  [..] 000780: spawn NPCs (near=15, scattered=30)
  [..] 000780: spawn camera
  [..] 000780: settle (no listener)
  [..] 000780: tick 10/80
  [..] 000780: tick 20/80
  [..] 000780: tick 30/80
  [..] 000780: tick 40/80
  [..] 000780: tick 50/80
  [..] 000780: tick 60/80
  [..] 000780: tick 70/80
  [..] 000780: tick 80/80
  [..] 000780: cam.listen (skip 20 stale frames)
  [OK] 000780.png  (Town10HD_Opt, MidRainyNoon, sun=44°, dist=13m, lat=+0.0, hdg=-2°, npcs=45)
  [..] 000780: finally start
  [..] 000780: drain tick
  [..] 000780: destroy cam
  [..] 000780: destroy 45 npcs
  [..] 000780: destroy leader
  [..] 000780: destroy follower
  [..] 000780: post-cleanup tick
  [..] 000780: finally end
  [..] 000781: spawn follower
  [..] 000781: spawn leader
  [..] 000781: spawn NPCs (near=15, scattered=30)
  [..] 000781: spawn camera
  [..] 000781: settle (no listener)
  [..] 000781: tick 10/80
  [..] 000781: tick 20/80
  [..] 000781: tick 30/80
  [..] 000781: tick 40/80
  [..] 000781: tick 50/80
  [..] 000781: tick 60/80
  [..] 000781: tick 70/80
  [..] 000781: tick 80/80
  [..] 000781: cam.listen (skip 20 stale frames)
  [OK] 000781.png  (Town10HD_Opt, MidRainyNoon, sun=40°, dist=9m, lat=-1.0, hdg=-3°, npcs=45)
  [..] 000781: finally start
  [..] 000781: drain tick
  [..] 000781: destroy cam
  [..] 000781: destroy 45 npcs
  [..] 000781: destroy leader
  [..] 000781: destroy follower
  [..] 000781: post-cleanup tick
  [..] 000781: finally end
  [..] 000782: spawn follower
  [..] 000782: spawn leader
  [..] 000782: spawn NPCs (near=15, scattered=30)
  [..] 000782: spawn camera
  [..] 000782: settle (no listener)
  [..] 000782: tick 10/80
  [..] 000782: tick 20/80
  [..] 000782: tick 30/80
  [..] 000782: tick 40/80
  [..] 000782: tick 50/80
  [..] 000782: tick 60/80
  [..] 000782: tick 70/80
  [..] 000782: tick 80/80
  [..] 000782: cam.listen (skip 20 stale frames)
  [OK] 000782.png  (Town10HD_Opt, CloudyNoon, sun=56°, dist=13m, lat=-1.0, hdg=+5°, npcs=45)
  [..] 000782: finally start
  [..] 000782: drain tick
  [..] 000782: destroy cam
  [..] 000782: destroy 45 npcs
  [..] 000782: destroy leader
  [..] 000782: destroy follower
  [..] 000782: post-cleanup tick
  [..] 000782: finally end
  [..] 000783: spawn follower
  [..] 000783: spawn leader
  [..] 000783: spawn NPCs (near=15, scattered=30)
  [..] 000783: spawn camera
  [..] 000783: settle (no listener)
  [..] 000783: tick 10/80
  [..] 000783: tick 20/80
  [..] 000783: tick 30/80
  [..] 000783: tick 40/80
  [..] 000783: tick 50/80
  [..] 000783: tick 60/80
  [..] 000783: tick 70/80
  [..] 000783: tick 80/80
  [..] 000783: cam.listen (skip 20 stale frames)
  [OK] 000783.png  (Town10HD_Opt, MidRainyNoon, sun=45°, dist=8m, lat=-1.0, hdg=-2°, npcs=45)
  [..] 000783: finally start
  [..] 000783: drain tick
  [..] 000783: destroy cam
  [..] 000783: destroy 45 npcs
  [..] 000783: destroy leader
  [..] 000783: destroy follower
  [..] 000783: post-cleanup tick
  [..] 000783: finally end
  [SKIP] 000784: no valid lane at shift=+1 from follower lane
  [..] 000784: spawn follower
  [..] 000784: spawn leader
  [..] 000784: spawn NPCs (near=15, scattered=30)
  [..] 000784: spawn camera
  [..] 000784: settle (no listener)
  [..] 000784: tick 10/80
  [..] 000784: tick 20/80
  [..] 000784: tick 30/80
  [..] 000784: tick 40/80
  [..] 000784: tick 50/80
  [..] 000784: tick 60/80
  [..] 000784: tick 70/80
  [..] 000784: tick 80/80
  [..] 000784: cam.listen (skip 20 stale frames)
  [OK] 000784.png  (Town10HD_Opt, MidRainyNoon, sun=41°, dist=10m, lat=+0.0, hdg=+3°, npcs=45)
  [..] 000784: finally start
  [..] 000784: drain tick
  [..] 000784: destroy cam
  [..] 000784: destroy 45 npcs
  [..] 000784: destroy leader
  [..] 000784: destroy follower
  [..] 000784: post-cleanup tick
  [..] 000784: finally end
  [..] 000785: spawn follower
  [..] 000785: spawn leader
  [..] 000785: spawn NPCs (near=15, scattered=30)
  [..] 000785: spawn camera
  [..] 000785: settle (no listener)
  [..] 000785: tick 10/80
  [..] 000785: tick 20/80
  [..] 000785: tick 30/80
  [..] 000785: tick 40/80
  [..] 000785: tick 50/80
  [..] 000785: tick 60/80
  [..] 000785: tick 70/80
  [..] 000785: tick 80/80
  [..] 000785: cam.listen (skip 20 stale frames)
  [OK] 000785.png  (Town10HD_Opt, ClearNoon, sun=28°, dist=14m, lat=+0.0, hdg=+5°, npcs=45)
  [..] 000785: finally start
  [..] 000785: drain tick
  [..] 000785: destroy cam
  [..] 000785: destroy 45 npcs
  [..] 000785: destroy leader
  [..] 000785: destroy follower
  [..] 000785: post-cleanup tick
  [..] 000785: finally end
  [SKIP] 000786: no valid lane at shift=+1 from follower lane
  [..] 000786: spawn follower
  [..] 000786: spawn leader
  [..] 000786: spawn NPCs (near=15, scattered=30)
  [..] 000786: spawn camera
  [..] 000786: settle (no listener)
  [..] 000786: tick 10/80
  [..] 000786: tick 20/80
  [..] 000786: tick 30/80
  [..] 000786: tick 40/80
  [..] 000786: tick 50/80
  [..] 000786: tick 60/80
  [..] 000786: tick 70/80
  [..] 000786: tick 80/80
  [..] 000786: cam.listen (skip 20 stale frames)
  [OK] 000786.png  (Town10HD_Opt, MidRainyNoon, sun=37°, dist=12m, lat=-1.0, hdg=+3°, npcs=45)
  [..] 000786: finally start
  [..] 000786: drain tick
  [..] 000786: destroy cam
  [..] 000786: destroy 45 npcs
  [..] 000786: destroy leader
  [..] 000786: destroy follower
  [..] 000786: post-cleanup tick
  [..] 000786: finally end
  [SKIP] 000787: no valid lane at shift=-1 from follower lane
  [..] 000787: spawn follower
  [..] 000787: spawn leader
  [..] 000787: spawn NPCs (near=15, scattered=30)
  [..] 000787: spawn camera
  [..] 000787: settle (no listener)
  [..] 000787: tick 10/80
  [..] 000787: tick 20/80
  [..] 000787: tick 30/80
  [..] 000787: tick 40/80
  [..] 000787: tick 50/80
  [..] 000787: tick 60/80
  [..] 000787: tick 70/80
  [..] 000787: tick 80/80
  [..] 000787: cam.listen (skip 20 stale frames)
  [OK] 000787.png  (Town10HD_Opt, ClearNoon, sun=38°, dist=11m, lat=+0.0, hdg=+0°, npcs=45)
  [..] 000787: finally start
  [..] 000787: drain tick
  [..] 000787: destroy cam
  [..] 000787: destroy 45 npcs
  [..] 000787: destroy leader
  [..] 000787: destroy follower
  [..] 000787: post-cleanup tick
  [..] 000787: finally end
  [SKIP] 000788: no valid lane at shift=+1 from follower lane
  [..] 000788: spawn follower
  [..] 000788: spawn leader
  [..] 000788: spawn NPCs (near=15, scattered=30)
  [..] 000788: spawn camera
  [..] 000788: settle (no listener)
  [..] 000788: tick 10/80
  [..] 000788: tick 20/80
  [..] 000788: tick 30/80
  [..] 000788: tick 40/80
  [..] 000788: tick 50/80
  [..] 000788: tick 60/80
  [..] 000788: tick 70/80
  [..] 000788: tick 80/80
  [..] 000788: cam.listen (skip 20 stale frames)
  [OK] 000788.png  (Town10HD_Opt, ClearNoon, sun=62°, dist=13m, lat=-1.0, hdg=-0°, npcs=45)
  [..] 000788: finally start
  [..] 000788: drain tick
  [..] 000788: destroy cam
  [..] 000788: destroy 45 npcs
  [..] 000788: destroy leader
  [..] 000788: destroy follower
  [..] 000788: post-cleanup tick
  [..] 000788: finally end
  [..] 000789: spawn follower
  [..] 000789: spawn leader
  [..] 000789: spawn NPCs (near=15, scattered=30)
  [..] 000789: spawn camera
  [..] 000789: settle (no listener)
  [..] 000789: tick 10/80
  [..] 000789: tick 20/80
  [..] 000789: tick 30/80
  [..] 000789: tick 40/80
  [..] 000789: tick 50/80
  [..] 000789: tick 60/80
  [..] 000789: tick 70/80
  [..] 000789: tick 80/80
  [..] 000789: cam.listen (skip 20 stale frames)
  [OK] 000789.png  (Town10HD_Opt, WetNoon, sun=35°, dist=6m, lat=+0.0, hdg=-1°, npcs=45)
  [..] 000789: finally start
  [..] 000789: drain tick
  [..] 000789: destroy cam
  [..] 000789: destroy 45 npcs
  [..] 000789: destroy leader
  [..] 000789: destroy follower
  [..] 000789: post-cleanup tick
  [..] 000789: finally end
  [..] 000790: spawn follower
  [..] 000790: spawn leader
  [..] 000790: spawn NPCs (near=15, scattered=30)
  [..] 000790: spawn camera
  [..] 000790: settle (no listener)
  [..] 000790: tick 10/80
  [..] 000790: tick 20/80
  [..] 000790: tick 30/80
  [..] 000790: tick 40/80
  [..] 000790: tick 50/80
  [..] 000790: tick 60/80
  [..] 000790: tick 70/80
  [..] 000790: tick 80/80
  [..] 000790: cam.listen (skip 20 stale frames)
  [OK] 000790.png  (Town10HD_Opt, MidRainyNoon, sun=64°, dist=16m, lat=+0.0, hdg=-3°, npcs=45)
  [..] 000790: finally start
  [..] 000790: drain tick
  [..] 000790: destroy cam
  [..] 000790: destroy 45 npcs
  [..] 000790: destroy leader
  [..] 000790: destroy follower
  [..] 000790: post-cleanup tick
  [..] 000790: finally end
  [SKIP] 000791: no valid lane at shift=+1 from follower lane
  [..] 000791: spawn follower
  [..] 000791: spawn leader
  [..] 000791: spawn NPCs (near=15, scattered=30)
  [..] 000791: spawn camera
  [..] 000791: settle (no listener)
  [..] 000791: tick 10/80
  [..] 000791: tick 20/80
  [..] 000791: tick 30/80
  [..] 000791: tick 40/80
  [..] 000791: tick 50/80
  [..] 000791: tick 60/80
  [..] 000791: tick 70/80
  [..] 000791: tick 80/80
  [..] 000791: cam.listen (skip 20 stale frames)
  [OK] 000791.png  (Town10HD_Opt, ClearNoon, sun=26°, dist=11m, lat=-1.0, hdg=+3°, npcs=45)
  [..] 000791: finally start
  [..] 000791: drain tick
  [..] 000791: destroy cam
  [..] 000791: destroy 45 npcs
  [..] 000791: destroy leader
  [..] 000791: destroy follower
  [..] 000791: post-cleanup tick
  [..] 000791: finally end
  [..] 000792: spawn follower
  [..] 000792: spawn leader
  [..] 000792: spawn NPCs (near=15, scattered=30)
  [..] 000792: spawn camera
  [..] 000792: settle (no listener)
  [..] 000792: tick 10/80
  [..] 000792: tick 20/80
  [..] 000792: tick 30/80
  [..] 000792: tick 40/80
  [..] 000792: tick 50/80
  [..] 000792: tick 60/80
  [..] 000792: tick 70/80
  [..] 000792: tick 80/80
  [..] 000792: cam.listen (skip 20 stale frames)
  [OK] 000792.png  (Town10HD_Opt, ClearNoon, sun=40°, dist=15m, lat=-1.0, hdg=+1°, npcs=45)
  [..] 000792: finally start
  [..] 000792: drain tick
  [..] 000792: destroy cam
  [..] 000792: destroy 45 npcs
  [..] 000792: destroy leader
  [..] 000792: destroy follower
  [..] 000792: post-cleanup tick
  [..] 000792: finally end
  [SKIP] 000793: no valid lane at shift=+1 from follower lane
  [..] 000793: spawn follower
  [..] 000793: spawn leader
  [..] 000793: spawn NPCs (near=15, scattered=30)
  [..] 000793: spawn camera
  [..] 000793: settle (no listener)
  [..] 000793: tick 10/80
  [..] 000793: tick 20/80
  [..] 000793: tick 30/80
  [..] 000793: tick 40/80
  [..] 000793: tick 50/80
  [..] 000793: tick 60/80
  [..] 000793: tick 70/80
  [..] 000793: tick 80/80
  [..] 000793: cam.listen (skip 20 stale frames)
  [OK] 000793.png  (Town10HD_Opt, ClearNoon, sun=55°, dist=12m, lat=-1.0, hdg=-1°, npcs=45)
  [..] 000793: finally start
  [..] 000793: drain tick
  [..] 000793: destroy cam
  [..] 000793: destroy 45 npcs
  [..] 000793: destroy leader
  [..] 000793: destroy follower
  [..] 000793: post-cleanup tick
  [..] 000793: finally end
  [..] 000794: spawn follower
  [..] 000794: spawn leader
  [..] 000794: spawn NPCs (near=15, scattered=30)
  [..] 000794: spawn camera
  [..] 000794: settle (no listener)
  [..] 000794: tick 10/80
  [..] 000794: tick 20/80
  [..] 000794: tick 30/80
  [..] 000794: tick 40/80
  [..] 000794: tick 50/80
  [..] 000794: tick 60/80
  [..] 000794: tick 70/80
  [..] 000794: tick 80/80
  [..] 000794: cam.listen (skip 20 stale frames)
  [OK] 000794.png  (Town10HD_Opt, MidRainyNoon, sun=59°, dist=17m, lat=-1.0, hdg=+4°, npcs=45)
  [..] 000794: finally start
  [..] 000794: drain tick
  [..] 000794: destroy cam
  [..] 000794: destroy 45 npcs
  [..] 000794: destroy leader
  [..] 000794: destroy follower
  [..] 000794: post-cleanup tick
  [..] 000794: finally end
  [..] 000795: spawn follower
  [..] 000795: spawn leader
  [..] 000795: spawn NPCs (near=15, scattered=30)
  [..] 000795: spawn camera
  [..] 000795: settle (no listener)
  [..] 000795: tick 10/80
  [..] 000795: tick 20/80
  [..] 000795: tick 30/80
  [..] 000795: tick 40/80
  [..] 000795: tick 50/80
  [..] 000795: tick 60/80
  [..] 000795: tick 70/80
  [..] 000795: tick 80/80
  [..] 000795: cam.listen (skip 20 stale frames)
  [OK] 000795.png  (Town10HD_Opt, ClearNoon, sun=44°, dist=15m, lat=-1.0, hdg=-3°, npcs=45)
  [..] 000795: finally start
  [..] 000795: drain tick
  [..] 000795: destroy cam
  [..] 000795: destroy 45 npcs
  [..] 000795: destroy leader
  [..] 000795: destroy follower
  [..] 000795: post-cleanup tick
  [..] 000795: finally end
  [SKIP] 000796: no valid lane at shift=-1 from follower lane
  [..] 000796: spawn follower
  [..] 000796: spawn leader
  [..] 000796: spawn NPCs (near=15, scattered=30)
  [..] 000796: spawn camera
  [..] 000796: settle (no listener)
  [..] 000796: tick 10/80
  [..] 000796: tick 20/80
  [..] 000796: tick 30/80
  [..] 000796: tick 40/80
  [..] 000796: tick 50/80
  [..] 000796: tick 60/80
  [..] 000796: tick 70/80
  [..] 000796: tick 80/80
  [..] 000796: cam.listen (skip 20 stale frames)
  [OK] 000796.png  (Town10HD_Opt, MidRainyNoon, sun=33°, dist=15m, lat=+0.0, hdg=+4°, npcs=45)
  [..] 000796: finally start
  [..] 000796: drain tick
  [..] 000796: destroy cam
  [..] 000796: destroy 45 npcs
  [..] 000796: destroy leader
  [..] 000796: destroy follower
  [..] 000796: post-cleanup tick
  [..] 000796: finally end
  [..] 000797: spawn follower
  [..] 000797: spawn leader
  [..] 000797: spawn NPCs (near=15, scattered=30)
  [..] 000797: spawn camera
  [..] 000797: settle (no listener)
  [..] 000797: tick 10/80
  [..] 000797: tick 20/80
  [..] 000797: tick 30/80
  [..] 000797: tick 40/80
  [..] 000797: tick 50/80
  [..] 000797: tick 60/80
  [..] 000797: tick 70/80
  [..] 000797: tick 80/80
  [..] 000797: cam.listen (skip 20 stale frames)
  [OK] 000797.png  (Town10HD_Opt, WetNoon, sun=41°, dist=11m, lat=-1.0, hdg=-1°, npcs=45)
  [..] 000797: finally start
  [..] 000797: drain tick
  [..] 000797: destroy cam
  [..] 000797: destroy 45 npcs
  [..] 000797: destroy leader
  [..] 000797: destroy follower
  [..] 000797: post-cleanup tick
  [..] 000797: finally end
  [SKIP] 000798: no valid lane at shift=+1 from follower lane
  [..] 000798: spawn follower
  [..] 000798: spawn leader
  [..] 000798: spawn NPCs (near=15, scattered=30)
  [..] 000798: spawn camera
  [..] 000798: settle (no listener)
  [..] 000798: tick 10/80
  [..] 000798: tick 20/80
  [..] 000798: tick 30/80
  [..] 000798: tick 40/80
  [..] 000798: tick 50/80
  [..] 000798: tick 60/80
  [..] 000798: tick 70/80
  [..] 000798: tick 80/80
  [..] 000798: cam.listen (skip 20 stale frames)
  [OK] 000798.png  (Town10HD_Opt, CloudyNoon, sun=66°, dist=13m, lat=+0.0, hdg=+1°, npcs=45)
  [..] 000798: finally start
  [..] 000798: drain tick
  [..] 000798: destroy cam
  [..] 000798: destroy 45 npcs
  [..] 000798: destroy leader
  [..] 000798: destroy follower
  [..] 000798: post-cleanup tick
  [..] 000798: finally end
  [..] 000799: spawn follower
  [..] 000799: spawn leader
  [..] 000799: spawn NPCs (near=15, scattered=30)
  [..] 000799: spawn camera
  [..] 000799: settle (no listener)
  [..] 000799: tick 10/80
  [..] 000799: tick 20/80
  [..] 000799: tick 30/80
  [..] 000799: tick 40/80
  [..] 000799: tick 50/80
  [..] 000799: tick 60/80
  [..] 000799: tick 70/80
  [..] 000799: tick 80/80
  [..] 000799: cam.listen (skip 20 stale frames)
  [OK] 000799.png  (Town10HD_Opt, MidRainyNoon, sun=65°, dist=14m, lat=-1.0, hdg=-2°, npcs=45)
  [..] 000799: finally start
  [..] 000799: drain tick
  [..] 000799: destroy cam
  [..] 000799: destroy 45 npcs
  [..] 000799: destroy leader
  [..] 000799: destroy follower
  [..] 000799: post-cleanup tick
  [..] 000799: finally end
  [..] 000800: spawn follower
  [..] 000800: spawn leader
  [..] 000800: spawn NPCs (near=15, scattered=30)
  [..] 000800: spawn camera
  [..] 000800: settle (no listener)
  [..] 000800: tick 10/80
  [..] 000800: tick 20/80
  [..] 000800: tick 30/80
  [..] 000800: tick 40/80
  [..] 000800: tick 50/80
  [..] 000800: tick 60/80
  [..] 000800: tick 70/80
  [..] 000800: tick 80/80
  [..] 000800: cam.listen (skip 20 stale frames)
  [OK] 000800.png  (Town10HD_Opt, ClearNoon, sun=54°, dist=12m, lat=-1.0, hdg=-3°, npcs=45)
  [..] 000800: finally start
  [..] 000800: drain tick
  [..] 000800: destroy cam
  [..] 000800: destroy 45 npcs
  [..] 000800: destroy leader
  [..] 000800: destroy follower
  [..] 000800: post-cleanup tick
  [..] 000800: finally end
  [SKIP] 000801: no valid lane at shift=+1 from follower lane
  [SKIP] 000801: no valid lane at shift=-1 from follower lane
  [SKIP] 000801: no valid lane at shift=+1 from follower lane
  [..] 000801: spawn follower
  [..] 000801: spawn leader
  [..] 000801: spawn NPCs (near=15, scattered=30)
  [..] 000801: spawn camera
  [..] 000801: settle (no listener)
  [..] 000801: tick 10/80
  [..] 000801: tick 20/80
  [..] 000801: tick 30/80
  [..] 000801: tick 40/80
  [..] 000801: tick 50/80
  [..] 000801: tick 60/80
  [..] 000801: tick 70/80
  [..] 000801: tick 80/80
  [..] 000801: cam.listen (skip 20 stale frames)
  [OK] 000801.png  (Town10HD_Opt, WetNoon, sun=69°, dist=17m, lat=-1.0, hdg=+2°, npcs=45)
  [..] 000801: finally start
  [..] 000801: drain tick
  [..] 000801: destroy cam
  [..] 000801: destroy 45 npcs
  [..] 000801: destroy leader
  [..] 000801: destroy follower
  [..] 000801: post-cleanup tick
  [..] 000801: finally end
  [SKIP] 000802: no valid lane at shift=+1 from follower lane
  [..] 000802: spawn follower
  [..] 000802: spawn leader
  [..] 000802: spawn NPCs (near=15, scattered=30)
  [..] 000802: spawn camera
  [..] 000802: settle (no listener)
  [..] 000802: tick 10/80
  [..] 000802: tick 20/80
  [..] 000802: tick 30/80
  [..] 000802: tick 40/80
  [..] 000802: tick 50/80
  [..] 000802: tick 60/80
  [..] 000802: tick 70/80
  [..] 000802: tick 80/80
  [..] 000802: cam.listen (skip 20 stale frames)
  [OK] 000802.png  (Town10HD_Opt, WetNoon, sun=56°, dist=9m, lat=+0.0, hdg=+5°, npcs=45)
  [..] 000802: finally start
  [..] 000802: drain tick
  [..] 000802: destroy cam
  [..] 000802: destroy 45 npcs
  [..] 000802: destroy leader
  [..] 000802: destroy follower
  [..] 000802: post-cleanup tick
  [..] 000802: finally end
  [SKIP] 000803: no valid lane at shift=+1 from follower lane
  [..] 000803: spawn follower
  [..] 000803: spawn leader
  [..] 000803: spawn NPCs (near=15, scattered=30)
  [..] 000803: spawn camera
  [..] 000803: settle (no listener)
  [..] 000803: tick 10/80
  [..] 000803: tick 20/80
  [..] 000803: tick 30/80
  [..] 000803: tick 40/80
  [..] 000803: tick 50/80
  [..] 000803: tick 60/80
  [..] 000803: tick 70/80
  [..] 000803: tick 80/80
  [..] 000803: cam.listen (skip 20 stale frames)
  [OK] 000803.png  (Town10HD_Opt, MidRainyNoon, sun=42°, dist=17m, lat=+0.0, hdg=+4°, npcs=45)
  [..] 000803: finally start
  [..] 000803: drain tick
  [..] 000803: destroy cam
  [..] 000803: destroy 45 npcs
  [..] 000803: destroy leader
  [..] 000803: destroy follower
  [..] 000803: post-cleanup tick
  [..] 000803: finally end
  [..] 000804: spawn follower
  [..] 000804: spawn leader
  [..] 000804: spawn NPCs (near=15, scattered=30)
  [..] 000804: spawn camera
  [..] 000804: settle (no listener)
  [..] 000804: tick 10/80
  [..] 000804: tick 20/80
  [..] 000804: tick 30/80
  [..] 000804: tick 40/80
  [..] 000804: tick 50/80
  [..] 000804: tick 60/80
  [..] 000804: tick 70/80
  [..] 000804: tick 80/80
  [..] 000804: cam.listen (skip 20 stale frames)
  [OK] 000804.png  (Town10HD_Opt, ClearNoon, sun=38°, dist=9m, lat=+0.0, hdg=-4°, npcs=45)
  [..] 000804: finally start
  [..] 000804: drain tick
  [..] 000804: destroy cam
  [..] 000804: destroy 45 npcs
  [..] 000804: destroy leader
  [..] 000804: destroy follower
  [..] 000804: post-cleanup tick
  [..] 000804: finally end
  [SKIP] 000805: no valid lane at shift=+1 from follower lane
  [SKIP] 000805: no valid lane at shift=-1 from follower lane
  [..] 000805: spawn follower
  [..] 000805: spawn leader
  [..] 000805: spawn NPCs (near=15, scattered=30)
  [..] 000805: spawn camera
  [..] 000805: settle (no listener)
  [..] 000805: tick 10/80
  [..] 000805: tick 20/80
  [..] 000805: tick 30/80
  [..] 000805: tick 40/80
  [..] 000805: tick 50/80
  [..] 000805: tick 60/80
  [..] 000805: tick 70/80
  [..] 000805: tick 80/80
  [..] 000805: cam.listen (skip 20 stale frames)
  [OK] 000805.png  (Town10HD_Opt, WetNoon, sun=45°, dist=18m, lat=+0.0, hdg=+2°, npcs=45)
  [..] 000805: finally start
  [..] 000805: drain tick
  [..] 000805: destroy cam
  [..] 000805: destroy 45 npcs
  [..] 000805: destroy leader
  [..] 000805: destroy follower
  [..] 000805: post-cleanup tick
  [..] 000805: finally end
  [..] 000806: spawn follower
  [..] 000806: spawn leader
  [..] 000806: spawn NPCs (near=15, scattered=30)
  [..] 000806: spawn camera
  [..] 000806: settle (no listener)
  [..] 000806: tick 10/80
  [..] 000806: tick 20/80
  [..] 000806: tick 30/80
  [..] 000806: tick 40/80
  [..] 000806: tick 50/80
  [..] 000806: tick 60/80
  [..] 000806: tick 70/80
  [..] 000806: tick 80/80
  [..] 000806: cam.listen (skip 20 stale frames)
  [OK] 000806.png  (Town10HD_Opt, MidRainyNoon, sun=55°, dist=17m, lat=+0.0, hdg=+4°, npcs=45)
  [..] 000806: finally start
  [..] 000806: drain tick
  [..] 000806: destroy cam
  [..] 000806: destroy 45 npcs
  [..] 000806: destroy leader
  [..] 000806: destroy follower
  [..] 000806: post-cleanup tick
  [..] 000806: finally end
  [SKIP] 000807: no valid lane at shift=-1 from follower lane
  [SKIP] 000807: no valid lane at shift=+1 from follower lane
  [..] 000807: spawn follower
  [..] 000807: spawn leader
  [..] 000807: spawn NPCs (near=15, scattered=30)
  [..] 000807: spawn camera
  [..] 000807: settle (no listener)
  [..] 000807: tick 10/80
  [..] 000807: tick 20/80
  [..] 000807: tick 30/80
  [..] 000807: tick 40/80
  [..] 000807: tick 50/80
  [..] 000807: tick 60/80
  [..] 000807: tick 70/80
  [..] 000807: tick 80/80
  [..] 000807: cam.listen (skip 20 stale frames)
  [OK] 000807.png  (Town10HD_Opt, CloudyNoon, sun=30°, dist=9m, lat=-1.0, hdg=+4°, npcs=45)
  [..] 000807: finally start
  [..] 000807: drain tick
  [..] 000807: destroy cam
  [..] 000807: destroy 45 npcs
  [..] 000807: destroy leader
  [..] 000807: destroy follower
  [..] 000807: post-cleanup tick
  [..] 000807: finally end
  [..] 000808: spawn follower
  [..] 000808: spawn leader
  [..] 000808: spawn NPCs (near=15, scattered=30)
  [..] 000808: spawn camera
  [..] 000808: settle (no listener)
  [..] 000808: tick 10/80
  [..] 000808: tick 20/80
  [..] 000808: tick 30/80
  [..] 000808: tick 40/80
  [..] 000808: tick 50/80
  [..] 000808: tick 60/80
  [..] 000808: tick 70/80
  [..] 000808: tick 80/80
  [..] 000808: cam.listen (skip 20 stale frames)
  [OK] 000808.png  (Town10HD_Opt, WetNoon, sun=50°, dist=11m, lat=-1.0, hdg=-2°, npcs=45)
  [..] 000808: finally start
  [..] 000808: drain tick
  [..] 000808: destroy cam
  [..] 000808: destroy 45 npcs
  [..] 000808: destroy leader
  [..] 000808: destroy follower
  [..] 000808: post-cleanup tick
  [..] 000808: finally end
  [..] 000809: spawn follower
  [..] 000809: spawn leader
  [..] 000809: spawn NPCs (near=15, scattered=30)
  [..] 000809: spawn camera
  [..] 000809: settle (no listener)
  [..] 000809: tick 10/80
  [..] 000809: tick 20/80
  [..] 000809: tick 30/80
  [..] 000809: tick 40/80
  [..] 000809: tick 50/80
  [..] 000809: tick 60/80
  [..] 000809: tick 70/80
  [..] 000809: tick 80/80
  [..] 000809: cam.listen (skip 20 stale frames)
  [OK] 000809.png  (Town10HD_Opt, MidRainyNoon, sun=58°, dist=10m, lat=+1.0, hdg=+5°, npcs=45)
  [..] 000809: finally start
  [..] 000809: drain tick
  [..] 000809: destroy cam
  [..] 000809: destroy 45 npcs
  [..] 000809: destroy leader
  [..] 000809: destroy follower
  [..] 000809: post-cleanup tick
  [..] 000809: finally end
  [SKIP] 000810: no valid lane at shift=-1 from follower lane
  [SKIP] 000810: no valid lane at shift=+1 from follower lane
  [..] 000810: spawn follower
  [..] 000810: spawn leader
  [..] 000810: spawn NPCs (near=15, scattered=30)
  [..] 000810: spawn camera
  [..] 000810: settle (no listener)
  [..] 000810: tick 10/80
  [..] 000810: tick 20/80
  [..] 000810: tick 30/80
  [..] 000810: tick 40/80
  [..] 000810: tick 50/80
  [..] 000810: tick 60/80
  [..] 000810: tick 70/80
  [..] 000810: tick 80/80
  [..] 000810: cam.listen (skip 20 stale frames)
  [OK] 000810.png  (Town10HD_Opt, CloudyNoon, sun=40°, dist=8m, lat=+1.0, hdg=-5°, npcs=45)
  [..] 000810: finally start
  [..] 000810: drain tick
  [..] 000810: destroy cam
  [..] 000810: destroy 45 npcs
  [..] 000810: destroy leader
  [..] 000810: destroy follower
  [..] 000810: post-cleanup tick
  [..] 000810: finally end
  [..] 000811: spawn follower
  [..] 000811: spawn leader
  [..] 000811: spawn NPCs (near=15, scattered=30)
  [..] 000811: spawn camera
  [..] 000811: settle (no listener)
  [..] 000811: tick 10/80
  [..] 000811: tick 20/80
  [..] 000811: tick 30/80
  [..] 000811: tick 40/80
  [..] 000811: tick 50/80
  [..] 000811: tick 60/80
  [..] 000811: tick 70/80
  [..] 000811: tick 80/80
  [..] 000811: cam.listen (skip 20 stale frames)
  [OK] 000811.png  (Town10HD_Opt, WetNoon, sun=61°, dist=13m, lat=+1.0, hdg=+4°, npcs=45)
  [..] 000811: finally start
  [..] 000811: drain tick
  [..] 000811: destroy cam
  [..] 000811: destroy 45 npcs
  [..] 000811: destroy leader
  [..] 000811: destroy follower
  [..] 000811: post-cleanup tick
  [..] 000811: finally end
  [..] 000812: spawn follower
  [..] 000812: spawn leader
  [..] 000812: spawn NPCs (near=15, scattered=30)
  [..] 000812: spawn camera
  [..] 000812: settle (no listener)
  [..] 000812: tick 10/80
  [..] 000812: tick 20/80
  [..] 000812: tick 30/80
  [..] 000812: tick 40/80
  [..] 000812: tick 50/80
  [..] 000812: tick 60/80
  [..] 000812: tick 70/80
  [..] 000812: tick 80/80
  [..] 000812: cam.listen (skip 20 stale frames)
  [OK] 000812.png  (Town10HD_Opt, CloudyNoon, sun=65°, dist=7m, lat=+0.0, hdg=+5°, npcs=45)
  [..] 000812: finally start
  [..] 000812: drain tick
  [..] 000812: destroy cam
  [..] 000812: destroy 45 npcs
  [..] 000812: destroy leader
  [..] 000812: destroy follower
  [..] 000812: post-cleanup tick
  [..] 000812: finally end
  [..] 000813: spawn follower
  [..] 000813: spawn leader
  [..] 000813: spawn NPCs (near=15, scattered=30)
  [..] 000813: spawn camera
  [..] 000813: settle (no listener)
  [..] 000813: tick 10/80
  [..] 000813: tick 20/80
  [..] 000813: tick 30/80
  [..] 000813: tick 40/80
  [..] 000813: tick 50/80
  [..] 000813: tick 60/80
  [..] 000813: tick 70/80
  [..] 000813: tick 80/80
  [..] 000813: cam.listen (skip 20 stale frames)
  [OK] 000813.png  (Town10HD_Opt, WetNoon, sun=43°, dist=12m, lat=+1.0, hdg=+3°, npcs=45)
  [..] 000813: finally start
  [..] 000813: drain tick
  [..] 000813: destroy cam
  [..] 000813: destroy 45 npcs
  [..] 000813: destroy leader
  [..] 000813: destroy follower
  [..] 000813: post-cleanup tick
  [..] 000813: finally end
  [..] 000814: spawn follower
  [..] 000814: spawn leader
  [..] 000814: spawn NPCs (near=15, scattered=30)
  [..] 000814: spawn camera
  [..] 000814: settle (no listener)
  [..] 000814: tick 10/80
  [..] 000814: tick 20/80
  [..] 000814: tick 30/80
  [..] 000814: tick 40/80
  [..] 000814: tick 50/80
  [..] 000814: tick 60/80
  [..] 000814: tick 70/80
  [..] 000814: tick 80/80
  [..] 000814: cam.listen (skip 20 stale frames)
  [OK] 000814.png  (Town10HD_Opt, MidRainyNoon, sun=56°, dist=14m, lat=+0.0, hdg=+4°, npcs=45)
  [..] 000814: finally start
  [..] 000814: drain tick
  [..] 000814: destroy cam
  [..] 000814: destroy 45 npcs
  [..] 000814: destroy leader
  [..] 000814: destroy follower
  [..] 000814: post-cleanup tick
  [..] 000814: finally end
  [..] 000815: spawn follower
  [..] 000815: spawn leader
  [..] 000815: spawn NPCs (near=15, scattered=30)
  [..] 000815: spawn camera
  [..] 000815: settle (no listener)
  [..] 000815: tick 10/80
  [..] 000815: tick 20/80
  [..] 000815: tick 30/80
  [..] 000815: tick 40/80
  [..] 000815: tick 50/80
  [..] 000815: tick 60/80
  [..] 000815: tick 70/80
  [..] 000815: tick 80/80
  [..] 000815: cam.listen (skip 20 stale frames)
  [OK] 000815.png  (Town10HD_Opt, MidRainyNoon, sun=70°, dist=14m, lat=+1.0, hdg=-3°, npcs=45)
  [..] 000815: finally start
  [..] 000815: drain tick
  [..] 000815: destroy cam
  [..] 000815: destroy 45 npcs
  [..] 000815: destroy leader
  [..] 000815: destroy follower
  [..] 000815: post-cleanup tick
  [..] 000815: finally end
  [..] 000816: spawn follower
  [..] 000816: spawn leader
  [..] 000816: spawn NPCs (near=15, scattered=30)
  [..] 000816: spawn camera
  [..] 000816: settle (no listener)
  [..] 000816: tick 10/80
  [..] 000816: tick 20/80
  [..] 000816: tick 30/80
  [..] 000816: tick 40/80
  [..] 000816: tick 50/80
  [..] 000816: tick 60/80
  [..] 000816: tick 70/80
  [..] 000816: tick 80/80
  [..] 000816: cam.listen (skip 20 stale frames)
  [OK] 000816.png  (Town10HD_Opt, CloudyNoon, sun=52°, dist=10m, lat=+1.0, hdg=-2°, npcs=45)
  [..] 000816: finally start
  [..] 000816: drain tick
  [..] 000816: destroy cam
  [..] 000816: destroy 45 npcs
  [..] 000816: destroy leader
  [..] 000816: destroy follower
  [..] 000816: post-cleanup tick
  [..] 000816: finally end
  [..] 000817: spawn follower
  [..] 000817: spawn leader
  [..] 000817: spawn NPCs (near=15, scattered=30)
  [..] 000817: spawn camera
  [..] 000817: settle (no listener)
  [..] 000817: tick 10/80
  [..] 000817: tick 20/80
  [..] 000817: tick 30/80
  [..] 000817: tick 40/80
  [..] 000817: tick 50/80
  [..] 000817: tick 60/80
  [..] 000817: tick 70/80
  [..] 000817: tick 80/80
  [..] 000817: cam.listen (skip 20 stale frames)
  [OK] 000817.png  (Town10HD_Opt, CloudyNoon, sun=35°, dist=11m, lat=-1.0, hdg=-1°, npcs=45)
  [..] 000817: finally start
  [..] 000817: drain tick
  [..] 000817: destroy cam
  [..] 000817: destroy 45 npcs
  [..] 000817: destroy leader
  [..] 000817: destroy follower
  [..] 000817: post-cleanup tick
  [..] 000817: finally end
  [SKIP] 000818: no valid lane at shift=-1 from follower lane
  [..] 000818: spawn follower
  [..] 000818: spawn leader
  [..] 000818: spawn NPCs (near=15, scattered=30)
  [..] 000818: spawn camera
  [..] 000818: settle (no listener)
  [..] 000818: tick 10/80
  [..] 000818: tick 20/80
  [..] 000818: tick 30/80
  [..] 000818: tick 40/80
  [..] 000818: tick 50/80
  [..] 000818: tick 60/80
  [..] 000818: tick 70/80
  [..] 000818: tick 80/80
  [..] 000818: cam.listen (skip 20 stale frames)
  [OK] 000818.png  (Town10HD_Opt, MidRainyNoon, sun=49°, dist=13m, lat=+0.0, hdg=-1°, npcs=45)
  [..] 000818: finally start
  [..] 000818: drain tick
  [..] 000818: destroy cam
  [..] 000818: destroy 45 npcs
  [..] 000818: destroy leader
  [..] 000818: destroy follower
  [..] 000818: post-cleanup tick
  [..] 000818: finally end
  [SKIP] 000819: no valid lane at shift=+1 from follower lane
  [..] 000819: spawn follower
  [..] 000819: spawn leader
  [..] 000819: spawn NPCs (near=15, scattered=30)
  [..] 000819: spawn camera
  [..] 000819: settle (no listener)
  [..] 000819: tick 10/80
  [..] 000819: tick 20/80
  [..] 000819: tick 30/80
  [..] 000819: tick 40/80
  [..] 000819: tick 50/80
  [..] 000819: tick 60/80
  [..] 000819: tick 70/80
  [..] 000819: tick 80/80
  [..] 000819: cam.listen (skip 20 stale frames)
  [OK] 000819.png  (Town10HD_Opt, WetNoon, sun=60°, dist=15m, lat=+0.0, hdg=-2°, npcs=45)
  [..] 000819: finally start
  [..] 000819: drain tick
  [..] 000819: destroy cam
  [..] 000819: destroy 45 npcs
  [..] 000819: destroy leader
  [..] 000819: destroy follower
  [..] 000819: post-cleanup tick
  [..] 000819: finally end
  [..] 000820: spawn follower
  [..] 000820: spawn leader
  [..] 000820: spawn NPCs (near=15, scattered=30)
  [..] 000820: spawn camera
  [..] 000820: settle (no listener)
  [..] 000820: tick 10/80
  [..] 000820: tick 20/80
  [..] 000820: tick 30/80
  [..] 000820: tick 40/80
  [..] 000820: tick 50/80
  [..] 000820: tick 60/80
  [..] 000820: tick 70/80
  [..] 000820: tick 80/80
  [..] 000820: cam.listen (skip 20 stale frames)
  [OK] 000820.png  (Town10HD_Opt, CloudyNoon, sun=50°, dist=15m, lat=+1.0, hdg=-1°, npcs=45)
  [..] 000820: finally start
  [..] 000820: drain tick
  [..] 000820: destroy cam
  [..] 000820: destroy 45 npcs
  [..] 000820: destroy leader
  [..] 000820: destroy follower
  [..] 000820: post-cleanup tick
  [..] 000820: finally end
  [SKIP] 000821: no valid lane at shift=+1 from follower lane
  [..] 000821: spawn follower
  [..] 000821: spawn leader
  [..] 000821: spawn NPCs (near=15, scattered=30)
  [..] 000821: spawn camera
  [..] 000821: settle (no listener)
  [..] 000821: tick 10/80
  [..] 000821: tick 20/80
  [..] 000821: tick 30/80
  [..] 000821: tick 40/80
  [..] 000821: tick 50/80
  [..] 000821: tick 60/80
  [..] 000821: tick 70/80
  [..] 000821: tick 80/80
  [..] 000821: cam.listen (skip 20 stale frames)
  [OK] 000821.png  (Town10HD_Opt, WetNoon, sun=42°, dist=9m, lat=+0.0, hdg=+2°, npcs=45)
  [..] 000821: finally start
  [..] 000821: drain tick
  [..] 000821: destroy cam
  [..] 000821: destroy 45 npcs
  [..] 000821: destroy leader
  [..] 000821: destroy follower
  [..] 000821: post-cleanup tick
  [..] 000821: finally end
  [..] 000822: spawn follower
  [..] 000822: spawn leader
  [..] 000822: spawn NPCs (near=15, scattered=30)
  [..] 000822: spawn camera
  [..] 000822: settle (no listener)
  [..] 000822: tick 10/80
  [..] 000822: tick 20/80
  [..] 000822: tick 30/80
  [..] 000822: tick 40/80
  [..] 000822: tick 50/80
  [..] 000822: tick 60/80
  [..] 000822: tick 70/80
  [..] 000822: tick 80/80
  [..] 000822: cam.listen (skip 20 stale frames)
  [OK] 000822.png  (Town10HD_Opt, CloudyNoon, sun=60°, dist=8m, lat=+1.0, hdg=-3°, npcs=45)
  [..] 000822: finally start
  [..] 000822: drain tick
  [..] 000822: destroy cam
  [..] 000822: destroy 45 npcs
  [..] 000822: destroy leader
  [..] 000822: destroy follower
  [..] 000822: post-cleanup tick
  [..] 000822: finally end
  [..] 000823: spawn follower
  [..] 000823: spawn leader
  [..] 000823: spawn NPCs (near=15, scattered=30)
  [..] 000823: spawn camera
  [..] 000823: settle (no listener)
  [..] 000823: tick 10/80
  [..] 000823: tick 20/80
  [..] 000823: tick 30/80
  [..] 000823: tick 40/80
  [..] 000823: tick 50/80
  [..] 000823: tick 60/80
  [..] 000823: tick 70/80
  [..] 000823: tick 80/80
  [..] 000823: cam.listen (skip 20 stale frames)
  [OK] 000823.png  (Town10HD_Opt, MidRainyNoon, sun=50°, dist=7m, lat=+1.0, hdg=+4°, npcs=45)
  [..] 000823: finally start
  [..] 000823: drain tick
  [..] 000823: destroy cam
  [..] 000823: destroy 45 npcs
  [..] 000823: destroy leader
  [..] 000823: destroy follower
  [..] 000823: post-cleanup tick
  [..] 000823: finally end
  [..] 000824: spawn follower
  [..] 000824: spawn leader
  [..] 000824: spawn NPCs (near=15, scattered=30)
  [..] 000824: spawn camera
  [..] 000824: settle (no listener)
  [..] 000824: tick 10/80
  [..] 000824: tick 20/80
  [..] 000824: tick 30/80
  [..] 000824: tick 40/80
  [..] 000824: tick 50/80
  [..] 000824: tick 60/80
  [..] 000824: tick 70/80
  [..] 000824: tick 80/80
  [..] 000824: cam.listen (skip 20 stale frames)
  [OK] 000824.png  (Town10HD_Opt, CloudyNoon, sun=60°, dist=14m, lat=+1.0, hdg=+3°, npcs=45)
  [..] 000824: finally start
  [..] 000824: drain tick
  [..] 000824: destroy cam
  [..] 000824: destroy 45 npcs
  [..] 000824: destroy leader
  [..] 000824: destroy follower
  [..] 000824: post-cleanup tick
  [..] 000824: finally end
  [..] 000825: spawn follower
  [..] 000825: spawn leader
  [..] 000825: spawn NPCs (near=15, scattered=30)
  [..] 000825: spawn camera
  [..] 000825: settle (no listener)
  [..] 000825: tick 10/80
  [..] 000825: tick 20/80
  [..] 000825: tick 30/80
  [..] 000825: tick 40/80
  [..] 000825: tick 50/80
  [..] 000825: tick 60/80
  [..] 000825: tick 70/80
  [..] 000825: tick 80/80
  [..] 000825: cam.listen (skip 20 stale frames)
  [OK] 000825.png  (Town10HD_Opt, MidRainyNoon, sun=33°, dist=13m, lat=+1.0, hdg=+3°, npcs=45)
  [..] 000825: finally start
  [..] 000825: drain tick
  [..] 000825: destroy cam
  [..] 000825: destroy 45 npcs
  [..] 000825: destroy leader
  [..] 000825: destroy follower
  [..] 000825: post-cleanup tick
  [..] 000825: finally end
  [..] 000826: spawn follower
  [..] 000826: spawn leader
  [..] 000826: spawn NPCs (near=15, scattered=30)
  [..] 000826: spawn camera
  [..] 000826: settle (no listener)
  [..] 000826: tick 10/80
  [..] 000826: tick 20/80
  [..] 000826: tick 30/80
  [..] 000826: tick 40/80
  [..] 000826: tick 50/80
  [..] 000826: tick 60/80
  [..] 000826: tick 70/80
  [..] 000826: tick 80/80
  [..] 000826: cam.listen (skip 20 stale frames)
  [OK] 000826.png  (Town10HD_Opt, ClearNoon, sun=60°, dist=10m, lat=+0.0, hdg=+2°, npcs=45)
  [..] 000826: finally start
  [..] 000826: drain tick
  [..] 000826: destroy cam
  [..] 000826: destroy 45 npcs
  [..] 000826: destroy leader
  [..] 000826: destroy follower
  [..] 000826: post-cleanup tick
  [..] 000826: finally end
  [..] 000827: spawn follower
  [..] 000827: spawn leader
  [..] 000827: spawn NPCs (near=15, scattered=30)
  [..] 000827: spawn camera
  [..] 000827: settle (no listener)
  [..] 000827: tick 10/80
  [..] 000827: tick 20/80
  [..] 000827: tick 30/80
  [..] 000827: tick 40/80
  [..] 000827: tick 50/80
  [..] 000827: tick 60/80
  [..] 000827: tick 70/80
  [..] 000827: tick 80/80
  [..] 000827: cam.listen (skip 20 stale frames)
  [OK] 000827.png  (Town10HD_Opt, ClearNoon, sun=34°, dist=10m, lat=-1.0, hdg=+4°, npcs=45)
  [..] 000827: finally start
  [..] 000827: drain tick
  [..] 000827: destroy cam
  [..] 000827: destroy 45 npcs
  [..] 000827: destroy leader
  [..] 000827: destroy follower
  [..] 000827: post-cleanup tick
  [..] 000827: finally end
  [SKIP] 000828: no valid lane at shift=+1 from follower lane
  [SKIP] 000828: no valid lane at shift=-1 from follower lane
  [..] 000828: spawn follower
  [..] 000828: spawn leader
  [..] 000828: spawn NPCs (near=15, scattered=30)
  [..] 000828: spawn camera
  [..] 000828: settle (no listener)
  [..] 000828: tick 10/80
  [..] 000828: tick 20/80
  [..] 000828: tick 30/80
  [..] 000828: tick 40/80
  [..] 000828: tick 50/80
  [..] 000828: tick 60/80
  [..] 000828: tick 70/80
  [..] 000828: tick 80/80
  [..] 000828: cam.listen (skip 20 stale frames)
  [OK] 000828.png  (Town10HD_Opt, WetNoon, sun=45°, dist=10m, lat=-1.0, hdg=-4°, npcs=45)
  [..] 000828: finally start
  [..] 000828: drain tick
  [..] 000828: destroy cam
  [..] 000828: destroy 45 npcs
  [..] 000828: destroy leader
  [..] 000828: destroy follower
  [..] 000828: post-cleanup tick
  [..] 000828: finally end
  [SKIP] 000829: no valid lane at shift=+1 from follower lane
  [..] 000829: spawn follower
  [..] 000829: spawn leader
  [..] 000829: spawn NPCs (near=15, scattered=30)
  [..] 000829: spawn camera
  [..] 000829: settle (no listener)
  [..] 000829: tick 10/80
  [..] 000829: tick 20/80
  [..] 000829: tick 30/80
  [..] 000829: tick 40/80
  [..] 000829: tick 50/80
  [..] 000829: tick 60/80
  [..] 000829: tick 70/80
  [..] 000829: tick 80/80
  [..] 000829: cam.listen (skip 20 stale frames)
  [OK] 000829.png  (Town10HD_Opt, MidRainyNoon, sun=38°, dist=7m, lat=-1.0, hdg=+4°, npcs=45)
  [..] 000829: finally start
  [..] 000829: drain tick
  [..] 000829: destroy cam
  [..] 000829: destroy 45 npcs
  [..] 000829: destroy leader
  [..] 000829: destroy follower
  [..] 000829: post-cleanup tick
  [..] 000829: finally end
  [..] 000830: spawn follower
  [..] 000830: spawn leader
  [..] 000830: spawn NPCs (near=15, scattered=30)
  [..] 000830: spawn camera
  [..] 000830: settle (no listener)
  [..] 000830: tick 10/80
  [..] 000830: tick 20/80
  [..] 000830: tick 30/80
  [..] 000830: tick 40/80
  [..] 000830: tick 50/80
  [..] 000830: tick 60/80
  [..] 000830: tick 70/80
  [..] 000830: tick 80/80
  [..] 000830: cam.listen (skip 20 stale frames)
  [OK] 000830.png  (Town10HD_Opt, CloudyNoon, sun=69°, dist=16m, lat=-1.0, hdg=+5°, npcs=45)
  [..] 000830: finally start
  [..] 000830: drain tick
  [..] 000830: destroy cam
  [..] 000830: destroy 45 npcs
  [..] 000830: destroy leader
  [..] 000830: destroy follower
  [..] 000830: post-cleanup tick
  [..] 000830: finally end
  [..] 000831: spawn follower
  [..] 000831: spawn leader
  [..] 000831: spawn NPCs (near=15, scattered=30)
  [..] 000831: spawn camera
  [..] 000831: settle (no listener)
  [..] 000831: tick 10/80
  [..] 000831: tick 20/80
  [..] 000831: tick 30/80
  [..] 000831: tick 40/80
  [..] 000831: tick 50/80
  [..] 000831: tick 60/80
  [..] 000831: tick 70/80
  [..] 000831: tick 80/80
  [..] 000831: cam.listen (skip 20 stale frames)
  [OK] 000831.png  (Town10HD_Opt, WetNoon, sun=58°, dist=14m, lat=+1.0, hdg=-3°, npcs=45)
  [..] 000831: finally start
  [..] 000831: drain tick
  [..] 000831: destroy cam
  [..] 000831: destroy 45 npcs
  [..] 000831: destroy leader
  [..] 000831: destroy follower
  [..] 000831: post-cleanup tick
  [..] 000831: finally end
  [SKIP] 000832: no valid lane at shift=+1 from follower lane
  [..] 000832: spawn follower
  [..] 000832: spawn leader
  [..] 000832: spawn NPCs (near=15, scattered=30)
  [..] 000832: spawn camera
  [..] 000832: settle (no listener)
  [..] 000832: tick 10/80
  [..] 000832: tick 20/80
  [..] 000832: tick 30/80
  [..] 000832: tick 40/80
  [..] 000832: tick 50/80
  [..] 000832: tick 60/80
  [..] 000832: tick 70/80
  [..] 000832: tick 80/80
  [..] 000832: cam.listen (skip 20 stale frames)
  [OK] 000832.png  (Town10HD_Opt, CloudyNoon, sun=33°, dist=14m, lat=+1.0, hdg=+3°, npcs=45)
  [..] 000832: finally start
  [..] 000832: drain tick
  [..] 000832: destroy cam
  [..] 000832: destroy 45 npcs
  [..] 000832: destroy leader
  [..] 000832: destroy follower
  [..] 000832: post-cleanup tick
  [..] 000832: finally end
  [..] 000833: spawn follower
  [..] 000833: spawn leader
  [..] 000833: spawn NPCs (near=15, scattered=30)
  [..] 000833: spawn camera
  [..] 000833: settle (no listener)
  [..] 000833: tick 10/80
  [..] 000833: tick 20/80
  [..] 000833: tick 30/80
  [..] 000833: tick 40/80
  [..] 000833: tick 50/80
  [..] 000833: tick 60/80
  [..] 000833: tick 70/80
  [..] 000833: tick 80/80
  [..] 000833: cam.listen (skip 20 stale frames)
  [OK] 000833.png  (Town10HD_Opt, ClearNoon, sun=64°, dist=16m, lat=-1.0, hdg=-3°, npcs=45)
  [..] 000833: finally start
  [..] 000833: drain tick
  [..] 000833: destroy cam
  [..] 000833: destroy 45 npcs
  [..] 000833: destroy leader
  [..] 000833: destroy follower
  [..] 000833: post-cleanup tick
  [..] 000833: finally end
  [..] 000834: spawn follower
  [..] 000834: spawn leader
  [..] 000834: spawn NPCs (near=15, scattered=30)
  [..] 000834: spawn camera
  [..] 000834: settle (no listener)
  [..] 000834: tick 10/80
  [..] 000834: tick 20/80
  [..] 000834: tick 30/80
  [..] 000834: tick 40/80
  [..] 000834: tick 50/80
  [..] 000834: tick 60/80
  [..] 000834: tick 70/80
  [..] 000834: tick 80/80
  [..] 000834: cam.listen (skip 20 stale frames)
  [OK] 000834.png  (Town10HD_Opt, MidRainyNoon, sun=32°, dist=7m, lat=-1.0, hdg=+3°, npcs=45)
  [..] 000834: finally start
  [..] 000834: drain tick
  [..] 000834: destroy cam
  [..] 000834: destroy 45 npcs
  [..] 000834: destroy leader
  [..] 000834: destroy follower
  [..] 000834: post-cleanup tick
  [..] 000834: finally end
  [SKIP] 000835: no valid lane at shift=-1 from follower lane
  [..] 000835: spawn follower
  [..] 000835: spawn leader
  [..] 000835: spawn NPCs (near=15, scattered=30)
  [..] 000835: spawn camera
  [..] 000835: settle (no listener)
  [..] 000835: tick 10/80
  [..] 000835: tick 20/80
  [..] 000835: tick 30/80
  [..] 000835: tick 40/80
  [..] 000835: tick 50/80
  [..] 000835: tick 60/80
  [..] 000835: tick 70/80
  [..] 000835: tick 80/80
  [..] 000835: cam.listen (skip 20 stale frames)
  [OK] 000835.png  (Town10HD_Opt, CloudyNoon, sun=45°, dist=11m, lat=+0.0, hdg=-0°, npcs=45)
  [..] 000835: finally start
  [..] 000835: drain tick
  [..] 000835: destroy cam
  [..] 000835: destroy 45 npcs
  [..] 000835: destroy leader
  [..] 000835: destroy follower
  [..] 000835: post-cleanup tick
  [..] 000835: finally end
  [..] 000836: spawn follower
  [..] 000836: spawn leader
  [..] 000836: spawn NPCs (near=15, scattered=30)
  [..] 000836: spawn camera
  [..] 000836: settle (no listener)
  [..] 000836: tick 10/80
  [..] 000836: tick 20/80
  [..] 000836: tick 30/80
  [..] 000836: tick 40/80
  [..] 000836: tick 50/80
  [..] 000836: tick 60/80
  [..] 000836: tick 70/80
  [..] 000836: tick 80/80
  [..] 000836: cam.listen (skip 20 stale frames)
  [OK] 000836.png  (Town10HD_Opt, ClearNoon, sun=25°, dist=11m, lat=+1.0, hdg=-0°, npcs=45)
  [..] 000836: finally start
  [..] 000836: drain tick
  [..] 000836: destroy cam
  [..] 000836: destroy 45 npcs
  [..] 000836: destroy leader
  [..] 000836: destroy follower
  [..] 000836: post-cleanup tick
  [..] 000836: finally end
  [..] 000837: spawn follower
  [..] 000837: spawn leader
  [..] 000837: spawn NPCs (near=15, scattered=30)
  [..] 000837: spawn camera
  [..] 000837: settle (no listener)
  [..] 000837: tick 10/80
  [..] 000837: tick 20/80
  [..] 000837: tick 30/80
  [..] 000837: tick 40/80
  [..] 000837: tick 50/80
  [..] 000837: tick 60/80
  [..] 000837: tick 70/80
  [..] 000837: tick 80/80
  [..] 000837: cam.listen (skip 20 stale frames)
  [OK] 000837.png  (Town10HD_Opt, CloudyNoon, sun=29°, dist=14m, lat=-1.0, hdg=-2°, npcs=45)
  [..] 000837: finally start
  [..] 000837: drain tick
  [..] 000837: destroy cam
  [..] 000837: destroy 45 npcs
  [..] 000837: destroy leader
  [..] 000837: destroy follower
  [..] 000837: post-cleanup tick
  [..] 000837: finally end
  [..] 000838: spawn follower
  [..] 000838: spawn leader
  [..] 000838: spawn NPCs (near=15, scattered=30)
  [..] 000838: spawn camera
  [..] 000838: settle (no listener)
  [..] 000838: tick 10/80
  [..] 000838: tick 20/80
  [..] 000838: tick 30/80
  [..] 000838: tick 40/80
  [..] 000838: tick 50/80
  [..] 000838: tick 60/80
  [..] 000838: tick 70/80
  [..] 000838: tick 80/80
  [..] 000838: cam.listen (skip 20 stale frames)
  [OK] 000838.png  (Town10HD_Opt, ClearNoon, sun=68°, dist=14m, lat=+0.0, hdg=+2°, npcs=45)
  [..] 000838: finally start
  [..] 000838: drain tick
  [..] 000838: destroy cam
  [..] 000838: destroy 45 npcs
  [..] 000838: destroy leader
  [..] 000838: destroy follower
  [..] 000838: post-cleanup tick
  [..] 000838: finally end
  [SKIP] 000839: no valid lane at shift=+1 from follower lane
  [..] 000839: spawn follower
  [..] 000839: spawn leader
  [..] 000839: spawn NPCs (near=15, scattered=30)
  [..] 000839: spawn camera
  [..] 000839: settle (no listener)
  [..] 000839: tick 10/80
  [..] 000839: tick 20/80
  [..] 000839: tick 30/80
  [..] 000839: tick 40/80
  [..] 000839: tick 50/80
  [..] 000839: tick 60/80
  [..] 000839: tick 70/80
  [..] 000839: tick 80/80
  [..] 000839: cam.listen (skip 20 stale frames)
  [OK] 000839.png  (Town10HD_Opt, WetNoon, sun=39°, dist=9m, lat=-1.0, hdg=-5°, npcs=45)
  [..] 000839: finally start
  [..] 000839: drain tick
  [..] 000839: destroy cam
  [..] 000839: destroy 45 npcs
  [..] 000839: destroy leader
  [..] 000839: destroy follower
  [..] 000839: post-cleanup tick
  [..] 000839: finally end
  [SKIP] 000840: no valid lane at shift=+1 from follower lane
  [..] 000840: spawn follower
  [..] 000840: spawn leader
  [..] 000840: spawn NPCs (near=15, scattered=30)
  [..] 000840: spawn camera
  [..] 000840: settle (no listener)
  [..] 000840: tick 10/80
  [..] 000840: tick 20/80
  [..] 000840: tick 30/80
  [..] 000840: tick 40/80
  [..] 000840: tick 50/80
  [..] 000840: tick 60/80
  [..] 000840: tick 70/80
  [..] 000840: tick 80/80
  [..] 000840: cam.listen (skip 20 stale frames)
  [OK] 000840.png  (Town10HD_Opt, ClearNoon, sun=64°, dist=15m, lat=-1.0, hdg=-2°, npcs=45)
  [..] 000840: finally start
  [..] 000840: drain tick
  [..] 000840: destroy cam
  [..] 000840: destroy 45 npcs
  [..] 000840: destroy leader
  [..] 000840: destroy follower
  [..] 000840: post-cleanup tick
  [..] 000840: finally end
  [SKIP] 000841: no valid lane at shift=-1 from follower lane
  [SKIP] 000841: no valid lane at shift=-1 from follower lane
  [SKIP] 000841: no valid lane at shift=+1 from follower lane
  [..] 000841: spawn follower
  [..] 000841: spawn leader
  [..] 000841: spawn NPCs (near=15, scattered=30)
  [..] 000841: spawn camera
  [..] 000841: settle (no listener)
  [..] 000841: tick 10/80
  [..] 000841: tick 20/80
  [..] 000841: tick 30/80
  [..] 000841: tick 40/80
  [..] 000841: tick 50/80
  [..] 000841: tick 60/80
  [..] 000841: tick 70/80
  [..] 000841: tick 80/80
  [..] 000841: cam.listen (skip 20 stale frames)
  [OK] 000841.png  (Town10HD_Opt, WetNoon, sun=31°, dist=10m, lat=+0.0, hdg=+2°, npcs=45)
  [..] 000841: finally start
  [..] 000841: drain tick
  [..] 000841: destroy cam
  [..] 000841: destroy 45 npcs
  [..] 000841: destroy leader
  [..] 000841: destroy follower
  [..] 000841: post-cleanup tick
  [..] 000841: finally end
  [SKIP] 000842: no valid lane at shift=+1 from follower lane
  [..] 000842: spawn follower
  [..] 000842: spawn leader
  [..] 000842: spawn NPCs (near=15, scattered=30)
  [..] 000842: spawn camera
  [..] 000842: settle (no listener)
  [..] 000842: tick 10/80
  [..] 000842: tick 20/80
  [..] 000842: tick 30/80
  [..] 000842: tick 40/80
  [..] 000842: tick 50/80
  [..] 000842: tick 60/80
  [..] 000842: tick 70/80
  [..] 000842: tick 80/80
  [..] 000842: cam.listen (skip 20 stale frames)
  [OK] 000842.png  (Town10HD_Opt, ClearNoon, sun=31°, dist=8m, lat=+0.0, hdg=+5°, npcs=45)
  [..] 000842: finally start
  [..] 000842: drain tick
  [..] 000842: destroy cam
  [..] 000842: destroy 45 npcs
  [..] 000842: destroy leader
  [..] 000842: destroy follower
  [..] 000842: post-cleanup tick
  [..] 000842: finally end
  [SKIP] 000843: no valid lane at shift=-1 from follower lane
  [..] 000843: spawn follower
  [..] 000843: spawn leader
  [..] 000843: spawn NPCs (near=15, scattered=30)
  [..] 000843: spawn camera
  [..] 000843: settle (no listener)
  [..] 000843: tick 10/80
  [..] 000843: tick 20/80
  [..] 000843: tick 30/80
  [..] 000843: tick 40/80
  [..] 000843: tick 50/80
  [..] 000843: tick 60/80
  [..] 000843: tick 70/80
  [..] 000843: tick 80/80
  [..] 000843: cam.listen (skip 20 stale frames)
  [OK] 000843.png  (Town10HD_Opt, MidRainyNoon, sun=50°, dist=12m, lat=-1.0, hdg=-1°, npcs=45)
  [..] 000843: finally start
  [..] 000843: drain tick
  [..] 000843: destroy cam
  [..] 000843: destroy 45 npcs
  [..] 000843: destroy leader
  [..] 000843: destroy follower
  [..] 000843: post-cleanup tick
  [..] 000843: finally end
  [..] 000844: spawn follower
  [..] 000844: spawn leader
  [..] 000844: spawn NPCs (near=15, scattered=30)
  [..] 000844: spawn camera
  [..] 000844: settle (no listener)
  [..] 000844: tick 10/80
  [..] 000844: tick 20/80
  [..] 000844: tick 30/80
  [..] 000844: tick 40/80
  [..] 000844: tick 50/80
  [..] 000844: tick 60/80
  [..] 000844: tick 70/80
  [..] 000844: tick 80/80
  [..] 000844: cam.listen (skip 20 stale frames)
  [OK] 000844.png  (Town10HD_Opt, WetNoon, sun=64°, dist=11m, lat=-1.0, hdg=+3°, npcs=45)
  [..] 000844: finally start
  [..] 000844: drain tick
  [..] 000844: destroy cam
  [..] 000844: destroy 45 npcs
  [..] 000844: destroy leader
  [..] 000844: destroy follower
  [..] 000844: post-cleanup tick
  [..] 000844: finally end
  [..] 000845: spawn follower
  [..] 000845: spawn leader
  [..] 000845: spawn NPCs (near=15, scattered=30)
  [..] 000845: spawn camera
  [..] 000845: settle (no listener)
  [..] 000845: tick 10/80
  [..] 000845: tick 20/80
  [..] 000845: tick 30/80
  [..] 000845: tick 40/80
  [..] 000845: tick 50/80
  [..] 000845: tick 60/80
  [..] 000845: tick 70/80
  [..] 000845: tick 80/80
  [..] 000845: cam.listen (skip 20 stale frames)
  [OK] 000845.png  (Town10HD_Opt, ClearNoon, sun=59°, dist=9m, lat=+0.0, hdg=-0°, npcs=45)
  [..] 000845: finally start
  [..] 000845: drain tick
  [..] 000845: destroy cam
  [..] 000845: destroy 45 npcs
  [..] 000845: destroy leader
  [..] 000845: destroy follower
  [..] 000845: post-cleanup tick
  [..] 000845: finally end
  [..] 000846: spawn follower
  [..] 000846: spawn leader
  [..] 000846: spawn NPCs (near=15, scattered=30)
  [..] 000846: spawn camera
  [..] 000846: settle (no listener)
  [..] 000846: tick 10/80
  [..] 000846: tick 20/80
  [..] 000846: tick 30/80
  [..] 000846: tick 40/80
  [..] 000846: tick 50/80
  [..] 000846: tick 60/80
  [..] 000846: tick 70/80
  [..] 000846: tick 80/80
  [..] 000846: cam.listen (skip 20 stale frames)
  [OK] 000846.png  (Town10HD_Opt, WetNoon, sun=26°, dist=11m, lat=-1.0, hdg=+5°, npcs=45)
  [..] 000846: finally start
  [..] 000846: drain tick
  [..] 000846: destroy cam
  [..] 000846: destroy 45 npcs
  [..] 000846: destroy leader
  [..] 000846: destroy follower
  [..] 000846: post-cleanup tick
  [..] 000846: finally end
  [..] 000847: spawn follower
  [..] 000847: spawn leader
  [..] 000847: spawn NPCs (near=15, scattered=30)
  [..] 000847: spawn camera
  [..] 000847: settle (no listener)
  [..] 000847: tick 10/80
  [..] 000847: tick 20/80
  [..] 000847: tick 30/80
  [..] 000847: tick 40/80
  [..] 000847: tick 50/80
  [..] 000847: tick 60/80
  [..] 000847: tick 70/80
  [..] 000847: tick 80/80
  [..] 000847: cam.listen (skip 20 stale frames)
  [OK] 000847.png  (Town10HD_Opt, WetNoon, sun=51°, dist=9m, lat=-1.0, hdg=-5°, npcs=45)
  [..] 000847: finally start
  [..] 000847: drain tick
  [..] 000847: destroy cam
  [..] 000847: destroy 45 npcs
  [..] 000847: destroy leader
  [..] 000847: destroy follower
  [..] 000847: post-cleanup tick
  [..] 000847: finally end
  [..] 000848: spawn follower
  [..] 000848: spawn leader
  [..] 000848: spawn NPCs (near=15, scattered=30)
  [..] 000848: spawn camera
  [..] 000848: settle (no listener)
  [..] 000848: tick 10/80
  [..] 000848: tick 20/80
  [..] 000848: tick 30/80
  [..] 000848: tick 40/80
  [..] 000848: tick 50/80
  [..] 000848: tick 60/80
  [..] 000848: tick 70/80
  [..] 000848: tick 80/80
  [..] 000848: cam.listen (skip 20 stale frames)
  [OK] 000848.png  (Town10HD_Opt, CloudyNoon, sun=33°, dist=9m, lat=+0.0, hdg=-3°, npcs=45)
  [..] 000848: finally start
  [..] 000848: drain tick
  [..] 000848: destroy cam
  [..] 000848: destroy 45 npcs
  [..] 000848: destroy leader
  [..] 000848: destroy follower
  [..] 000848: post-cleanup tick
  [..] 000848: finally end
  [SKIP] 000849: no valid lane at shift=+1 from follower lane
  [SKIP] 000849: no valid lane at shift=+1 from follower lane
  [..] 000849: spawn follower
  [..] 000849: spawn leader
  [..] 000849: spawn NPCs (near=15, scattered=30)
  [..] 000849: spawn camera
  [..] 000849: settle (no listener)
  [..] 000849: tick 10/80
  [..] 000849: tick 20/80
  [..] 000849: tick 30/80
  [..] 000849: tick 40/80
  [..] 000849: tick 50/80
  [..] 000849: tick 60/80
  [..] 000849: tick 70/80
  [..] 000849: tick 80/80
  [..] 000849: cam.listen (skip 20 stale frames)
  [OK] 000849.png  (Town10HD_Opt, ClearNoon, sun=27°, dist=6m, lat=-1.0, hdg=-3°, npcs=45)
  [..] 000849: finally start
  [..] 000849: drain tick
  [..] 000849: destroy cam
  [..] 000849: destroy 45 npcs
  [..] 000849: destroy leader
  [..] 000849: destroy follower
  [..] 000849: post-cleanup tick
  [..] 000849: finally end
  [..] 000850: spawn follower
  [..] 000850: spawn leader
  [..] 000850: spawn NPCs (near=15, scattered=30)
  [..] 000850: spawn camera
  [..] 000850: settle (no listener)
  [..] 000850: tick 10/80
  [..] 000850: tick 20/80
  [..] 000850: tick 30/80
  [..] 000850: tick 40/80
  [..] 000850: tick 50/80
  [..] 000850: tick 60/80
  [..] 000850: tick 70/80
  [..] 000850: tick 80/80
  [..] 000850: cam.listen (skip 20 stale frames)
  [OK] 000850.png  (Town10HD_Opt, ClearNoon, sun=51°, dist=7m, lat=+0.0, hdg=-2°, npcs=45)
  [..] 000850: finally start
  [..] 000850: drain tick
  [..] 000850: destroy cam
  [..] 000850: destroy 45 npcs
  [..] 000850: destroy leader
  [..] 000850: destroy follower
  [..] 000850: post-cleanup tick
  [..] 000850: finally end
  [SKIP] 000851: no valid lane at shift=-1 from follower lane
  [SKIP] 000851: no valid lane at shift=+1 from follower lane
  [SKIP] 000851: no valid lane at shift=+1 from follower lane
  [..] 000851: spawn follower
  [..] 000851: spawn leader
  [..] 000851: spawn NPCs (near=15, scattered=30)
  [..] 000851: spawn camera
  [..] 000851: settle (no listener)
  [..] 000851: tick 10/80
  [..] 000851: tick 20/80
  [..] 000851: tick 30/80
  [..] 000851: tick 40/80
  [..] 000851: tick 50/80
  [..] 000851: tick 60/80
  [..] 000851: tick 70/80
  [..] 000851: tick 80/80
  [..] 000851: cam.listen (skip 20 stale frames)
  [OK] 000851.png  (Town10HD_Opt, MidRainyNoon, sun=51°, dist=7m, lat=+1.0, hdg=-4°, npcs=45)
  [..] 000851: finally start
  [..] 000851: drain tick
  [..] 000851: destroy cam
  [..] 000851: destroy 45 npcs
  [..] 000851: destroy leader
  [..] 000851: destroy follower
  [..] 000851: post-cleanup tick
  [..] 000851: finally end
  [..] 000852: spawn follower
  [..] 000852: spawn leader
  [..] 000852: spawn NPCs (near=15, scattered=30)
  [..] 000852: spawn camera
  [..] 000852: settle (no listener)
  [..] 000852: tick 10/80
  [..] 000852: tick 20/80
  [..] 000852: tick 30/80
  [..] 000852: tick 40/80
  [..] 000852: tick 50/80
  [..] 000852: tick 60/80
  [..] 000852: tick 70/80
  [..] 000852: tick 80/80
  [..] 000852: cam.listen (skip 20 stale frames)
  [OK] 000852.png  (Town10HD_Opt, CloudyNoon, sun=51°, dist=7m, lat=+0.0, hdg=-0°, npcs=45)
  [..] 000852: finally start
  [..] 000852: drain tick
  [..] 000852: destroy cam
  [..] 000852: destroy 45 npcs
  [..] 000852: destroy leader
  [..] 000852: destroy follower
  [..] 000852: post-cleanup tick
  [..] 000852: finally end
  [..] 000853: spawn follower
  [..] 000853: spawn leader
  [..] 000853: spawn NPCs (near=15, scattered=30)
  [..] 000853: spawn camera
  [..] 000853: settle (no listener)
  [..] 000853: tick 10/80
  [..] 000853: tick 20/80
  [..] 000853: tick 30/80
  [..] 000853: tick 40/80
  [..] 000853: tick 50/80
  [..] 000853: tick 60/80
  [..] 000853: tick 70/80
  [..] 000853: tick 80/80
  [..] 000853: cam.listen (skip 20 stale frames)
  [OK] 000853.png  (Town10HD_Opt, CloudyNoon, sun=39°, dist=10m, lat=+1.0, hdg=+1°, npcs=45)
  [..] 000853: finally start
  [..] 000853: drain tick
  [..] 000853: destroy cam
  [..] 000853: destroy 45 npcs
  [..] 000853: destroy leader
  [..] 000853: destroy follower
  [..] 000853: post-cleanup tick
  [..] 000853: finally end
  [..] 000854: spawn follower
  [..] 000854: spawn leader
  [..] 000854: spawn NPCs (near=15, scattered=30)
  [..] 000854: spawn camera
  [..] 000854: settle (no listener)
  [..] 000854: tick 10/80
  [..] 000854: tick 20/80
  [..] 000854: tick 30/80
  [..] 000854: tick 40/80
  [..] 000854: tick 50/80
  [..] 000854: tick 60/80
  [..] 000854: tick 70/80
  [..] 000854: tick 80/80
  [..] 000854: cam.listen (skip 20 stale frames)
  [OK] 000854.png  (Town10HD_Opt, MidRainyNoon, sun=34°, dist=7m, lat=+0.0, hdg=-4°, npcs=45)
  [..] 000854: finally start
  [..] 000854: drain tick
  [..] 000854: destroy cam
  [..] 000854: destroy 45 npcs
  [..] 000854: destroy leader
  [..] 000854: destroy follower
  [..] 000854: post-cleanup tick
  [..] 000854: finally end
  [..] 000855: spawn follower
  [..] 000855: spawn leader
  [..] 000855: spawn NPCs (near=15, scattered=30)
  [..] 000855: spawn camera
  [..] 000855: settle (no listener)
  [..] 000855: tick 10/80
  [..] 000855: tick 20/80
  [..] 000855: tick 30/80
  [..] 000855: tick 40/80
  [..] 000855: tick 50/80
  [..] 000855: tick 60/80
  [..] 000855: tick 70/80
  [..] 000855: tick 80/80
  [..] 000855: cam.listen (skip 20 stale frames)
  [OK] 000855.png  (Town10HD_Opt, WetNoon, sun=31°, dist=9m, lat=+0.0, hdg=+2°, npcs=45)
  [..] 000855: finally start
  [..] 000855: drain tick
  [..] 000855: destroy cam
  [..] 000855: destroy 45 npcs
  [..] 000855: destroy leader
  [..] 000855: destroy follower
  [..] 000855: post-cleanup tick
  [..] 000855: finally end
  [..] 000856: spawn follower
  [..] 000856: spawn leader
  [..] 000856: spawn NPCs (near=15, scattered=30)
  [..] 000856: spawn camera
  [..] 000856: settle (no listener)
  [..] 000856: tick 10/80
  [..] 000856: tick 20/80
  [..] 000856: tick 30/80
  [..] 000856: tick 40/80
  [..] 000856: tick 50/80
  [..] 000856: tick 60/80
  [..] 000856: tick 70/80
  [..] 000856: tick 80/80
  [..] 000856: cam.listen (skip 20 stale frames)
  [OK] 000856.png  (Town10HD_Opt, MidRainyNoon, sun=49°, dist=13m, lat=+0.0, hdg=+5°, npcs=45)
  [..] 000856: finally start
  [..] 000856: drain tick
  [..] 000856: destroy cam
  [..] 000856: destroy 45 npcs
  [..] 000856: destroy leader
  [..] 000856: destroy follower
  [..] 000856: post-cleanup tick
  [..] 000856: finally end
  [SKIP] 000857: no valid lane at shift=+1 from follower lane
  [SKIP] 000857: no valid lane at shift=+1 from follower lane
  [..] 000857: spawn follower
  [..] 000857: spawn leader
  [..] 000857: spawn NPCs (near=15, scattered=30)
  [..] 000857: spawn camera
  [..] 000857: settle (no listener)
  [..] 000857: tick 10/80
  [..] 000857: tick 20/80
  [..] 000857: tick 30/80
  [..] 000857: tick 40/80
  [..] 000857: tick 50/80
  [..] 000857: tick 60/80
  [..] 000857: tick 70/80
  [..] 000857: tick 80/80
  [..] 000857: cam.listen (skip 20 stale frames)
  [OK] 000857.png  (Town10HD_Opt, ClearNoon, sun=36°, dist=16m, lat=+0.0, hdg=-4°, npcs=45)
  [..] 000857: finally start
  [..] 000857: drain tick
  [..] 000857: destroy cam
  [..] 000857: destroy 45 npcs
  [..] 000857: destroy leader
  [..] 000857: destroy follower
  [..] 000857: post-cleanup tick
  [..] 000857: finally end
  [..] 000858: spawn follower
  [..] 000858: spawn leader
  [..] 000858: spawn NPCs (near=15, scattered=30)
  [..] 000858: spawn camera
  [..] 000858: settle (no listener)
  [..] 000858: tick 10/80
  [..] 000858: tick 20/80
  [..] 000858: tick 30/80
  [..] 000858: tick 40/80
  [..] 000858: tick 50/80
  [..] 000858: tick 60/80
  [..] 000858: tick 70/80
  [..] 000858: tick 80/80
  [..] 000858: cam.listen (skip 20 stale frames)
  [OK] 000858.png  (Town10HD_Opt, ClearNoon, sun=32°, dist=13m, lat=+0.0, hdg=-4°, npcs=45)
  [..] 000858: finally start
  [..] 000858: drain tick
  [..] 000858: destroy cam
  [..] 000858: destroy 45 npcs
  [..] 000858: destroy leader
  [..] 000858: destroy follower
  [..] 000858: post-cleanup tick
  [..] 000858: finally end
  [SKIP] 000859: no valid lane at shift=+1 from follower lane
  [..] 000859: spawn follower
  [..] 000859: spawn leader
  [..] 000859: spawn NPCs (near=15, scattered=30)
  [..] 000859: spawn camera
  [..] 000859: settle (no listener)
  [..] 000859: tick 10/80
  [..] 000859: tick 20/80
  [..] 000859: tick 30/80
  [..] 000859: tick 40/80
  [..] 000859: tick 50/80
  [..] 000859: tick 60/80
  [..] 000859: tick 70/80
  [..] 000859: tick 80/80
  [..] 000859: cam.listen (skip 20 stale frames)
  [OK] 000859.png  (Town10HD_Opt, ClearNoon, sun=55°, dist=11m, lat=+0.0, hdg=+3°, npcs=45)
  [..] 000859: finally start
  [..] 000859: drain tick
  [..] 000859: destroy cam
  [..] 000859: destroy 45 npcs
  [..] 000859: destroy leader
  [..] 000859: destroy follower
  [..] 000859: post-cleanup tick
  [..] 000859: finally end
  [..] 000860: spawn follower
  [..] 000860: spawn leader
  [..] 000860: spawn NPCs (near=15, scattered=30)
  [..] 000860: spawn camera
  [..] 000860: settle (no listener)
  [..] 000860: tick 10/80
  [..] 000860: tick 20/80
  [..] 000860: tick 30/80
  [..] 000860: tick 40/80
  [..] 000860: tick 50/80
  [..] 000860: tick 60/80
  [..] 000860: tick 70/80
  [..] 000860: tick 80/80
  [..] 000860: cam.listen (skip 20 stale frames)
  [OK] 000860.png  (Town10HD_Opt, WetNoon, sun=56°, dist=7m, lat=-1.0, hdg=-1°, npcs=45)
  [..] 000860: finally start
  [..] 000860: drain tick
  [..] 000860: destroy cam
  [..] 000860: destroy 45 npcs
  [..] 000860: destroy leader
  [..] 000860: destroy follower
  [..] 000860: post-cleanup tick
  [..] 000860: finally end
  [..] 000861: spawn follower
  [..] 000861: spawn leader
  [..] 000861: spawn NPCs (near=15, scattered=30)
  [..] 000861: spawn camera
  [..] 000861: settle (no listener)
  [..] 000861: tick 10/80
  [..] 000861: tick 20/80
  [..] 000861: tick 30/80
  [..] 000861: tick 40/80
  [..] 000861: tick 50/80
  [..] 000861: tick 60/80
  [..] 000861: tick 70/80
  [..] 000861: tick 80/80
  [..] 000861: cam.listen (skip 20 stale frames)
  [OK] 000861.png  (Town10HD_Opt, MidRainyNoon, sun=62°, dist=17m, lat=+0.0, hdg=+3°, npcs=45)
  [..] 000861: finally start
  [..] 000861: drain tick
  [..] 000861: destroy cam
  [..] 000861: destroy 45 npcs
  [..] 000861: destroy leader
  [..] 000861: destroy follower
  [..] 000861: post-cleanup tick
  [..] 000861: finally end
  [..] 000862: spawn follower
  [..] 000862: spawn leader
  [..] 000862: spawn NPCs (near=15, scattered=30)
  [..] 000862: spawn camera
  [..] 000862: settle (no listener)
  [..] 000862: tick 10/80
  [..] 000862: tick 20/80
  [..] 000862: tick 30/80
  [..] 000862: tick 40/80
  [..] 000862: tick 50/80
  [..] 000862: tick 60/80
  [..] 000862: tick 70/80
  [..] 000862: tick 80/80
  [..] 000862: cam.listen (skip 20 stale frames)
  [OK] 000862.png  (Town10HD_Opt, CloudyNoon, sun=61°, dist=8m, lat=+0.0, hdg=-4°, npcs=45)
  [..] 000862: finally start
  [..] 000862: drain tick
  [..] 000862: destroy cam
  [..] 000862: destroy 45 npcs
  [..] 000862: destroy leader
  [..] 000862: destroy follower
  [..] 000862: post-cleanup tick
  [..] 000862: finally end
  [..] 000863: spawn follower
  [..] 000863: spawn leader
  [..] 000863: spawn NPCs (near=15, scattered=30)
  [..] 000863: spawn camera
  [..] 000863: settle (no listener)
  [..] 000863: tick 10/80
  [..] 000863: tick 20/80
  [..] 000863: tick 30/80
  [..] 000863: tick 40/80
  [..] 000863: tick 50/80
  [..] 000863: tick 60/80
  [..] 000863: tick 70/80
  [..] 000863: tick 80/80
  [..] 000863: cam.listen (skip 20 stale frames)
  [OK] 000863.png  (Town10HD_Opt, WetNoon, sun=29°, dist=14m, lat=-1.0, hdg=-3°, npcs=45)
  [..] 000863: finally start
  [..] 000863: drain tick
  [..] 000863: destroy cam
  [..] 000863: destroy 45 npcs
  [..] 000863: destroy leader
  [..] 000863: destroy follower
  [..] 000863: post-cleanup tick
  [..] 000863: finally end
  [..] 000864: spawn follower
  [..] 000864: spawn leader
  [..] 000864: spawn NPCs (near=15, scattered=30)
  [..] 000864: spawn camera
  [..] 000864: settle (no listener)
  [..] 000864: tick 10/80
  [..] 000864: tick 20/80
  [..] 000864: tick 30/80
  [..] 000864: tick 40/80
  [..] 000864: tick 50/80
  [..] 000864: tick 60/80
  [..] 000864: tick 70/80
  [..] 000864: tick 80/80
  [..] 000864: cam.listen (skip 20 stale frames)
  [OK] 000864.png  (Town10HD_Opt, MidRainyNoon, sun=52°, dist=17m, lat=+0.0, hdg=+1°, npcs=45)
  [..] 000864: finally start
  [..] 000864: drain tick
  [..] 000864: destroy cam
  [..] 000864: destroy 45 npcs
  [..] 000864: destroy leader
  [..] 000864: destroy follower
  [..] 000864: post-cleanup tick
  [..] 000864: finally end
  [SKIP] 000865: no valid lane at shift=-1 from follower lane
  [SKIP] 000865: no valid lane at shift=-1 from follower lane
  [..] 000865: spawn follower
  [..] 000865: spawn leader
  [..] 000865: spawn NPCs (near=15, scattered=30)
  [..] 000865: spawn camera
  [..] 000865: settle (no listener)
  [..] 000865: tick 10/80
  [..] 000865: tick 20/80
  [..] 000865: tick 30/80
  [..] 000865: tick 40/80
  [..] 000865: tick 50/80
  [..] 000865: tick 60/80
  [..] 000865: tick 70/80
  [..] 000865: tick 80/80
  [..] 000865: cam.listen (skip 20 stale frames)
  [OK] 000865.png  (Town10HD_Opt, ClearNoon, sun=67°, dist=16m, lat=+0.0, hdg=-5°, npcs=45)
  [..] 000865: finally start
  [..] 000865: drain tick
  [..] 000865: destroy cam
  [..] 000865: destroy 45 npcs
  [..] 000865: destroy leader
  [..] 000865: destroy follower
  [..] 000865: post-cleanup tick
  [..] 000865: finally end
  [SKIP] 000866: no valid lane at shift=-1 from follower lane
  [SKIP] 000866: no valid lane at shift=+1 from follower lane
  [SKIP] 000866: no valid lane at shift=-1 from follower lane
  [..] 000866: spawn follower
  [..] 000866: spawn leader
  [..] 000866: spawn NPCs (near=15, scattered=30)
  [..] 000866: spawn camera
  [..] 000866: settle (no listener)
  [..] 000866: tick 10/80
  [..] 000866: tick 20/80
  [..] 000866: tick 30/80
  [..] 000866: tick 40/80
  [..] 000866: tick 50/80
  [..] 000866: tick 60/80
  [..] 000866: tick 70/80
  [..] 000866: tick 80/80
  [..] 000866: cam.listen (skip 20 stale frames)
  [OK] 000866.png  (Town10HD_Opt, ClearNoon, sun=35°, dist=14m, lat=+0.0, hdg=+2°, npcs=45)
  [..] 000866: finally start
  [..] 000866: drain tick
  [..] 000866: destroy cam
  [..] 000866: destroy 45 npcs
  [..] 000866: destroy leader
  [..] 000866: destroy follower
  [..] 000866: post-cleanup tick
  [..] 000866: finally end
  [..] 000867: spawn follower
  [..] 000867: spawn leader
  [..] 000867: spawn NPCs (near=15, scattered=30)
  [..] 000867: spawn camera
  [..] 000867: settle (no listener)
  [..] 000867: tick 10/80
  [..] 000867: tick 20/80
  [..] 000867: tick 30/80
  [..] 000867: tick 40/80
  [..] 000867: tick 50/80
  [..] 000867: tick 60/80
  [..] 000867: tick 70/80
  [..] 000867: tick 80/80
  [..] 000867: cam.listen (skip 20 stale frames)
  [OK] 000867.png  (Town10HD_Opt, WetNoon, sun=47°, dist=9m, lat=+0.0, hdg=-4°, npcs=45)
  [..] 000867: finally start
  [..] 000867: drain tick
  [..] 000867: destroy cam
  [..] 000867: destroy 45 npcs
  [..] 000867: destroy leader
  [..] 000867: destroy follower
  [..] 000867: post-cleanup tick
  [..] 000867: finally end
  [..] 000868: spawn follower
  [..] 000868: spawn leader
  [..] 000868: spawn NPCs (near=15, scattered=30)
  [..] 000868: spawn camera
  [..] 000868: settle (no listener)
  [..] 000868: tick 10/80
  [..] 000868: tick 20/80
  [..] 000868: tick 30/80
  [..] 000868: tick 40/80
  [..] 000868: tick 50/80
  [..] 000868: tick 60/80
  [..] 000868: tick 70/80
  [..] 000868: tick 80/80
  [..] 000868: cam.listen (skip 20 stale frames)
  [OK] 000868.png  (Town10HD_Opt, CloudyNoon, sun=48°, dist=17m, lat=-1.0, hdg=-2°, npcs=45)
  [..] 000868: finally start
  [..] 000868: drain tick
  [..] 000868: destroy cam
  [..] 000868: destroy 45 npcs
  [..] 000868: destroy leader
  [..] 000868: destroy follower
  [..] 000868: post-cleanup tick
  [..] 000868: finally end
  [..] 000869: spawn follower
  [..] 000869: spawn leader
  [..] 000869: spawn NPCs (near=15, scattered=30)
  [..] 000869: spawn camera
  [..] 000869: settle (no listener)
  [..] 000869: tick 10/80
  [..] 000869: tick 20/80
  [..] 000869: tick 30/80
  [..] 000869: tick 40/80
  [..] 000869: tick 50/80
  [..] 000869: tick 60/80
  [..] 000869: tick 70/80
  [..] 000869: tick 80/80
  [..] 000869: cam.listen (skip 20 stale frames)
  [OK] 000869.png  (Town10HD_Opt, ClearNoon, sun=29°, dist=15m, lat=-1.0, hdg=+1°, npcs=45)
  [..] 000869: finally start
  [..] 000869: drain tick
  [..] 000869: destroy cam
  [..] 000869: destroy 45 npcs
  [..] 000869: destroy leader
  [..] 000869: destroy follower
  [..] 000869: post-cleanup tick
  [..] 000869: finally end
  [SKIP] 000870: no valid lane at shift=+1 from follower lane
  [..] 000870: spawn follower
  [..] 000870: spawn leader
  [..] 000870: spawn NPCs (near=15, scattered=30)
  [..] 000870: spawn camera
  [..] 000870: settle (no listener)
  [..] 000870: tick 10/80
  [..] 000870: tick 20/80
  [..] 000870: tick 30/80
  [..] 000870: tick 40/80
  [..] 000870: tick 50/80
  [..] 000870: tick 60/80
  [..] 000870: tick 70/80
  [..] 000870: tick 80/80
  [..] 000870: cam.listen (skip 20 stale frames)
  [OK] 000870.png  (Town10HD_Opt, MidRainyNoon, sun=53°, dist=17m, lat=+0.0, hdg=+4°, npcs=45)
  [..] 000870: finally start
  [..] 000870: drain tick
  [..] 000870: destroy cam
  [..] 000870: destroy 45 npcs
  [..] 000870: destroy leader
  [..] 000870: destroy follower
  [..] 000870: post-cleanup tick
  [..] 000870: finally end
  [..] 000871: spawn follower
  [..] 000871: spawn leader
  [..] 000871: spawn NPCs (near=15, scattered=30)
  [..] 000871: spawn camera
  [..] 000871: settle (no listener)
  [..] 000871: tick 10/80
  [..] 000871: tick 20/80
  [..] 000871: tick 30/80
  [..] 000871: tick 40/80
  [..] 000871: tick 50/80
  [..] 000871: tick 60/80
  [..] 000871: tick 70/80
  [..] 000871: tick 80/80
  [..] 000871: cam.listen (skip 20 stale frames)
  [OK] 000871.png  (Town10HD_Opt, ClearNoon, sun=32°, dist=13m, lat=+1.0, hdg=-4°, npcs=45)
  [..] 000871: finally start
  [..] 000871: drain tick
  [..] 000871: destroy cam
  [..] 000871: destroy 45 npcs
  [..] 000871: destroy leader
  [..] 000871: destroy follower
  [..] 000871: post-cleanup tick
  [..] 000871: finally end
  [..] 000872: spawn follower
  [..] 000872: spawn leader
  [..] 000872: spawn NPCs (near=15, scattered=30)
  [..] 000872: spawn camera
  [..] 000872: settle (no listener)
  [..] 000872: tick 10/80
  [..] 000872: tick 20/80
  [..] 000872: tick 30/80
  [..] 000872: tick 40/80
  [..] 000872: tick 50/80
  [..] 000872: tick 60/80
  [..] 000872: tick 70/80
  [..] 000872: tick 80/80
  [..] 000872: cam.listen (skip 20 stale frames)
  [OK] 000872.png  (Town10HD_Opt, ClearNoon, sun=27°, dist=12m, lat=-1.0, hdg=-1°, npcs=45)
  [..] 000872: finally start
  [..] 000872: drain tick
  [..] 000872: destroy cam
  [..] 000872: destroy 45 npcs
  [..] 000872: destroy leader
  [..] 000872: destroy follower
  [..] 000872: post-cleanup tick
  [..] 000872: finally end
  [SKIP] 000873: no valid lane at shift=+1 from follower lane
  [..] 000873: spawn follower
  [..] 000873: spawn leader
  [..] 000873: spawn NPCs (near=15, scattered=30)
  [..] 000873: spawn camera
  [..] 000873: settle (no listener)
  [..] 000873: tick 10/80
  [..] 000873: tick 20/80
  [..] 000873: tick 30/80
  [..] 000873: tick 40/80
  [..] 000873: tick 50/80
  [..] 000873: tick 60/80
  [..] 000873: tick 70/80
  [..] 000873: tick 80/80
  [..] 000873: cam.listen (skip 20 stale frames)
  [OK] 000873.png  (Town10HD_Opt, ClearNoon, sun=44°, dist=6m, lat=-1.0, hdg=-3°, npcs=45)
  [..] 000873: finally start
  [..] 000873: drain tick
  [..] 000873: destroy cam
  [..] 000873: destroy 45 npcs
  [..] 000873: destroy leader
  [..] 000873: destroy follower
  [..] 000873: post-cleanup tick
  [..] 000873: finally end
  [SKIP] 000874: no valid lane at shift=-1 from follower lane
  [..] 000874: spawn follower
  [..] 000874: spawn leader
  [..] 000874: spawn NPCs (near=15, scattered=30)
  [..] 000874: spawn camera
  [..] 000874: settle (no listener)
  [..] 000874: tick 10/80
  [..] 000874: tick 20/80
  [..] 000874: tick 30/80
  [..] 000874: tick 40/80
  [..] 000874: tick 50/80
  [..] 000874: tick 60/80
  [..] 000874: tick 70/80
  [..] 000874: tick 80/80
  [..] 000874: cam.listen (skip 20 stale frames)
  [OK] 000874.png  (Town10HD_Opt, ClearNoon, sun=43°, dist=10m, lat=-1.0, hdg=-3°, npcs=45)
  [..] 000874: finally start
  [..] 000874: drain tick
  [..] 000874: destroy cam
  [..] 000874: destroy 45 npcs
  [..] 000874: destroy leader
  [..] 000874: destroy follower
  [..] 000874: post-cleanup tick
  [..] 000874: finally end
  [..] 000875: spawn follower
  [..] 000875: spawn leader
  [..] 000875: spawn NPCs (near=15, scattered=30)
  [..] 000875: spawn camera
  [..] 000875: settle (no listener)
  [..] 000875: tick 10/80
  [..] 000875: tick 20/80
  [..] 000875: tick 30/80
  [..] 000875: tick 40/80
  [..] 000875: tick 50/80
  [..] 000875: tick 60/80
  [..] 000875: tick 70/80
  [..] 000875: tick 80/80
  [..] 000875: cam.listen (skip 20 stale frames)
  [OK] 000875.png  (Town10HD_Opt, MidRainyNoon, sun=54°, dist=14m, lat=+0.0, hdg=+3°, npcs=45)
  [..] 000875: finally start
  [..] 000875: drain tick
  [..] 000875: destroy cam
  [..] 000875: destroy 45 npcs
  [..] 000875: destroy leader
  [..] 000875: destroy follower
  [..] 000875: post-cleanup tick
  [..] 000875: finally end
  [..] 000876: spawn follower
  [..] 000876: spawn leader
  [..] 000876: spawn NPCs (near=15, scattered=30)
  [..] 000876: spawn camera
  [..] 000876: settle (no listener)
  [..] 000876: tick 10/80
  [..] 000876: tick 20/80
  [..] 000876: tick 30/80
  [..] 000876: tick 40/80
  [..] 000876: tick 50/80
  [..] 000876: tick 60/80
  [..] 000876: tick 70/80
  [..] 000876: tick 80/80
  [..] 000876: cam.listen (skip 20 stale frames)
  [OK] 000876.png  (Town10HD_Opt, MidRainyNoon, sun=57°, dist=11m, lat=+0.0, hdg=+3°, npcs=45)
  [..] 000876: finally start
  [..] 000876: drain tick
  [..] 000876: destroy cam
  [..] 000876: destroy 45 npcs
  [..] 000876: destroy leader
  [..] 000876: destroy follower
  [..] 000876: post-cleanup tick
  [..] 000876: finally end
  [..] 000877: spawn follower
  [..] 000877: spawn leader
  [..] 000877: spawn NPCs (near=15, scattered=30)
  [..] 000877: spawn camera
  [..] 000877: settle (no listener)
  [..] 000877: tick 10/80
  [..] 000877: tick 20/80
  [..] 000877: tick 30/80
  [..] 000877: tick 40/80
  [..] 000877: tick 50/80
  [..] 000877: tick 60/80
  [..] 000877: tick 70/80
  [..] 000877: tick 80/80
  [..] 000877: cam.listen (skip 20 stale frames)
  [OK] 000877.png  (Town10HD_Opt, CloudyNoon, sun=60°, dist=14m, lat=+1.0, hdg=+2°, npcs=45)
  [..] 000877: finally start
  [..] 000877: drain tick
  [..] 000877: destroy cam
  [..] 000877: destroy 45 npcs
  [..] 000877: destroy leader
  [..] 000877: destroy follower
  [..] 000877: post-cleanup tick
  [..] 000877: finally end
  [SKIP] 000878: no valid lane at shift=+1 from follower lane
  [..] 000878: spawn follower
  [..] 000878: spawn leader
  [..] 000878: spawn NPCs (near=15, scattered=30)
  [..] 000878: spawn camera
  [..] 000878: settle (no listener)
  [..] 000878: tick 10/80
  [..] 000878: tick 20/80
  [..] 000878: tick 30/80
  [..] 000878: tick 40/80
  [..] 000878: tick 50/80
  [..] 000878: tick 60/80
  [..] 000878: tick 70/80
  [..] 000878: tick 80/80
  [..] 000878: cam.listen (skip 20 stale frames)
  [OK] 000878.png  (Town10HD_Opt, MidRainyNoon, sun=64°, dist=11m, lat=+0.0, hdg=+2°, npcs=45)
  [..] 000878: finally start
  [..] 000878: drain tick
  [..] 000878: destroy cam
  [..] 000878: destroy 45 npcs
  [..] 000878: destroy leader
  [..] 000878: destroy follower
  [..] 000878: post-cleanup tick
  [..] 000878: finally end
  [..] 000879: spawn follower
  [..] 000879: spawn leader
  [..] 000879: spawn NPCs (near=15, scattered=30)
  [..] 000879: spawn camera
  [..] 000879: settle (no listener)
  [..] 000879: tick 10/80
  [..] 000879: tick 20/80
  [..] 000879: tick 30/80
  [..] 000879: tick 40/80
  [..] 000879: tick 50/80
  [..] 000879: tick 60/80
  [..] 000879: tick 70/80
  [..] 000879: tick 80/80
  [..] 000879: cam.listen (skip 20 stale frames)
  [OK] 000879.png  (Town10HD_Opt, CloudyNoon, sun=31°, dist=11m, lat=-1.0, hdg=-4°, npcs=45)
  [..] 000879: finally start
  [..] 000879: drain tick
  [..] 000879: destroy cam
  [..] 000879: destroy 45 npcs
  [..] 000879: destroy leader
  [..] 000879: destroy follower
  [..] 000879: post-cleanup tick
  [..] 000879: finally end
  [SKIP] 000880: no valid lane at shift=+1 from follower lane
  [..] 000880: spawn follower
  [..] 000880: spawn leader
  [..] 000880: spawn NPCs (near=15, scattered=30)
  [..] 000880: spawn camera
  [..] 000880: settle (no listener)
  [..] 000880: tick 10/80
  [..] 000880: tick 20/80
  [..] 000880: tick 30/80
  [..] 000880: tick 40/80
  [..] 000880: tick 50/80
  [..] 000880: tick 60/80
  [..] 000880: tick 70/80
  [..] 000880: tick 80/80
  [..] 000880: cam.listen (skip 20 stale frames)
  [OK] 000880.png  (Town10HD_Opt, CloudyNoon, sun=26°, dist=13m, lat=+0.0, hdg=-0°, npcs=45)
  [..] 000880: finally start
  [..] 000880: drain tick
  [..] 000880: destroy cam
  [..] 000880: destroy 45 npcs
  [..] 000880: destroy leader
  [..] 000880: destroy follower
  [..] 000880: post-cleanup tick
  [..] 000880: finally end
  [..] 000881: spawn follower
  [..] 000881: spawn leader
  [..] 000881: spawn NPCs (near=15, scattered=30)
  [..] 000881: spawn camera
  [..] 000881: settle (no listener)
  [..] 000881: tick 10/80
  [..] 000881: tick 20/80
  [..] 000881: tick 30/80
  [..] 000881: tick 40/80
  [..] 000881: tick 50/80
  [..] 000881: tick 60/80
  [..] 000881: tick 70/80
  [..] 000881: tick 80/80
  [..] 000881: cam.listen (skip 20 stale frames)
  [OK] 000881.png  (Town10HD_Opt, CloudyNoon, sun=40°, dist=16m, lat=+0.0, hdg=-1°, npcs=45)
  [..] 000881: finally start
  [..] 000881: drain tick
  [..] 000881: destroy cam
  [..] 000881: destroy 45 npcs
  [..] 000881: destroy leader
  [..] 000881: destroy follower
  [..] 000881: post-cleanup tick
  [..] 000881: finally end
  [..] 000882: spawn follower
  [..] 000882: spawn leader
  [..] 000882: spawn NPCs (near=15, scattered=30)
  [..] 000882: spawn camera
  [..] 000882: settle (no listener)
  [..] 000882: tick 10/80
  [..] 000882: tick 20/80
  [..] 000882: tick 30/80
  [..] 000882: tick 40/80
  [..] 000882: tick 50/80
  [..] 000882: tick 60/80
  [..] 000882: tick 70/80
  [..] 000882: tick 80/80
  [..] 000882: cam.listen (skip 20 stale frames)
  [OK] 000882.png  (Town10HD_Opt, CloudyNoon, sun=29°, dist=14m, lat=+0.0, hdg=-2°, npcs=45)
  [..] 000882: finally start
  [..] 000882: drain tick
  [..] 000882: destroy cam
  [..] 000882: destroy 45 npcs
  [..] 000882: destroy leader
  [..] 000882: destroy follower
  [..] 000882: post-cleanup tick
  [..] 000882: finally end
  [..] 000883: spawn follower
  [..] 000883: spawn leader
  [..] 000883: spawn NPCs (near=15, scattered=30)
  [..] 000883: spawn camera
  [..] 000883: settle (no listener)
  [..] 000883: tick 10/80
  [..] 000883: tick 20/80
  [..] 000883: tick 30/80
  [..] 000883: tick 40/80
  [..] 000883: tick 50/80
  [..] 000883: tick 60/80
  [..] 000883: tick 70/80
  [..] 000883: tick 80/80
  [..] 000883: cam.listen (skip 20 stale frames)
  [OK] 000883.png  (Town10HD_Opt, MidRainyNoon, sun=69°, dist=12m, lat=-1.0, hdg=-4°, npcs=45)
  [..] 000883: finally start
  [..] 000883: drain tick
  [..] 000883: destroy cam
  [..] 000883: destroy 45 npcs
  [..] 000883: destroy leader
  [..] 000883: destroy follower
  [..] 000883: post-cleanup tick
  [..] 000883: finally end
  [..] 000884: spawn follower
  [..] 000884: spawn leader
  [..] 000884: spawn NPCs (near=15, scattered=30)
  [..] 000884: spawn camera
  [..] 000884: settle (no listener)
  [..] 000884: tick 10/80
  [..] 000884: tick 20/80
  [..] 000884: tick 30/80
  [..] 000884: tick 40/80
  [..] 000884: tick 50/80
  [..] 000884: tick 60/80
  [..] 000884: tick 70/80
  [..] 000884: tick 80/80
  [..] 000884: cam.listen (skip 20 stale frames)
  [OK] 000884.png  (Town10HD_Opt, ClearNoon, sun=52°, dist=14m, lat=-1.0, hdg=+1°, npcs=45)
  [..] 000884: finally start
  [..] 000884: drain tick
  [..] 000884: destroy cam
  [..] 000884: destroy 45 npcs
  [..] 000884: destroy leader
  [..] 000884: destroy follower
  [..] 000884: post-cleanup tick
  [..] 000884: finally end
  [SKIP] 000885: no valid lane at shift=+1 from follower lane
  [..] 000885: spawn follower
  [..] 000885: spawn leader
  [..] 000885: spawn NPCs (near=15, scattered=30)
  [..] 000885: spawn camera
  [..] 000885: settle (no listener)
  [..] 000885: tick 10/80
  [..] 000885: tick 20/80
  [..] 000885: tick 30/80
  [..] 000885: tick 40/80
  [..] 000885: tick 50/80
  [..] 000885: tick 60/80
  [..] 000885: tick 70/80
  [..] 000885: tick 80/80
  [..] 000885: cam.listen (skip 20 stale frames)
  [OK] 000885.png  (Town10HD_Opt, WetNoon, sun=70°, dist=12m, lat=+0.0, hdg=+0°, npcs=45)
  [..] 000885: finally start
  [..] 000885: drain tick
  [..] 000885: destroy cam
  [..] 000885: destroy 45 npcs
  [..] 000885: destroy leader
  [..] 000885: destroy follower
  [..] 000885: post-cleanup tick
  [..] 000885: finally end
  [SKIP] 000886: no valid lane at shift=-1 from follower lane
  [SKIP] 000886: no valid lane at shift=-1 from follower lane
  [..] 000886: spawn follower
  [..] 000886: spawn leader
  [..] 000886: spawn NPCs (near=15, scattered=30)
  [..] 000886: spawn camera
  [..] 000886: settle (no listener)
  [..] 000886: tick 10/80
  [..] 000886: tick 20/80
  [..] 000886: tick 30/80
  [..] 000886: tick 40/80
  [..] 000886: tick 50/80
  [..] 000886: tick 60/80
  [..] 000886: tick 70/80
  [..] 000886: tick 80/80
  [..] 000886: cam.listen (skip 20 stale frames)
  [OK] 000886.png  (Town10HD_Opt, CloudyNoon, sun=38°, dist=11m, lat=+0.0, hdg=+1°, npcs=45)
  [..] 000886: finally start
  [..] 000886: drain tick
  [..] 000886: destroy cam
  [..] 000886: destroy 45 npcs
  [..] 000886: destroy leader
  [..] 000886: destroy follower
  [..] 000886: post-cleanup tick
  [..] 000886: finally end
  [..] 000887: spawn follower
  [..] 000887: spawn leader
  [..] 000887: spawn NPCs (near=15, scattered=30)
  [..] 000887: spawn camera
  [..] 000887: settle (no listener)
  [..] 000887: tick 10/80
  [..] 000887: tick 20/80
  [..] 000887: tick 30/80
  [..] 000887: tick 40/80
  [..] 000887: tick 50/80
  [..] 000887: tick 60/80
  [..] 000887: tick 70/80
  [..] 000887: tick 80/80
  [..] 000887: cam.listen (skip 20 stale frames)
  [OK] 000887.png  (Town10HD_Opt, ClearNoon, sun=48°, dist=13m, lat=+0.0, hdg=+1°, npcs=45)
  [..] 000887: finally start
  [..] 000887: drain tick
  [..] 000887: destroy cam
  [..] 000887: destroy 45 npcs
  [..] 000887: destroy leader
  [..] 000887: destroy follower
  [..] 000887: post-cleanup tick
  [..] 000887: finally end
  [..] 000888: spawn follower
  [..] 000888: spawn leader
  [..] 000888: spawn NPCs (near=15, scattered=30)
  [..] 000888: spawn camera
  [..] 000888: settle (no listener)
  [..] 000888: tick 10/80
  [..] 000888: tick 20/80
  [..] 000888: tick 30/80
  [..] 000888: tick 40/80
  [..] 000888: tick 50/80
  [..] 000888: tick 60/80
  [..] 000888: tick 70/80
  [..] 000888: tick 80/80
  [..] 000888: cam.listen (skip 20 stale frames)
  [OK] 000888.png  (Town10HD_Opt, MidRainyNoon, sun=37°, dist=13m, lat=+1.0, hdg=+4°, npcs=45)
  [..] 000888: finally start
  [..] 000888: drain tick
  [..] 000888: destroy cam
  [..] 000888: destroy 45 npcs
  [..] 000888: destroy leader
  [..] 000888: destroy follower
  [..] 000888: post-cleanup tick
  [..] 000888: finally end
  [..] 000889: spawn follower
  [..] 000889: spawn leader
  [..] 000889: spawn NPCs (near=15, scattered=30)
  [..] 000889: spawn camera
  [..] 000889: settle (no listener)
  [..] 000889: tick 10/80
  [..] 000889: tick 20/80
  [..] 000889: tick 30/80
  [..] 000889: tick 40/80
  [..] 000889: tick 50/80
  [..] 000889: tick 60/80
  [..] 000889: tick 70/80
  [..] 000889: tick 80/80
  [..] 000889: cam.listen (skip 20 stale frames)
  [OK] 000889.png  (Town10HD_Opt, WetNoon, sun=37°, dist=10m, lat=+1.0, hdg=-4°, npcs=45)
  [..] 000889: finally start
  [..] 000889: drain tick
  [..] 000889: destroy cam
  [..] 000889: destroy 45 npcs
  [..] 000889: destroy leader
  [..] 000889: destroy follower
  [..] 000889: post-cleanup tick
  [..] 000889: finally end
  [SKIP] 000890: no valid lane at shift=-1 from follower lane
  [SKIP] 000890: no valid lane at shift=+1 from follower lane
  [SKIP] 000890: no valid lane at shift=+1 from follower lane
  [SKIP] 000890: no valid lane at shift=+1 from follower lane
  [..] 000890: spawn follower
  [..] 000890: spawn leader
  [..] 000890: spawn NPCs (near=15, scattered=30)
  [..] 000890: spawn camera
  [..] 000890: settle (no listener)
  [..] 000890: tick 10/80
  [..] 000890: tick 20/80
  [..] 000890: tick 30/80
  [..] 000890: tick 40/80
  [..] 000890: tick 50/80
  [..] 000890: tick 60/80
  [..] 000890: tick 70/80
  [..] 000890: tick 80/80
  [..] 000890: cam.listen (skip 20 stale frames)
  [OK] 000890.png  (Town10HD_Opt, MidRainyNoon, sun=31°, dist=18m, lat=+0.0, hdg=+4°, npcs=45)
  [..] 000890: finally start
  [..] 000890: drain tick
  [..] 000890: destroy cam
  [..] 000890: destroy 45 npcs
  [..] 000890: destroy leader
  [..] 000890: destroy follower
  [..] 000890: post-cleanup tick
  [..] 000890: finally end
  [..] 000891: spawn follower
  [..] 000891: spawn leader
  [..] 000891: spawn NPCs (near=15, scattered=30)
  [..] 000891: spawn camera
  [..] 000891: settle (no listener)
  [..] 000891: tick 10/80
  [..] 000891: tick 20/80
  [..] 000891: tick 30/80
  [..] 000891: tick 40/80
  [..] 000891: tick 50/80
  [..] 000891: tick 60/80
  [..] 000891: tick 70/80
  [..] 000891: tick 80/80
  [..] 000891: cam.listen (skip 20 stale frames)
  [OK] 000891.png  (Town10HD_Opt, MidRainyNoon, sun=62°, dist=9m, lat=+1.0, hdg=+4°, npcs=45)
  [..] 000891: finally start
  [..] 000891: drain tick
  [..] 000891: destroy cam
  [..] 000891: destroy 45 npcs
  [..] 000891: destroy leader
  [..] 000891: destroy follower
  [..] 000891: post-cleanup tick
  [..] 000891: finally end
  [..] 000892: spawn follower
  [..] 000892: spawn leader
  [..] 000892: spawn NPCs (near=15, scattered=30)
  [..] 000892: spawn camera
  [..] 000892: settle (no listener)
  [..] 000892: tick 10/80
  [..] 000892: tick 20/80
  [..] 000892: tick 30/80
  [..] 000892: tick 40/80
  [..] 000892: tick 50/80
  [..] 000892: tick 60/80
  [..] 000892: tick 70/80
  [..] 000892: tick 80/80
  [..] 000892: cam.listen (skip 20 stale frames)
  [OK] 000892.png  (Town10HD_Opt, MidRainyNoon, sun=61°, dist=16m, lat=-1.0, hdg=+2°, npcs=45)
  [..] 000892: finally start
  [..] 000892: drain tick
  [..] 000892: destroy cam
  [..] 000892: destroy 45 npcs
  [..] 000892: destroy leader
  [..] 000892: destroy follower
  [..] 000892: post-cleanup tick
  [..] 000892: finally end
  [..] 000893: spawn follower
  [..] 000893: spawn leader
  [..] 000893: spawn NPCs (near=15, scattered=30)
  [..] 000893: spawn camera
  [..] 000893: settle (no listener)
  [..] 000893: tick 10/80
  [..] 000893: tick 20/80
  [..] 000893: tick 30/80
  [..] 000893: tick 40/80
  [..] 000893: tick 50/80
  [..] 000893: tick 60/80
  [..] 000893: tick 70/80
  [..] 000893: tick 80/80
  [..] 000893: cam.listen (skip 20 stale frames)
  [OK] 000893.png  (Town10HD_Opt, WetNoon, sun=26°, dist=15m, lat=+0.0, hdg=-3°, npcs=45)
  [..] 000893: finally start
  [..] 000893: drain tick
  [..] 000893: destroy cam
  [..] 000893: destroy 45 npcs
  [..] 000893: destroy leader
  [..] 000893: destroy follower
  [..] 000893: post-cleanup tick
  [..] 000893: finally end
  [..] 000894: spawn follower
  [..] 000894: spawn leader
  [..] 000894: spawn NPCs (near=15, scattered=30)
  [..] 000894: spawn camera
  [..] 000894: settle (no listener)
  [..] 000894: tick 10/80
  [..] 000894: tick 20/80
  [..] 000894: tick 30/80
  [..] 000894: tick 40/80
  [..] 000894: tick 50/80
  [..] 000894: tick 60/80
  [..] 000894: tick 70/80
  [..] 000894: tick 80/80
  [..] 000894: cam.listen (skip 20 stale frames)
  [OK] 000894.png  (Town10HD_Opt, CloudyNoon, sun=44°, dist=14m, lat=+0.0, hdg=+4°, npcs=45)
  [..] 000894: finally start
  [..] 000894: drain tick
  [..] 000894: destroy cam
  [..] 000894: destroy 45 npcs
  [..] 000894: destroy leader
  [..] 000894: destroy follower
  [..] 000894: post-cleanup tick
  [..] 000894: finally end
  [SKIP] 000895: no valid lane at shift=-1 from follower lane
  [..] 000895: spawn follower
  [..] 000895: spawn leader
  [..] 000895: spawn NPCs (near=15, scattered=30)
  [..] 000895: spawn camera
  [..] 000895: settle (no listener)
  [..] 000895: tick 10/80
  [..] 000895: tick 20/80
  [..] 000895: tick 30/80
  [..] 000895: tick 40/80
  [..] 000895: tick 50/80
  [..] 000895: tick 60/80
  [..] 000895: tick 70/80
  [..] 000895: tick 80/80
  [..] 000895: cam.listen (skip 20 stale frames)
  [OK] 000895.png  (Town10HD_Opt, ClearNoon, sun=64°, dist=7m, lat=+0.0, hdg=+5°, npcs=45)
  [..] 000895: finally start
  [..] 000895: drain tick
  [..] 000895: destroy cam
  [..] 000895: destroy 45 npcs
  [..] 000895: destroy leader
  [..] 000895: destroy follower
  [..] 000895: post-cleanup tick
  [..] 000895: finally end
  [..] 000896: spawn follower
  [..] 000896: spawn leader
  [..] 000896: spawn NPCs (near=15, scattered=30)
  [..] 000896: spawn camera
  [..] 000896: settle (no listener)
  [..] 000896: tick 10/80
  [..] 000896: tick 20/80
  [..] 000896: tick 30/80
  [..] 000896: tick 40/80
  [..] 000896: tick 50/80
  [..] 000896: tick 60/80
  [..] 000896: tick 70/80
  [..] 000896: tick 80/80
  [..] 000896: cam.listen (skip 20 stale frames)
  [OK] 000896.png  (Town10HD_Opt, ClearNoon, sun=57°, dist=12m, lat=+0.0, hdg=-5°, npcs=45)
  [..] 000896: finally start
  [..] 000896: drain tick
  [..] 000896: destroy cam
  [..] 000896: destroy 45 npcs
  [..] 000896: destroy leader
  [..] 000896: destroy follower
  [..] 000896: post-cleanup tick
  [..] 000896: finally end
  [SKIP] 000897: no valid lane at shift=-1 from follower lane
  [..] 000897: spawn follower
  [..] 000897: spawn leader
  [..] 000897: spawn NPCs (near=15, scattered=30)
  [..] 000897: spawn camera
  [..] 000897: settle (no listener)
  [..] 000897: tick 10/80
  [..] 000897: tick 20/80
  [..] 000897: tick 30/80
  [..] 000897: tick 40/80
  [..] 000897: tick 50/80
  [..] 000897: tick 60/80
  [..] 000897: tick 70/80
  [..] 000897: tick 80/80
  [..] 000897: cam.listen (skip 20 stale frames)
  [OK] 000897.png  (Town10HD_Opt, MidRainyNoon, sun=30°, dist=15m, lat=+0.0, hdg=-4°, npcs=45)
  [..] 000897: finally start
  [..] 000897: drain tick
  [..] 000897: destroy cam
  [..] 000897: destroy 45 npcs
  [..] 000897: destroy leader
  [..] 000897: destroy follower
  [..] 000897: post-cleanup tick
  [..] 000897: finally end
  [..] 000898: spawn follower
  [..] 000898: spawn leader
  [..] 000898: spawn NPCs (near=15, scattered=30)
  [..] 000898: spawn camera
  [..] 000898: settle (no listener)
  [..] 000898: tick 10/80
  [..] 000898: tick 20/80
  [..] 000898: tick 30/80
  [..] 000898: tick 40/80
  [..] 000898: tick 50/80
  [..] 000898: tick 60/80
  [..] 000898: tick 70/80
  [..] 000898: tick 80/80
  [..] 000898: cam.listen (skip 20 stale frames)
  [OK] 000898.png  (Town10HD_Opt, WetNoon, sun=59°, dist=17m, lat=+0.0, hdg=-5°, npcs=45)
  [..] 000898: finally start
  [..] 000898: drain tick
  [..] 000898: destroy cam
  [..] 000898: destroy 45 npcs
  [..] 000898: destroy leader
  [..] 000898: destroy follower
  [..] 000898: post-cleanup tick
  [..] 000898: finally end
  [SKIP] 000899: no valid lane at shift=+1 from follower lane
  [..] 000899: spawn follower
  [..] 000899: spawn leader
  [..] 000899: spawn NPCs (near=15, scattered=30)
  [..] 000899: spawn camera
  [..] 000899: settle (no listener)
  [..] 000899: tick 10/80
  [..] 000899: tick 20/80
  [..] 000899: tick 30/80
  [..] 000899: tick 40/80
  [..] 000899: tick 50/80
  [..] 000899: tick 60/80
  [..] 000899: tick 70/80
  [..] 000899: tick 80/80
  [..] 000899: cam.listen (skip 20 stale frames)
  [OK] 000899.png  (Town10HD_Opt, MidRainyNoon, sun=31°, dist=17m, lat=-1.0, hdg=+1°, npcs=45)
  [..] 000899: finally start
  [..] 000899: drain tick
  [..] 000899: destroy cam
  [..] 000899: destroy 45 npcs
  [..] 000899: destroy leader
  [..] 000899: destroy follower
  [..] 000899: post-cleanup tick
  [..] 000899: finally end
  [..] 000900: spawn follower
  [..] 000900: spawn leader
  [..] 000900: spawn NPCs (near=15, scattered=30)
  [..] 000900: spawn camera
  [..] 000900: settle (no listener)
  [..] 000900: tick 10/80
  [..] 000900: tick 20/80
  [..] 000900: tick 30/80
  [..] 000900: tick 40/80
  [..] 000900: tick 50/80
  [..] 000900: tick 60/80
  [..] 000900: tick 70/80
  [..] 000900: tick 80/80
  [..] 000900: cam.listen (skip 20 stale frames)
  [OK] 000900.png  (Town10HD_Opt, MidRainyNoon, sun=68°, dist=7m, lat=+0.0, hdg=+3°, npcs=45)
  [..] 000900: finally start
  [..] 000900: drain tick
  [..] 000900: destroy cam
  [..] 000900: destroy 45 npcs
  [..] 000900: destroy leader
  [..] 000900: destroy follower
  [..] 000900: post-cleanup tick
  [..] 000900: finally end
  [SKIP] 000901: no valid lane at shift=+1 from follower lane
  [..] 000901: spawn follower
  [..] 000901: spawn leader
  [..] 000901: spawn NPCs (near=15, scattered=30)
  [..] 000901: spawn camera
  [..] 000901: settle (no listener)
  [..] 000901: tick 10/80
  [..] 000901: tick 20/80
  [..] 000901: tick 30/80
  [..] 000901: tick 40/80
  [..] 000901: tick 50/80
  [..] 000901: tick 60/80
  [..] 000901: tick 70/80
  [..] 000901: tick 80/80
  [..] 000901: cam.listen (skip 20 stale frames)
  [OK] 000901.png  (Town10HD_Opt, WetNoon, sun=42°, dist=11m, lat=+1.0, hdg=+4°, npcs=45)
  [..] 000901: finally start
  [..] 000901: drain tick
  [..] 000901: destroy cam
  [..] 000901: destroy 45 npcs
  [..] 000901: destroy leader
  [..] 000901: destroy follower
  [..] 000901: post-cleanup tick
  [..] 000901: finally end
  [..] 000902: spawn follower
  [..] 000902: spawn leader
  [..] 000902: spawn NPCs (near=15, scattered=30)
  [..] 000902: spawn camera
  [..] 000902: settle (no listener)
  [..] 000902: tick 10/80
  [..] 000902: tick 20/80
  [..] 000902: tick 30/80
  [..] 000902: tick 40/80
  [..] 000902: tick 50/80
  [..] 000902: tick 60/80
  [..] 000902: tick 70/80
  [..] 000902: tick 80/80
  [..] 000902: cam.listen (skip 20 stale frames)
  [OK] 000902.png  (Town10HD_Opt, WetNoon, sun=35°, dist=7m, lat=+0.0, hdg=+4°, npcs=45)
  [..] 000902: finally start
  [..] 000902: drain tick
  [..] 000902: destroy cam
  [..] 000902: destroy 45 npcs
  [..] 000902: destroy leader
  [..] 000902: destroy follower
  [..] 000902: post-cleanup tick
  [..] 000902: finally end
  [..] 000903: spawn follower
  [..] 000903: spawn leader
  [..] 000903: spawn NPCs (near=15, scattered=30)
  [..] 000903: spawn camera
  [..] 000903: settle (no listener)
  [..] 000903: tick 10/80
  [..] 000903: tick 20/80
  [..] 000903: tick 30/80
  [..] 000903: tick 40/80
  [..] 000903: tick 50/80
  [..] 000903: tick 60/80
  [..] 000903: tick 70/80
  [..] 000903: tick 80/80
  [..] 000903: cam.listen (skip 20 stale frames)
  [OK] 000903.png  (Town10HD_Opt, WetNoon, sun=55°, dist=10m, lat=+0.0, hdg=-1°, npcs=45)
  [..] 000903: finally start
  [..] 000903: drain tick
  [..] 000903: destroy cam
  [..] 000903: destroy 45 npcs
  [..] 000903: destroy leader
  [..] 000903: destroy follower
  [..] 000903: post-cleanup tick
  [..] 000903: finally end
  [..] 000904: spawn follower
  [..] 000904: spawn leader
  [..] 000904: spawn NPCs (near=15, scattered=30)
  [..] 000904: spawn camera
  [..] 000904: settle (no listener)
  [..] 000904: tick 10/80
  [..] 000904: tick 20/80
  [..] 000904: tick 30/80
  [..] 000904: tick 40/80
  [..] 000904: tick 50/80
  [..] 000904: tick 60/80
  [..] 000904: tick 70/80
  [..] 000904: tick 80/80
  [..] 000904: cam.listen (skip 20 stale frames)
  [OK] 000904.png  (Town10HD_Opt, ClearNoon, sun=66°, dist=13m, lat=+1.0, hdg=-2°, npcs=45)
  [..] 000904: finally start
  [..] 000904: drain tick
  [..] 000904: destroy cam
  [..] 000904: destroy 45 npcs
  [..] 000904: destroy leader
  [..] 000904: destroy follower
  [..] 000904: post-cleanup tick
  [..] 000904: finally end
  [SKIP] 000905: no valid lane at shift=+1 from follower lane
  [SKIP] 000905: no valid lane at shift=-1 from follower lane
  [..] 000905: spawn follower
  [..] 000905: spawn leader
  [..] 000905: spawn NPCs (near=15, scattered=30)
  [..] 000905: spawn camera
  [..] 000905: settle (no listener)
  [..] 000905: tick 10/80
  [..] 000905: tick 20/80
  [..] 000905: tick 30/80
  [..] 000905: tick 40/80
  [..] 000905: tick 50/80
  [..] 000905: tick 60/80
  [..] 000905: tick 70/80
  [..] 000905: tick 80/80
  [..] 000905: cam.listen (skip 20 stale frames)
  [OK] 000905.png  (Town10HD_Opt, WetNoon, sun=39°, dist=7m, lat=+0.0, hdg=+1°, npcs=45)
  [..] 000905: finally start
  [..] 000905: drain tick
  [..] 000905: destroy cam
  [..] 000905: destroy 45 npcs
  [..] 000905: destroy leader
  [..] 000905: destroy follower
  [..] 000905: post-cleanup tick
  [..] 000905: finally end
  [..] 000906: spawn follower
  [..] 000906: spawn leader
  [..] 000906: spawn NPCs (near=15, scattered=30)
  [..] 000906: spawn camera
  [..] 000906: settle (no listener)
  [..] 000906: tick 10/80
  [..] 000906: tick 20/80
  [..] 000906: tick 30/80
  [..] 000906: tick 40/80
  [..] 000906: tick 50/80
  [..] 000906: tick 60/80
  [..] 000906: tick 70/80
  [..] 000906: tick 80/80
  [..] 000906: cam.listen (skip 20 stale frames)
  [OK] 000906.png  (Town10HD_Opt, MidRainyNoon, sun=42°, dist=15m, lat=+1.0, hdg=-4°, npcs=45)
  [..] 000906: finally start
  [..] 000906: drain tick
  [..] 000906: destroy cam
  [..] 000906: destroy 45 npcs
  [..] 000906: destroy leader
  [..] 000906: destroy follower
  [..] 000906: post-cleanup tick
  [..] 000906: finally end
  [..] 000907: spawn follower
  [..] 000907: spawn leader
  [..] 000907: spawn NPCs (near=15, scattered=30)
  [..] 000907: spawn camera
  [..] 000907: settle (no listener)
  [..] 000907: tick 10/80
  [..] 000907: tick 20/80
  [..] 000907: tick 30/80
  [..] 000907: tick 40/80
  [..] 000907: tick 50/80
  [..] 000907: tick 60/80
  [..] 000907: tick 70/80
  [..] 000907: tick 80/80
  [..] 000907: cam.listen (skip 20 stale frames)
  [OK] 000907.png  (Town10HD_Opt, CloudyNoon, sun=34°, dist=13m, lat=+1.0, hdg=-4°, npcs=45)
  [..] 000907: finally start
  [..] 000907: drain tick
  [..] 000907: destroy cam
  [..] 000907: destroy 45 npcs
  [..] 000907: destroy leader
  [..] 000907: destroy follower
  [..] 000907: post-cleanup tick
  [..] 000907: finally end
  [..] 000908: spawn follower
  [..] 000908: spawn leader
  [..] 000908: spawn NPCs (near=15, scattered=30)
  [..] 000908: spawn camera
  [..] 000908: settle (no listener)
  [..] 000908: tick 10/80
  [..] 000908: tick 20/80
  [..] 000908: tick 30/80
  [..] 000908: tick 40/80
  [..] 000908: tick 50/80
  [..] 000908: tick 60/80
  [..] 000908: tick 70/80
  [..] 000908: tick 80/80
  [..] 000908: cam.listen (skip 20 stale frames)
  [OK] 000908.png  (Town10HD_Opt, ClearNoon, sun=59°, dist=8m, lat=+0.0, hdg=+0°, npcs=45)
  [..] 000908: finally start
  [..] 000908: drain tick
  [..] 000908: destroy cam
  [..] 000908: destroy 45 npcs
  [..] 000908: destroy leader
  [..] 000908: destroy follower
  [..] 000908: post-cleanup tick
  [..] 000908: finally end
  [..] 000909: spawn follower
  [..] 000909: spawn leader
  [..] 000909: spawn NPCs (near=15, scattered=30)
  [..] 000909: spawn camera
  [..] 000909: settle (no listener)
  [..] 000909: tick 10/80
  [..] 000909: tick 20/80
  [..] 000909: tick 30/80
  [..] 000909: tick 40/80
  [..] 000909: tick 50/80
  [..] 000909: tick 60/80
  [..] 000909: tick 70/80
  [..] 000909: tick 80/80
  [..] 000909: cam.listen (skip 20 stale frames)
  [OK] 000909.png  (Town10HD_Opt, MidRainyNoon, sun=49°, dist=16m, lat=+0.0, hdg=-4°, npcs=45)
  [..] 000909: finally start
  [..] 000909: drain tick
  [..] 000909: destroy cam
  [..] 000909: destroy 45 npcs
  [..] 000909: destroy leader
  [..] 000909: destroy follower
  [..] 000909: post-cleanup tick
  [..] 000909: finally end
  [SKIP] 000910: no valid lane at shift=+1 from follower lane
  [..] 000910: spawn follower
  [..] 000910: spawn leader
  [..] 000910: spawn NPCs (near=15, scattered=30)
  [..] 000910: spawn camera
  [..] 000910: settle (no listener)
  [..] 000910: tick 10/80
  [..] 000910: tick 20/80
  [..] 000910: tick 30/80
  [..] 000910: tick 40/80
  [..] 000910: tick 50/80
  [..] 000910: tick 60/80
  [..] 000910: tick 70/80
  [..] 000910: tick 80/80
  [..] 000910: cam.listen (skip 20 stale frames)
  [OK] 000910.png  (Town10HD_Opt, ClearNoon, sun=65°, dist=8m, lat=-1.0, hdg=+2°, npcs=45)
  [..] 000910: finally start
  [..] 000910: drain tick
  [..] 000910: destroy cam
  [..] 000910: destroy 45 npcs
  [..] 000910: destroy leader
  [..] 000910: destroy follower
  [..] 000910: post-cleanup tick
  [..] 000910: finally end
  [..] 000911: spawn follower
  [..] 000911: spawn leader
  [..] 000911: spawn NPCs (near=15, scattered=30)
  [..] 000911: spawn camera
  [..] 000911: settle (no listener)
  [..] 000911: tick 10/80
  [..] 000911: tick 20/80
  [..] 000911: tick 30/80
  [..] 000911: tick 40/80
  [..] 000911: tick 50/80
  [..] 000911: tick 60/80
  [..] 000911: tick 70/80
  [..] 000911: tick 80/80
  [..] 000911: cam.listen (skip 20 stale frames)
  [OK] 000911.png  (Town10HD_Opt, WetNoon, sun=47°, dist=17m, lat=-1.0, hdg=-4°, npcs=45)
  [..] 000911: finally start
  [..] 000911: drain tick
  [..] 000911: destroy cam
  [..] 000911: destroy 45 npcs
  [..] 000911: destroy leader
  [..] 000911: destroy follower
  [..] 000911: post-cleanup tick
  [..] 000911: finally end
  [..] 000912: spawn follower
  [..] 000912: spawn leader
  [..] 000912: spawn NPCs (near=15, scattered=30)
  [..] 000912: spawn camera
  [..] 000912: settle (no listener)
  [..] 000912: tick 10/80
  [..] 000912: tick 20/80
  [..] 000912: tick 30/80
  [..] 000912: tick 40/80
  [..] 000912: tick 50/80
  [..] 000912: tick 60/80
  [..] 000912: tick 70/80
  [..] 000912: tick 80/80
  [..] 000912: cam.listen (skip 20 stale frames)
  [OK] 000912.png  (Town10HD_Opt, ClearNoon, sun=41°, dist=7m, lat=-1.0, hdg=+4°, npcs=45)
  [..] 000912: finally start
  [..] 000912: drain tick
  [..] 000912: destroy cam
  [..] 000912: destroy 45 npcs
  [..] 000912: destroy leader
  [..] 000912: destroy follower
  [..] 000912: post-cleanup tick
  [..] 000912: finally end
  [SKIP] 000913: no valid lane at shift=+1 from follower lane
  [SKIP] 000913: no valid lane at shift=+1 from follower lane
  [SKIP] 000913: no valid lane at shift=+1 from follower lane
  [SKIP] 000913: no valid lane at shift=+1 from follower lane
  [..] 000913: spawn follower
  [..] 000913: spawn leader
  [..] 000913: spawn NPCs (near=15, scattered=30)
  [..] 000913: spawn camera
  [..] 000913: settle (no listener)
  [..] 000913: tick 10/80
  [..] 000913: tick 20/80
  [..] 000913: tick 30/80
  [..] 000913: tick 40/80
  [..] 000913: tick 50/80
  [..] 000913: tick 60/80
  [..] 000913: tick 70/80
  [..] 000913: tick 80/80
  [..] 000913: cam.listen (skip 20 stale frames)
  [OK] 000913.png  (Town10HD_Opt, WetNoon, sun=39°, dist=15m, lat=-1.0, hdg=-5°, npcs=45)
  [..] 000913: finally start
  [..] 000913: drain tick
  [..] 000913: destroy cam
  [..] 000913: destroy 45 npcs
  [..] 000913: destroy leader
  [..] 000913: destroy follower
  [..] 000913: post-cleanup tick
  [..] 000913: finally end
  [..] 000914: spawn follower
  [..] 000914: spawn leader
  [..] 000914: spawn NPCs (near=15, scattered=30)
  [..] 000914: spawn camera
  [..] 000914: settle (no listener)
  [..] 000914: tick 10/80
  [..] 000914: tick 20/80
  [..] 000914: tick 30/80
  [..] 000914: tick 40/80
  [..] 000914: tick 50/80
  [..] 000914: tick 60/80
  [..] 000914: tick 70/80
  [..] 000914: tick 80/80
  [..] 000914: cam.listen (skip 20 stale frames)
  [OK] 000914.png  (Town10HD_Opt, WetNoon, sun=58°, dist=13m, lat=+0.0, hdg=+1°, npcs=45)
  [..] 000914: finally start
  [..] 000914: drain tick
  [..] 000914: destroy cam
  [..] 000914: destroy 45 npcs
  [..] 000914: destroy leader
  [..] 000914: destroy follower
  [..] 000914: post-cleanup tick
  [..] 000914: finally end
  [SKIP] 000915: no valid lane at shift=+1 from follower lane
  [SKIP] 000915: no valid lane at shift=-1 from follower lane
  [..] 000915: spawn follower
  [..] 000915: spawn leader
  [..] 000915: spawn NPCs (near=15, scattered=30)
  [..] 000915: spawn camera
  [..] 000915: settle (no listener)
  [..] 000915: tick 10/80
  [..] 000915: tick 20/80
  [..] 000915: tick 30/80
  [..] 000915: tick 40/80
  [..] 000915: tick 50/80
  [..] 000915: tick 60/80
  [..] 000915: tick 70/80
  [..] 000915: tick 80/80
  [..] 000915: cam.listen (skip 20 stale frames)
  [OK] 000915.png  (Town10HD_Opt, MidRainyNoon, sun=54°, dist=15m, lat=+0.0, hdg=-2°, npcs=45)
  [..] 000915: finally start
  [..] 000915: drain tick
  [..] 000915: destroy cam
  [..] 000915: destroy 45 npcs
  [..] 000915: destroy leader
  [..] 000915: destroy follower
  [..] 000915: post-cleanup tick
  [..] 000915: finally end
  [SKIP] 000916: no valid lane at shift=+1 from follower lane
  [SKIP] 000916: no valid lane at shift=+1 from follower lane
  [..] 000916: spawn follower
  [..] 000916: spawn leader
  [..] 000916: spawn NPCs (near=15, scattered=30)
  [..] 000916: spawn camera
  [..] 000916: settle (no listener)
  [..] 000916: tick 10/80
  [..] 000916: tick 20/80
  [..] 000916: tick 30/80
  [..] 000916: tick 40/80
  [..] 000916: tick 50/80
  [..] 000916: tick 60/80
  [..] 000916: tick 70/80
  [..] 000916: tick 80/80
  [..] 000916: cam.listen (skip 20 stale frames)
  [OK] 000916.png  (Town10HD_Opt, CloudyNoon, sun=56°, dist=12m, lat=-1.0, hdg=-4°, npcs=45)
  [..] 000916: finally start
  [..] 000916: drain tick
  [..] 000916: destroy cam
  [..] 000916: destroy 45 npcs
  [..] 000916: destroy leader
  [..] 000916: destroy follower
  [..] 000916: post-cleanup tick
  [..] 000916: finally end
  [SKIP] 000917: no valid lane at shift=+1 from follower lane
  [..] 000917: spawn follower
  [..] 000917: spawn leader
  [..] 000917: spawn NPCs (near=15, scattered=30)
  [..] 000917: spawn camera
  [..] 000917: settle (no listener)
  [..] 000917: tick 10/80
  [..] 000917: tick 20/80
  [..] 000917: tick 30/80
  [..] 000917: tick 40/80
  [..] 000917: tick 50/80
  [..] 000917: tick 60/80
  [..] 000917: tick 70/80
  [..] 000917: tick 80/80
  [..] 000917: cam.listen (skip 20 stale frames)
  [OK] 000917.png  (Town10HD_Opt, MidRainyNoon, sun=39°, dist=11m, lat=-1.0, hdg=-2°, npcs=45)
  [..] 000917: finally start
  [..] 000917: drain tick
  [..] 000917: destroy cam
  [..] 000917: destroy 45 npcs
  [..] 000917: destroy leader
  [..] 000917: destroy follower
  [..] 000917: post-cleanup tick
  [..] 000917: finally end
  [SKIP] 000918: no valid lane at shift=-1 from follower lane
  [..] 000918: spawn follower
  [..] 000918: spawn leader
  [..] 000918: spawn NPCs (near=15, scattered=30)
  [..] 000918: spawn camera
  [..] 000918: settle (no listener)
  [..] 000918: tick 10/80
  [..] 000918: tick 20/80
  [..] 000918: tick 30/80
  [..] 000918: tick 40/80
  [..] 000918: tick 50/80
  [..] 000918: tick 60/80
  [..] 000918: tick 70/80
  [..] 000918: tick 80/80
  [..] 000918: cam.listen (skip 20 stale frames)
  [OK] 000918.png  (Town10HD_Opt, CloudyNoon, sun=34°, dist=14m, lat=-1.0, hdg=-3°, npcs=45)
  [..] 000918: finally start
  [..] 000918: drain tick
  [..] 000918: destroy cam
  [..] 000918: destroy 45 npcs
  [..] 000918: destroy leader
  [..] 000918: destroy follower
  [..] 000918: post-cleanup tick
  [..] 000918: finally end
  [SKIP] 000919: no valid lane at shift=+1 from follower lane
  [SKIP] 000919: no valid lane at shift=+1 from follower lane
  [..] 000919: spawn follower
  [..] 000919: spawn leader
  [..] 000919: spawn NPCs (near=15, scattered=30)
  [..] 000919: spawn camera
  [..] 000919: settle (no listener)
  [..] 000919: tick 10/80
  [..] 000919: tick 20/80
  [..] 000919: tick 30/80
  [..] 000919: tick 40/80
  [..] 000919: tick 50/80
  [..] 000919: tick 60/80
  [..] 000919: tick 70/80
  [..] 000919: tick 80/80
  [..] 000919: cam.listen (skip 20 stale frames)
  [OK] 000919.png  (Town10HD_Opt, WetNoon, sun=42°, dist=12m, lat=+0.0, hdg=-2°, npcs=45)
  [..] 000919: finally start
  [..] 000919: drain tick
  [..] 000919: destroy cam
  [..] 000919: destroy 45 npcs
  [..] 000919: destroy leader
  [..] 000919: destroy follower
  [..] 000919: post-cleanup tick
  [..] 000919: finally end
  [..] 000920: spawn follower
  [..] 000920: spawn leader
  [..] 000920: spawn NPCs (near=15, scattered=30)
  [..] 000920: spawn camera
  [..] 000920: settle (no listener)
  [..] 000920: tick 10/80
  [..] 000920: tick 20/80
  [..] 000920: tick 30/80
  [..] 000920: tick 40/80
  [..] 000920: tick 50/80
  [..] 000920: tick 60/80
  [..] 000920: tick 70/80
  [..] 000920: tick 80/80
  [..] 000920: cam.listen (skip 20 stale frames)
  [OK] 000920.png  (Town10HD_Opt, WetNoon, sun=49°, dist=12m, lat=-1.0, hdg=+1°, npcs=45)
  [..] 000920: finally start
  [..] 000920: drain tick
  [..] 000920: destroy cam
  [..] 000920: destroy 45 npcs
  [..] 000920: destroy leader
  [..] 000920: destroy follower
  [..] 000920: post-cleanup tick
  [..] 000920: finally end
  [..] 000921: spawn follower
  [..] 000921: spawn leader
  [..] 000921: spawn NPCs (near=15, scattered=30)
  [..] 000921: spawn camera
  [..] 000921: settle (no listener)
  [..] 000921: tick 10/80
  [..] 000921: tick 20/80
  [..] 000921: tick 30/80
  [..] 000921: tick 40/80
  [..] 000921: tick 50/80
  [..] 000921: tick 60/80
  [..] 000921: tick 70/80
  [..] 000921: tick 80/80
  [..] 000921: cam.listen (skip 20 stale frames)
  [OK] 000921.png  (Town10HD_Opt, ClearNoon, sun=26°, dist=12m, lat=+0.0, hdg=-3°, npcs=45)
  [..] 000921: finally start
  [..] 000921: drain tick
  [..] 000921: destroy cam
  [..] 000921: destroy 45 npcs
  [..] 000921: destroy leader
  [..] 000921: destroy follower
  [..] 000921: post-cleanup tick
  [..] 000921: finally end
  [..] 000922: spawn follower
  [..] 000922: spawn leader
  [..] 000922: spawn NPCs (near=15, scattered=30)
  [..] 000922: spawn camera
  [..] 000922: settle (no listener)
  [..] 000922: tick 10/80
  [..] 000922: tick 20/80
  [..] 000922: tick 30/80
  [..] 000922: tick 40/80
  [..] 000922: tick 50/80
  [..] 000922: tick 60/80
  [..] 000922: tick 70/80
  [..] 000922: tick 80/80
  [..] 000922: cam.listen (skip 20 stale frames)
  [OK] 000922.png  (Town10HD_Opt, CloudyNoon, sun=50°, dist=14m, lat=+0.0, hdg=-4°, npcs=45)
  [..] 000922: finally start
  [..] 000922: drain tick
  [..] 000922: destroy cam
  [..] 000922: destroy 45 npcs
  [..] 000922: destroy leader
  [..] 000922: destroy follower
  [..] 000922: post-cleanup tick
  [..] 000922: finally end
  [SKIP] 000923: no valid lane at shift=-1 from follower lane
  [..] 000923: spawn follower
  [..] 000923: spawn leader
  [..] 000923: spawn NPCs (near=15, scattered=30)
  [..] 000923: spawn camera
  [..] 000923: settle (no listener)
  [..] 000923: tick 10/80
  [..] 000923: tick 20/80
  [..] 000923: tick 30/80
  [..] 000923: tick 40/80
  [..] 000923: tick 50/80
  [..] 000923: tick 60/80
  [..] 000923: tick 70/80
  [..] 000923: tick 80/80
  [..] 000923: cam.listen (skip 20 stale frames)
  [OK] 000923.png  (Town10HD_Opt, WetNoon, sun=42°, dist=13m, lat=+1.0, hdg=-3°, npcs=45)
  [..] 000923: finally start
  [..] 000923: drain tick
  [..] 000923: destroy cam
  [..] 000923: destroy 45 npcs
  [..] 000923: destroy leader
  [..] 000923: destroy follower
  [..] 000923: post-cleanup tick
  [..] 000923: finally end
  [..] 000924: spawn follower
  [..] 000924: spawn leader
  [..] 000924: spawn NPCs (near=15, scattered=30)
  [..] 000924: spawn camera
  [..] 000924: settle (no listener)
  [..] 000924: tick 10/80
  [..] 000924: tick 20/80
  [..] 000924: tick 30/80
  [..] 000924: tick 40/80
  [..] 000924: tick 50/80
  [..] 000924: tick 60/80
  [..] 000924: tick 70/80
  [..] 000924: tick 80/80
  [..] 000924: cam.listen (skip 20 stale frames)
  [OK] 000924.png  (Town10HD_Opt, WetNoon, sun=43°, dist=8m, lat=-1.0, hdg=-2°, npcs=45)
  [..] 000924: finally start
  [..] 000924: drain tick
  [..] 000924: destroy cam
  [..] 000924: destroy 45 npcs
  [..] 000924: destroy leader
  [..] 000924: destroy follower
  [..] 000924: post-cleanup tick
  [..] 000924: finally end

Done. 924 frame(s) saved → data/chroma_key_dataset/capture_20260609_014138_marker
   Town10HD_Opt           200 / 200  [OK]
Index: data/chroma_key_dataset/capture_20260609_014138_marker/captures_index.csv
[02:08:29] DONE
>>> stopping CARLA
 168917
>>> ALL TOWNS DONE.
>>> Run directory: data/chroma_key_dataset/capture_20260609_014138_marker
>>> PNG count   : 924
